0.0,0.0,198,140,147,0,599
0.0,1.0,124,158,123,1,581
1.0,1.0,236,155,181,2,570
1.0,0.0,158,124,125,3,606
0.30142199999999997,0.5031032,162,236,181,4,5
0.30217,0.5041536,125,156,158,6,5
0.30301249999999996,0.5051984,156,153,152,6,7
0.3039615,0.50622,121,167,120,7,8
0.30502,0.5072248,149,141,157,8,9
0.3061935,0.508216,123,158,164,9,10
0.3074905,0.509188,157,153,149,11,10
0.3089125,0.5101528,122,164,168,11,12
0.3104655,0.5111168,120,167,183,12,13
0.3121565,0.5120832,182,118,119,13,14
0.3139935,0.5130544,147,140,142,14,15
0.315983,0.5140344,152,169,158,16,15
0.3181325,0.5150264,136,137,155,16,17
0.320451,0.5160256,130,142,140,18,17
0.322948,0.5170256,144,146,148,18,19
0.32563,0.5180304,131,132,144,20,19
0.3285045,0.5190472,146,145,148,20,21
0.33157949999999997,0.5200776,127,153,126,21,22
0.33486299999999997,0.52112,148,147,142,23,22
0.3383635,0.5221688,141,128,129,23,24
0.3420885,0.5232256,141,149,128,24,25
0.34604599999999996,0.5242912,147,206,198,25,26
0.3502435,0.5253648,132,146,144,27,26
0.35468849999999996,0.5264432,127,149,153,27,28
0.35938899999999996,0.5275232,141,129,140,28,29
0.364352,0.528604,140,154,141,29,30
0.3695845,0.5296864,161,143,236,30,31
0.375092,0.530772,144,142,131,31,32
0.3808815,0.5318552,273,329,339,32,33
0.3869595,0.5329312,108,208,107,33,34
0.393332,0.5339936,172,7,8,35,34
0.40000349999999996,0.5350384,237,260,110,35,36
0.406979,0.5360616,158,169,164,37,36
0.4142625,0.5370584,260,109,110,37,38
0.4218575,0.5380248,199,138,241,38,39
0.429766,0.5389536,276,299,104,39,40
0.43799049999999995,0.53984,167,121,168,41,40
0.446531,0.5406768,105,106,277,41,42
0.455388,0.5414584,164,167,168,42,43
0.46456,0.5421816,105,276,104,43,44
0.47404349999999995,0.5428448,277,106,107,45,44
0.4838345,0.5434416,10,176,9,45,46
0.493928,0.5439672,123,164,122,47,46
0.504316,0.5444288,201,117,118,47,48
0.5149895,0.5448184,152,153,157,48,49
0.525938,0.5450864,183,119,120,49,50
0.537148,0.5452136,140,198,154,50,51
0.5486035,0.5452152,182,201,118,52,51
0.5602864999999999,0.545108,165,166,246,53,52
0.5721755,0.5448616,238,111,112,53,54
0.5842465,0.5444248,155,236,151,54,55
0.596471,0.5437848,115,218,114,55,56
0.6088205,0.5430192,114,217,113,56,57
0.6212610000000001,0.542112,177,186,171,57,58
0.6337524999999999,0.5409824,162,161,236,58,59
0.6462505000000001,0.5395992000000001,113,238,112,59,60
0.6710849999999999,0.536256,117,201,116,61,60
0.6953305,0.5319784,164,169,234,61,62
0.729493,0.5242424,125,126,156,62,63
0.749976,0.5184,237,110,111,63,64
0.767864,0.51264,300,208,264,64,65
0.782451,0.50792,178,174,176,65,66
0.792943,0.50408,129,130,140,67,66
0.8,0.5016,142,144,148,67,68
0.7928934999999999,0.49966,328,67,428,69,68
0.7823545000000001,0.4993552,4,246,163,69,70
0.7677385,0.4985488,142,130,131,70,71
0.7498465,0.4971656,151,143,135,71,72
0.7294375,0.4949088,128,149,127,72,73
0.707187,0.4919192,161,145,143,73,74
0.6836899999999999,0.4883176,165,5,6,74,75
0.6594724999999999,0.4842784,146,132,133,75,76
0.6349834999999999,0.4796104,135,143,134,76,77
0.6105565,0.474964,126,153,156,77,78
0.58646,0.4709032,138,180,137,78,79
0.5629325000000001,0.4677088,165,246,5,79,80
0.551447,0.4664728,165,171,166,80,81
0.5401765,0.4654944,134,145,133,81,82
0.5291405,0.4647696,165,6,170,82,83
0.5183565,0.4642864,173,171,170,83,84
0.5078389999999999,0.4640168,145,161,148,84,85
0.49760099999999996,0.4639256,7,170,6,85,86
0.4876525,0.463984,176,174,9,86,87
0.478001,0.4641704,133,145,146,87,88
0.4686525,0.4644648,148,161,150,88,89
0.459611,0.464852,143,145,134,89,90
0.4508795,0.4653192,185,175,178,90,91
0.442459,0.4658536,170,171,165,91,92
0.4343505,0.46644399999999997,141,154,157,92,93
0.4265525,0.4670816,172,175,173,93,94
0.4190635,0.4677584,246,166,163,94,95
0.411881,0.4684688,205,195,197,95,96
0.405002,0.4692088,121,122,168,96,97
0.3984225,0.469972,4,163,241,97,98
0.39213749999999997,0.4707552,178,190,185,98,99
0.386142,0.4715544,157,159,152,99,100
0.3804305,0.4723672,195,192,197,100,101
0.374998,0.4731904,235,295,181,101,102
0.3698365,0.4740216,5,246,4,102,103
0.36494099999999996,0.474856,175,177,173,103,104
0.3603035,0.4756928,233,231,228,104,105
0.355917,0.4765288,156,152,158,105,106
0.351774,0.4773632,159,157,154,106,107
0.3478675,0.4781928,169,152,159,107,108
0.34418899999999997,0.4790144,272,282,284,108,109
0.340731,0.479828,210,197,196,109,110
0.3374855,0.4806288,115,116,200,110,111
0.33444399999999996,0.4814192,185,190,193,111,112
0.331599,0.4821984,295,162,181,112,113
0.3289415,0.4829624,188,195,191,113,114
0.3264635,0.4837088,247,252,255,115,114
0.3241555,0.4844368,236,143,151,115,116
0.3220105,0.4851464,223,205,221,116,117
0.3200195,0.48584,180,199,202,117,118
0.31817449999999997,0.4865184,206,147,150,118,119
0.31646599999999997,0.4871768,232,244,247,119,120
0.314886,0.4878152,282,279,285,120,121
0.31342549999999997,0.488432,218,115,200,121,122
0.31207599999999996,0.489032,173,170,172,122,123
0.3108295,0.4896136,216,159,179,123,124
0.3096775,0.4901784,240,230,231,124,125
0.3086105,0.4907256,258,280,307,125,126
0.30762049999999996,0.4912584,217,238,113,126,127
0.3067,0.4917816,226,230,221,127,128
0.305841,0.4923008,169,159,216,128,129
0.3050365,0.4928208,247,244,252,129,130
0.30427899999999997,0.493348,181,180,202,130,131
0.3035635,0.4938896,203,193,190,131,132
0.30288149999999997,0.4944552,174,175,172,132,133
0.3022275,0.495056,257,255,269,133,134
0.3016125,0.495728,171,173,177,135,134
0.3010575,0.4965224,136,155,151,135,136
0.30052,0.4973808,179,154,198,137,136
0.3000875,0.4984008,481,91,92,137,138
0.3000385,0.4996536,210,196,204,4,241
1.0,0.5,332,93,359,139,555
0.30372316983676856,0.4917415614688016,260,108,109,160,578
0.30487138151830234,0.4916830154932197,86,378,390,241,138
0.3032935706128528,0.49278958175497817,222,210,214,516,529
0.30052995164631224,0.49556276062903226,90,437,347,389,594
0.30268345732025614,0.4935224227942268,222,213,210,533,607
0.30105876933752823,0.49460382015264864,90,91,437,348,572
0.3020022628249338,0.4941544629951843,88,89,476,551,589
0.3016893889701894,0.4920744397165892,199,209,202,529,139
0.30169250864853436,0.49313751309716414,83,396,82,555,533
0.30581010318353924,0.4912794880097462,196,14,204,569,596
0.3004642031622091,0.492609576395269,171,186,166,549,574
0.3000180352095892,0.4964690054055851,315,99,100,574,348
0.30717099258162045,0.48923700310774065,176,184,187,578,551
0.30670897777811046,0.49072604724722996,102,298,304,532,579
0.30462539944239836,0.4898171572007888,200,207,259,579,389
0.29929300166150374,0.49746222288588265,297,100,101,517,592
0.3076299796970615,0.49019561398306943,197,192,196,561,602
0.30572614458246683,0.49013644903695053,359,94,340,589,1
0.30864477379484,0.48912053812752765,235,202,209,592,160
0.3056377315204626,0.48838421719658237,314,334,97,594,561
0.0,0.5,333,95,96,596,0
0.30001637019881744,0.49386929746195174,177,185,193,572,569
0.2980071487440064,0.49244555262658646,191,184,188,581,532
0.29886788148316923,0.5025737784134447,340,95,333,570,516
0.3104217336439011,0.4871130993674736,314,97,98,602,2
0.30143078254535066,0.5056117712773182,195,188,192,599,517
0.29915370331846947,0.506014601267992,194,195,212,606,549
0.3130623337543985,0.48553453640288413,93,332,92,607,3
0.3121226406567285,0.4873192774020921,163,166,209,x,x
0.30770142290708796,0.4865661630933206,476,347,397,x,x
0.30253277712162235,0.506595611033262,148,150,147,x,x
0.3002377033545344,0.5080572235357379,84,85,404,x,x
0.3035816271091765,0.5076801095739816,87,88,447,x,x
0.3019482049338456,0.5082104036371504,15,16,211,x,x
0.30471851001714356,0.5087720037327301,379,354,407,x,x
0.30318298150259543,0.5092329901009458,346,84,404,x,x
0.3059720100513181,0.5098628816496301,12,192,188,x,x
0.3008553724699588,0.5107867941318317,476,89,347,x,x
0.3043787213337005,0.5104280676982283,460,502,484,x,x
0.30259135815397975,0.4873061016926885,232,233,228,x,x
0.29846949239171244,0.4989648741117448,79,80,502,x,x
0.296472526173239,0.496893479066234,190,187,194,x,x
0.3161530884304409,0.4838189008177526,502,78,79,x,x
0.31500966489311305,0.48584686236077473,12,13,192,x,x
0.30735209098372784,0.510922327468013,216,234,169,x,x
0.3026528567121762,0.5109591486664316,440,419,470,x,x
0.29607469754664983,0.5089575454266154,188,11,12,x,x
0.30570518430630267,0.5116390607626773,327,68,365,x,x
0.3088482237709464,0.5119892870163072,365,395,327,x,x
0.2954896341311534,0.4875465410127076,176,10,184,x,x
0.3039787599113406,0.512198134092555,9,174,8,x,x
0.3071715396756465,0.5127579516322751,405,70,71,x,x
0.3104731269275769,0.5130661044758563,154,179,159,x,x
0.3015001386646578,0.5135216845686684,327,448,419,x,x
0.30538125098898977,0.513583896351129,63,64,450,x,x
0.30872665685842565,0.5139371171671888,176,187,178,x,x
0.31223694977330857,0.5141539506038221,395,365,406,x,x
0.3104145063783891,0.5151349966846497,10,11,184,x,x
0.30238418339395395,0.48994009579348663,394,69,70,x,x
0.2986102490284668,0.5007757772581094,193,219,177,x,x
0.32182507495480084,0.48098910673343825,446,420,328,x,x
0.3183882807818474,0.48425174281030137,207,201,182,x,x
0.2964511328738083,0.5000326776657532,407,333,423,x,x
0.3034310408707301,0.5141550572089286,7,172,170,x,x
0.3141469366739444,0.5152523519001915,257,263,254,x,x
0.3074470716886651,0.5175281485038356,179,189,242,x,x
0.3001960146246385,0.4904080401424281,322,287,292,x,x
0.3179787450350646,0.48037890380860815,201,207,200,x,x
0.34457177985183807,0.4720826342745699,180,138,199,x,x
0.29555170521552293,0.5021314891058255,284,280,272,x,x
0.31224433514231975,0.5163509270041066,350,38,39,x,x
0.3162094072749094,0.5163686184350627,182,119,183,x,x
0.3051014478024921,0.5162435623440783,290,292,287,x,x
0.31003141110467425,0.5176963101290761,187,190,178,x,x
0.31422143480209785,0.5175782012364483,194,187,191,x,x
0.3013427948027458,0.5172613278291152,311,331,293,x,x
0.30494019823036533,0.48551215477330273,198,206,179,x,x
0.32637933870668456,0.4789427895969511,307,269,258,x,x
0.3245483752099313,0.48165978349522165,386,312,381,x,x
0.297236284764808,0.5130834638254304,194,203,190,x,x
0.3184364297528922,0.5175106477110882,48,49,382,x,x
0.3084411372252611,0.5221935501686167,215,219,193,x,x
0.312156346816095,0.5186988327670896,204,214,210,x,x
0.3042560987491517,0.5205709695779629,323,312,319,x,x
0.3163496571157164,0.5188375485260425,48,382,372,x,x
0.3208424626533029,0.5186656222547026,186,177,219,x,x
0.3101217665180607,0.5202580500506446,116,201,200,x,x
0.31421149390596476,0.5200229592221155,194,212,203,x,x
0.31864958119779235,0.5201502131324938,367,353,324,x,x
0.3234312176481744,0.5198175822726873,356,360,376,x,x
0.31238386978484106,0.5239196849484804,212,215,203,x,x
0.316391881404267,0.5214347518796867,409,456,51,x,x
0.321143975709738,0.5214728279492593,16,17,220,x,x
0.31875583368952093,0.5229632931675615,320,326,358,x,x
0.30981379910771306,0.48309829151123596,195,205,212,x,x
0.29228080535298373,0.49948764626952386,381,320,358,x,x
0.29877643277295446,0.49516994609814824,425,400,59,x,x
0.33456358884480636,0.4756322595476701,167,182,183,x,x
0.3294705667078156,0.4797987791243717,400,58,59,x,x
0.32620312199179025,0.5209816953182521,162,150,161,x,x
0.31579604263390315,0.5249484867740574,400,507,416,x,x
0.30073025,0.5013784,188,184,11,x,x
0.3010580410202672,0.4828638496537008,328,420,65,x,x
0.3293022422214515,0.47439698996764706,136,151,135,x,x
0.32382301038144895,0.522766861529049,209,166,186,x,x
0.3291675102984092,0.5221721203342311,174,178,175,x,x
0.30076892867485056,0.5043597874249922,450,64,420,x,x
0.32135139085402353,0.524463633239317,416,507,497,x,x
0.3266757068140666,0.5240910301396967,64,65,420,x,x
0.3323365750177491,0.5233854752726599,187,184,191,x,x
0.31336148653198814,0.4801329071555056,13,14,196,x,x
0.3186925838646411,0.5260680140814195,450,459,63,x,x
0.3241238610452237,0.5258536392059091,13,196,192,x,x
0.3297218995827742,0.5254693461108093,250,167,234,x,x
0.31525970017329247,0.5306430189714212,360,411,376,x,x
0.3214758918338263,0.527675258675569,205,197,213,x,x
0.32703842952298195,0.5273447103198743,456,50,51,x,x
0.31854679538333425,0.5295340661561885,382,385,372,x,x
0.3317046679455683,0.5311640803521157,387,57,58,x,x
0.3209836314461694,0.4738655233965375,195,194,191,x,x
0.3382670448282752,0.47681914502393513,401,372,385,x,x
0.3357219234847995,0.524619312725457,14,15,204,x,x
0.3131440769036065,0.5275712339546959,56,57,402,x,x
0.31886911519689476,0.5359156555720711,363,410,352,x,x
0.33831038671222996,0.47031248823898647,57,387,402,x,x
0.33932907262120876,0.525858682291822,197,210,213,x,x
0.3329815518234991,0.5268770197230634,281,186,219,x,x
0.3087564611060843,0.5328575428908264,375,384,386,x,x
0.3088814522756412,0.5265537520830356,66,328,65,x,x
0.3225043427247471,0.532533113822697,273,235,209,x,x
0.3431635354878801,0.527114678323681,172,8,174,x,x
0.3364679904093664,0.5283168427995175,308,312,310,x,x
0.3401797241541778,0.5297428697530641,234,167,164,x,x
0.2897111380013475,0.5060120393905155,185,177,175,x,x
0.3159244920251455,0.475481365463795,208,277,107,x,x
0.3063308344070617,0.4753265282179061,189,206,162,x,x
0.35662825262431447,0.46833474558798455,268,313,223,x,x
0.3489475759887726,0.4736663145192142,303,316,336,x,x
0.2969323649742121,0.524080632917831,294,234,216,x,x
0.3472343445430339,0.528387451290625,273,209,186,x,x
0.3364996818178092,0.5337779107287041,204,15,211,x,x
0.2904473295308543,0.5127683145666619,211,214,204,x,x
0.3441184978751929,0.5312067271777305,17,18,225,x,x
0.3515509692109643,0.5296756170783229,224,211,220,x,x
0.3408279216098997,0.5340296980207545,213,226,205,x,x
0.348299182866107,0.5326957495628323,193,203,215,x,x
0.3561219325474901,0.5309734781810397,226,222,227,x,x
0.33821745230470407,0.5415765795101553,224,227,214,x,x
0.3449450625877489,0.5354995106203755,16,220,211,x,x
0.3527333978561272,0.5342094124401604,228,231,224,x,x
0.34155124233033185,0.5385048168748331,223,212,205,x,x
0.3492308001807319,0.5372183731820177,294,250,234,x,x
0.3453297350738296,0.5459505882272636,199,241,163,x,x
0.35631615634256053,0.5419230322405368,250,182,167,x,x
0.30550183677724324,0.4805192627754833,182,250,207,x,x
0.291504590812664,0.4926907423502137,264,237,243,x,x
0.3155896195069517,0.4657049858832942,200,217,218,x,x
0.37625494349322436,0.463148476144244,217,114,218,x,x
0.36590958898292814,0.4657604290039845,260,264,208,x,x
0.3617389032880755,0.47037894065899905,242,216,179,x,x
0.34927135716537006,0.46593456567798175,18,19,229,x,x
0.3609531170975195,0.5322761937685148,226,227,230,x,x
0.32668304235282986,0.5406686402671176,257,254,240,x,x
0.300866182427251,0.47711666036999933,212,223,215,x,x
0.371538414369479,0.4681486971764506,214,211,224,x,x
0.36604991238270274,0.53358459540143,205,226,221,x,x
0.35742932324982607,0.5357346557755986,262,230,240,x,x
0.33154648777779533,0.5371593468680393,221,268,223,x,x
0.37141756806620474,0.5349000324892937,220,17,225,x,x
0.36238910436969923,0.5372637183813295,225,228,220,x,x
0.36761590638753583,0.5388036473632051,19,20,239,x,x
0.36310286109945744,0.5444814247281237,225,229,232,x,x
0.37643676952211413,0.5435911373317899,213,222,226,x,x
0.3020264990065893,0.5295709670611348,222,214,227,x,x
0.39389160245856825,0.45922202882035396,228,224,220,x,x
0.38242499386557594,0.4659088014619056,225,18,229,x,x
0.29408154880222626,0.48021994905116566,231,233,240,x,x
0.30042509794881594,0.4665342738476434,224,231,227,x,x
0.33227892162648226,0.5432991221394263,20,21,245,x,x
0.3770670250223635,0.5362293567928607,248,239,245,x,x
0.38826500377973827,0.5447435137882334,251,255,257,x,x
0.2873040806676986,0.48532110395045797,230,268,221,x,x
0.33760082194976865,0.5505486486597889,228,225,232,x,x
0.38300612082179764,0.5375582526441577,230,227,231,x,x
0.3248178632916296,0.5519038314403608,19,239,229,x,x
0.38900719952432683,0.538683186471457,232,247,233,x,x
0.39572451027472827,0.5405389937089871,239,244,229,x,x
0.7998858348191747,0.48803213594460537,239,248,244,x,x
0.800867855851316,0.5153501142107816,189,179,206,x,x
0.27810222170813587,0.5106952414698938,274,207,250,x,x
0.35720466174627463,0.4540929095045753,155,180,181,x,x
0.3551741846150551,0.5552331837944668,264,260,237,x,x
0.4299082342104992,0.46011852988311264,206,150,162,x,x
0.4071296841411396,0.45664423068499843,216,242,294,x,x
0.40090109633463555,0.46259749441658143,200,259,217,x,x
0.38366521290710537,0.4548605846114509,104,299,103,x,x
0.2944618476811696,0.47208321377937423,243,238,217,x,x
0.4163468393972937,0.5510054397946558,111,238,237,x,x
0.29956528776615177,0.5431446212079366,22,249,21,x,x
0.27984366247133485,0.4974652085583411,229,244,232,x,x
0.4147155481118788,0.46046296470800846,240,233,251,x,x
0.40947901193223984,0.5449025453616881,251,257,240,x,x
0.2911007541479324,0.5345998455811705,209,199,163,x,x
0.32573514699545975,0.46486187625494296,181,202,235,x,x
0.3186323013578454,0.5451045357063096,180,155,137,x,x
0.3457188123826059,0.5553994143716456,238,243,237,x,x
0.5133904858262048,0.4527315367503321,243,217,259,x,x
0.45484534887611977,0.4576118485805648,296,343,259,x,x
0.5,0.0,20,245,239,x,x
0.2853988416385507,0.4757368773224749,233,247,251,x,x
0.42481901532511646,0.5469420877867311,22,23,261,x,x
0.48843028015273154,0.5523647199265681,253,245,249,x,x
0.45935482031843344,0.5496727600101333,278,215,223,x,x
0.30967180668553385,0.5594694784932023,303,275,294,x,x
0.4252874878972578,0.4531861024840366,252,244,248,x,x
0.28760673308214335,0.45873754614938406,22,261,249,x,x
0.43310743695266096,0.5465488215566788,21,249,245,x,x
0.42966037867583046,0.5614385397202657,248,253,256,x,x
0.39673006920203485,0.5510424722605859,265,261,23,x,x
0.42222173330681284,0.46093277886335954,271,266,261,x,x
0.4415454373403938,0.5475589828983828,263,267,254,x,x
0.4819621856105054,0.5696835074353236,108,260,208,x,x
0.43676674903997875,0.4276575247554092,289,291,285,x,x
0.46873373035186006,0.5506356582827732,254,262,240,x,x
0.566667799226518,0.5660607172243136,248,245,253,x,x
0.7879347814330606,0.4887617813549,256,269,255,x,x
0.3686104845455394,0.4546642843534313,270,265,24,x,x
0.33306074772236266,0.5673649890723029,282,270,279,x,x
0.4164482684211396,0.42727060440117987,251,247,255,x,x
0.5354499758313793,0.45308077583457135,315,100,297,x,x
0.44057201917434885,0.4440748908313881,256,252,248,x,x
0.2708917380727663,0.4836022138537178,255,252,256,x,x
0.5089620966775513,0.5635447710399286,261,266,249,x,x
0.31916778246576105,0.4472982096421867,280,271,272,x,x
0.4534627024221858,0.5611806259696335,257,269,263,x,x
0.38174336031602163,0.5705661278980306,253,258,256,x,x
0.43635778598879665,0.5551451630064503,291,289,293,x,x
0.36392046312980336,0.4341592195892361,341,36,37,x,x
0.4824963142214979,0.4469677530246058,259,207,274,x,x
0.42948834466244384,0.4428573543394971,103,298,102,x,x
0.4441655031147002,0.5701645069395703,249,266,253,x,x
0.3870414147021344,0.5552253842596475,265,23,24,x,x
0.5201732501943,0.5568200758309941,262,254,267,x,x
0.46238834928909284,0.5771996683187592,230,262,268,x,x
0.3507411794547368,0.5720780656316451,258,271,280,x,x
0.528908172339769,0.5758998661845137,278,313,342,x,x
0.37441298801122425,0.5560860230113297,259,274,296,x,x
0.6285307183431758,0.5528705893048687,315,98,99,x,x
0.5499810740538396,0.5856320223985986,25,270,24,x,x
0.5,1.0,25,26,279,x,x
0.49256365509813577,0.45320651864390343,271,261,265,x,x
0.2822246952338174,0.5239399647174762,258,253,266,x,x
0.3380357518953065,0.4537144779467699,302,263,269,x,x
0.28018549098731754,0.553877516419199,281,219,278,x,x
0.7755940563204179,0.4890275416924256,262,267,268,x,x
0.7926168480983213,0.4672110378903033,267,313,268,x,x
0.5246050803013532,0.44541094294330913,256,258,269,x,x
0.4496944384187535,0.44874959592824837,287,318,307,x,x
0.49860020674173133,0.5559406091137213,27,283,26,x,x
0.47842734097374445,0.551537391565128,266,271,258,x,x
0.6415395879372674,0.5541883007518574,270,272,265,x,x
0.49808431898473743,0.5813108186223781,271,265,272,x,x
0.6160545571902527,0.5564680122027544,25,279,270,x,x
0.44967274612835756,0.3994271586206912,282,285,288,x,x
0.5028816724409838,0.44582205032025224,219,215,278,x,x
0.7598601090833941,0.4840474387795788,189,162,295,x,x
0.7814883935050674,0.47607727399461003,275,274,250,x,x
0.4193014916008413,0.44739147613938923,274,275,296,x,x
0.3968454686907208,0.564621877037271,189,316,242,x,x
0.5545376318528081,0.5552569165705042,259,343,243,x,x
0.4631486784970106,0.5588775835773495,243,343,264,x,x
0.4502906232995388,0.5486472327226005,97,334,96,x,x
0.5447508315760683,0.4398646011553545,300,277,208,x,x
0.41634099682850634,0.5647240600876673,105,277,276,x,x
0.5314304626995247,0.5550677919679902,223,313,278,x,x
0.6033288740287152,0.5544211225086456,186,281,273,x,x
0.6338937705419975,0.5647975397324,27,28,286,x,x
0.5785998814464571,0.5553899672623285,285,279,283,x,x
0.5370993182494265,0.5663228945409842,270,282,272,x,x
0.8239949974619246,0.49461368460103744,325,326,320,x,x
0.7827453835787832,0.5337300969838374,313,338,342,x,x
0.258552080569204,0.50139227095465,295,339,321,x,x
0.3020724663938309,0.4493903776774768,26,283,279,x,x
0.39651004508928833,0.4389127391584782,291,290,288,x,x
0.27554943016310124,0.538523503591909,28,29,301,x,x
0.6606009616273467,0.5522881958839859,289,283,286,x,x
0.7713352300854366,0.45191647591537687,309,311,293,x,x
0.4464211933481015,0.5914401685705631,284,290,280,x,x
0.8147531381591631,0.5075712820387352,27,286,283,x,x
0.26130943133909024,0.5231859950752139,290,291,292,x,x
0.4904139621858959,0.5629727931955336,305,301,29,x,x
0.47889148568356643,0.5909321869269324,306,301,309,x,x
0.39983193146038404,0.5943658744516505,284,282,288,x,x
0.27026113242809724,0.46512772809862835,37,38,337,x,x
0.5855742293415896,0.575195345393704,285,283,289,x,x
0.3370880971857681,0.42555105709092494,280,290,287,x,x
0.7413798029032777,0.48032166497120116,28,301,286,x,x
0.4462125714136865,0.45839055038163734,30,308,305,x,x
0.490657978497308,0.41025728518476273,284,288,290,x,x
0.42701370255460064,0.406133469661112,288,285,291,x,x
0.8423443135017623,0.5174757503451832,301,306,286,x,x
0.2506490314887419,0.5544189669134576,291,293,292,x,x
0.4275222609886126,0.5814115957938902,352,411,42,x,x
0.24008133913660007,0.475405886539347,344,302,324,x,x
0.5976126587107028,0.5675098672381167,323,325,320,x,x
0.2791648890511461,0.42980568677747005,310,311,309,x,x
0.8206823608554059,0.5344370857668526,303,294,242,x,x
0.47300996972836684,0.4542584275497191,250,294,275,x,x
0.8177275238400027,0.4701238995170672,339,295,235,x,x
0.7500914634781167,0.5576319084284309,316,303,242,x,x
0.763964716824145,0.5311866483594281,275,303,317,x,x
0.6874977418122782,0.5584329369750776,366,297,298,x,x
0.5055439341258434,0.620145101559711,102,304,101,x,x
0.6268052897284991,0.45607292180654907,359,93,94,x,x
0.7542969754237872,0.46394607353508327,276,277,300,x,x
0.720708401068344,0.4755803234726423,276,330,298,x,x
0.542874366209304,0.5551219089488417,276,298,299,x,x
0.22129649524470726,0.5171771552694967,298,103,299,x,x
0.7707608835592348,0.551613538121464,264,343,392,x,x
0.7448700747639322,0.538031151379432,276,300,330,x,x
0.602153529049268,0.45130277193393237,305,29,30,x,x
0.6983883474189183,0.4708734630824286,286,306,289,x,x
0.8012479141538027,0.5590868741481989,302,307,318,x,x
0.7187619622786424,0.5554818494072447,318,324,302,x,x
0.7414909447367187,0.42772714949218293,189,295,321,x,x
0.771095083806749,0.591263903080163,275,317,296,x,x
0.33354597902832195,0.6010640553763363,298,297,304,x,x
0.5753962689189784,0.6063961518509609,297,101,304,x,x
0.40654618441247026,0.5551187372604999,31,308,30,x,x
0.4534201913391959,0.4302407106284887,31,32,319,x,x
0.864274893695878,0.47125829031279987,309,301,305,x,x
0.8103358860727498,0.42415316780552276,293,289,306,x,x
0.6749589778314181,0.46604643440350324,287,307,280,x,x
0.7155242068061233,0.444889340782431,269,307,302,x,x
0.3142530442421865,0.584488826893432,319,32,323,x,x
0.6052176766307746,0.5926934205891187,306,309,293,x,x
0.463445351215472,0.44863031474609877,308,310,305,x,x
0.6511258942181924,0.4614954857949191,309,305,310,x,x
0.6910185334935104,0.4473708705220727,31,319,308,x,x
0.6670140818153025,0.4429716555259859,34,326,325,x,x
0.5466863213536431,0.45590913511729897,312,311,310,x,x
0.437900834167099,0.45922806569939456,39,356,350,x,x
0.3071791543665559,0.4202277801518806,40,356,39,x,x
0.6830895119336641,0.42294569883044414,337,38,350,x,x
0.5642366062288863,0.4173624253182124,344,263,302,x,x
0.4264547849127291,0.36261208075351714,267,338,313,x,x
0.8615811058185807,0.5643570842930107,330,366,298,x,x
0.26615847869352777,0.5945821125115928,481,437,91,x,x
0.5286813186682864,0.6040715770268601,335,315,297,x,x
0.6988723024921197,0.4026883071609827,98,315,314,x,x
0.6395513001419637,0.4044613742494721,321,316,189,x,x
0.6689756021117791,0.3956723909324856,355,317,336,x,x
0.5257779234727573,0.4103105467807089,321,349,316,x,x
0.42422795012189957,0.6104416405327693,296,373,343,x,x
0.6521401184977229,0.6162985723800307,322,318,287,x,x
0.46277300612111416,0.632999988275343,318,322,324,x,x
0.24484199130378242,0.4399370099123357,323,32,33,x,x
0.6286698761565443,0.5767860927242213,312,308,319,x,x
0.35828551448725193,0.4056003769940336,47,372,398,x,x
0.25322113213839964,0.4051186441030139,331,345,292,x,x
0.17958513163197698,0.44923212523742484,273,339,235,x,x
0.7323128711704484,0.5873586409492774,336,317,303,x,x
0.5593808370291237,0.4467301769635921,293,331,292,x,x
0.2076534508547967,0.41257006447746836,344,267,263,x,x
0.5909234311996219,0.554890652069964,325,323,33,x,x
0.29736707771469156,0.6236591838901242,312,323,320,x,x
0.8216929575168717,0.6497781220766069,322,292,345,x,x
0.6527755862720717,0.570345503877349,338,393,342,x,x
0.6386830082910836,0.3479057123748938,33,34,325,x,x
0.39044621707423,0.6351584594408295,326,34,35,x,x
0.5456065512483845,0.6531245392599472,35,36,326,x,x
0.609813420848513,0.6419968879140119,341,37,337,x,x
0.19827818400345382,0.5977187004555246,67,68,327,x,x
0.3676435973140718,0.6000562208126238,365,68,69,x,x
0.351625134445473,0.6354193850655258,66,67,328,x,x
0.3866783011457818,0.399180890850661,67,419,428,x,x
1.0,0.75,273,281,329,x,x
0.0,0.25,391,278,342,x,x
0.2841406166274542,0.39860092174176465,317,355,422,x,x
0.8162442437198384,0.6033563114743865,469,397,370,x,x
0.9052928209454729,0.5190335016970747,337,468,341,x,x
0.8704543673299078,0.6205241261723341,345,367,322,x,x
0.7447810250611623,0.6580614363093116,95,340,94,x,x
0.23513038619318244,0.6591714805120268,480,412,502,x,x
0.371498224911824,0.7041079923214693,314,315,335,x,x
0.4974509693189422,0.670799502234913,354,359,340,x,x
0.6717829268742027,0.6963579671679094,314,333,334,x,x
0.43581846082296893,0.6925354343087261,333,96,334,x,x
0.5528615937097873,0.7473285830010742,366,330,377,x,x
1.0,0.625,423,314,335,x,x
0.8979329269669898,0.7215916520881662,349,336,316,x,x
0.31271446978890394,0.6838962364324638,336,349,355,x,x
0.25,1.0,408,381,358,x,x
1.0,0.25,356,376,350,x,x
0.6196574693149863,0.42692803900471116,338,344,353,x,x
0.5979051147167079,0.38762556855862434,281,278,391,x,x
0.3272920845680535,0.393906510009167,371,339,421,x,x
0.6963612363194885,0.34618174676763896,321,371,349,x,x
0.3611019298048801,0.3520580557927511,333,407,340,x,x
0.5083123691015602,0.34802594195422076,366,377,335,x,x
0.25712675065706714,0.3470480665703193,43,44,363,x,x
0.5529293822781164,0.37063179962827536,326,36,341,x,x
0.30141290868991594,0.35669607881717086,393,338,353,x,x
0.7453830415276009,0.3723123659974637,329,281,391,x,x
0.5706948251492535,0.2802352147642311,317,422,296,x,x
0.5904944022663972,0.3392254680012062,373,392,343,x,x
0.29637309382470756,0.2733649315647023,353,344,324,x,x
0.6232631828331261,0.295408998813112,267,344,338,x,x
0.7671945182580423,0.2723449192177268,386,311,312,x,x
0.75,0.0,384,331,386,x,x
0.9401969227966411,0.4475704060696205,438,469,403,x,x
0.0,0.75,86,87,378,x,x
0.48623515270781603,0.7372447554604373,379,368,362,x,x
0.9261959866309828,0.5829336536080036,407,368,379,x,x
0.4120518637236718,0.24418147822431485,333,314,423,x,x
1.0,0.375,546,538,542,x,x
0.11233105183558108,0.6910359690714909,371,321,339,x,x
0.5016725287685025,0.8603969691305081,443,496,433,x,x
0.4158127634448564,0.7658759392731482,352,42,43,x,x
0.9341199862190916,0.654807781785466,44,45,399,x,x
0.12088911117578072,0.5320413245189483,374,383,380,x,x
0.75,1.0,312,320,381,x,x
0.12862757134687777,0.38114370798169955,411,352,374,x,x
0.8824530156915029,0.3960082065189343,358,468,408,x,x
0.7908098736293893,0.7242352349024749,324,322,367,x,x
0.82078230156656,0.34445349822430216,429,421,329,x,x
0.9112633101664437,0.2988815993851028,92,332,481,x,x
0.5094111332926854,0.18283881322682935,359,354,332,x,x
0.6238779371726032,0.19463291045900505,349,371,433,x,x
0.25,0.0,300,264,392,x,x
1.0,0.875,360,40,41,x,x
0.6624526282414024,0.8650648768942343,43,363,352,x,x
0.375,0.0,383,374,410,x,x
0.8739106162027902,0.1260893837972098,40,360,356,x,x
0.625,0.0,341,358,326,x,x
0.5760926595361363,0.09703773773974658,380,376,374,x,x
0.6875,0.0923438059888858,340,407,354,x,x
0.30651778706987176,0.797507679365693,438,378,469,x,x
0.0,0.625,411,41,42,x,x
0.375,1.0,367,384,466,x,x
0.28606116177175445,0.900931536760391,408,432,375,x,x
0.125,1.0,367,474,353,x,x
0.20660136687462485,0.8314798325800239,370,362,469,x,x
0.16242025407424635,0.2493103198974959,502,460,78,x,x
0.7141947803088288,0.7833150053408294,47,398,46,x,x
0.811612973413936,0.8304302536810237,361,430,401,x,x
0.8510445298398199,0.22146576766409298,430,351,398,x,x
0.7609242059990676,0.16747835118046428,384,513,466,x,x
0.39248640583567196,0.8733214230863252,454,426,406,x,x
0.0,0.875,365,69,394,x,x
0.19065422801549037,0.7403235269691192,435,392,373,x,x
0.11323143076176567,0.8008411588203427,335,297,366,x,x
0.0,0.375,384,345,331,x,x
0.251109112369494,0.1404276387187801,408,468,413,x,x
0.625,1.0,476,447,88,x,x
0.08141878814717513,0.29879502984930534,396,369,82,x,x
0.125,0.0,464,473,489,x,x
0.33888918351719677,0.18096732446212402,362,368,439,x,x
0.5805451772127256,0.9149958654776851,404,85,390,x,x
0.0,0.125,370,481,379,x,x
0.4375,0.09487863135107762,421,339,329,x,x
0.132527110112073,0.8996280816905601,349,433,355,x,x
0.875,1.0,375,381,408,x,x
0.9130236635109998,0.8222096249979178,399,410,363,x,x
0.8125,0.9267309286524963,373,296,422,x,x
0.1257882102895326,0.12891073089434976,397,437,370,x,x
0.875,0.0,364,53,417,x,x
1.0,0.125,507,494,497,x,x
x,x,55,415,504,x,x
x,x,408,413,432,x,x
x,x,341,468,358,x,x
x,x,376,411,374,x,x
x,x,438,403,539,x,x
x,x,396,83,346,x,x
x,x,485,439,515,x,x
x,x,378,476,469,x,x
x,x,373,422,482,x,x
x,x,476,378,447,x,x
x,x,357,376,380,x,x
x,x,410,374,352,x,x
x,x,357,413,337,x,x
x,x,350,357,337,x,x
x,x,398,372,430,x,x
x,x,414,49,50,x,x
x,x,54,417,53,x,x
x,x,427,380,383,x,x
x,x,47,48,372,x,x
x,x,414,50,456,x,x
x,x,402,387,416,x,x
x,x,513,375,432,x,x
x,x,418,414,456,x,x
x,x,331,311,386,x,x
x,x,431,361,401,x,x
x,x,434,417,504,x,x
x,x,46,398,351,x,x
x,x,399,363,44,x,x
x,x,497,444,402,x,x
x,x,430,399,351,x,x
x,x,404,396,346,x,x
x,x,77,460,453,x,x
x,x,424,342,393,x,x
x,x,342,424,391,x,x
x,x,86,390,85,x,x
x,x,330,300,392,x,x
x,x,413,468,337,x,x
x,x,443,421,457,x,x
x,x,71,436,405,x,x
x,x,454,455,473,x,x
x,x,394,406,365,x,x
x,x,394,70,405,x,x
x,x,378,87,447,x,x
x,x,426,395,406,x,x
x,x,502,80,480,x,x
x,x,83,84,346,x,x
x,x,54,55,504,x,x
x,x,416,387,400,x,x
x,x,385,388,488,x,x
x,x,505,474,466,x,x
x,x,60,425,59,x,x
x,x,60,61,451,x,x
x,x,52,364,409,x,x
x,x,45,351,399,x,x
x,x,380,427,442,x,x
x,x,351,45,46,x,x
x,x,330,392,377,x,x
x,x,378,438,404,x,x
x,x,422,445,482,x,x
x,x,377,423,335,x,x
x,x,72,436,71,x,x
x,x,436,454,405,x,x
x,x,394,405,406,x,x
x,x,406,405,454,x,x
x,x,438,492,404,x,x
x,x,481,370,437,x,x
x,x,414,382,49,x,x
x,x,382,418,385,x,x
x,x,357,380,442,x,x
x,x,388,418,409,x,x
x,x,361,399,430,x,x
x,x,375,386,381,x,x
x,x,415,55,56,x,x
x,x,504,415,444,x,x
x,x,515,423,377,x,x
x,x,461,473,455,x,x
x,x,504,417,54,x,x
x,x,475,444,497,x,x
x,x,357,442,413,x,x
x,x,413,442,432,x,x
x,x,56,402,415,x,x
x,x,360,41,411,x,x
x,x,385,488,401,x,x
x,x,361,431,383,x,x
x,x,507,425,451,x,x
x,x,444,434,504,x,x
x,x,434,364,417,x,x
x,x,434,444,475,x,x
x,x,67,327,419,x,x
x,x,448,327,395,x,x
x,x,428,440,446,x,x
x,x,364,52,53,x,x
x,x,391,424,429,x,x
x,x,371,443,433,x,x
x,x,355,433,445,x,x
x,x,469,476,397,x,x
x,x,378,404,390,x,x
x,x,435,377,392,x,x
x,x,441,429,424,x,x
x,x,429,329,391,x,x
x,x,62,463,61,x,x
x,x,420,446,462,x,x
x,x,484,412,492,x,x
x,x,471,426,464,x,x
x,x,507,400,425,x,x
x,x,501,494,451,x,x
x,x,419,448,470,x,x
x,x,428,419,440,x,x
x,x,441,424,393,x,x
x,x,441,457,429,x,x
x,x,60,451,425,x,x
x,x,442,427,493,x,x
x,x,494,511,475,x,x
x,x,383,431,427,x,x
x,x,427,431,495,x,x
x,x,474,393,353,x,x
x,x,443,371,421,x,x
x,x,482,435,373,x,x
x,x,388,385,418,x,x
x,x,399,361,410,x,x
x,x,412,480,369,x,x
x,x,464,426,454,x,x
x,x,73,455,72,x,x
x,x,436,455,454,x,x
x,x,422,355,445,x,x
x,x,491,483,490,x,x
x,x,439,403,362,x,x
x,x,534,479,453,x,x
x,x,518,536,482,x,x
x,x,81,480,80,x,x
x,x,521,530,506,x,x
x,x,446,328,428,x,x
x,x,466,474,367,x,x
x,x,441,393,487,x,x
x,x,388,409,364,x,x
x,x,432,509,513,x,x
x,x,421,429,457,x,x
x,x,404,492,396,x,x
x,x,364,434,388,x,x
x,x,375,513,384,x,x
x,x,496,499,445,x,x
x,x,496,445,433,x,x
x,x,520,486,440,x,x
x,x,475,497,494,x,x
x,x,377,498,515,x,x
x,x,498,377,435,x,x
x,x,471,395,426,x,x
x,x,465,519,506,x,x
x,x,459,458,449,x,x
x,x,463,501,451,x,x
x,x,458,450,420,x,x
x,x,450,458,459,x,x
x,x,463,62,459,x,x
x,x,501,463,449,x,x
x,x,401,488,452,x,x
x,x,510,452,488,x,x
x,x,499,518,445,x,x
x,x,541,535,484,x,x
x,x,436,72,455,x,x
x,x,461,455,73,x,x
x,x,74,461,73,x,x
x,x,74,75,472,x,x
x,x,401,430,372,x,x
x,x,475,467,434,x,x
x,x,345,384,367,x,x
x,x,512,560,457,x,x
x,x,462,458,420,x,x
x,x,458,462,465,x,x
x,x,463,459,449,x,x
x,x,62,63,459,x,x
x,x,535,541,545,x,x
x,x,473,483,489,x,x
x,x,75,477,472,x,x
x,x,461,74,472,x,x
x,x,139,553,520,x,x
x,x,458,465,449,x,x
x,x,410,361,383,x,x
x,x,61,463,451,x,x
x,x,483,473,478,x,x
x,x,470,448,471,x,x
x,x,446,440,486,x,x
x,x,493,509,432,x,x
x,x,456,409,418,x,x
x,x,415,402,444,x,x
x,x,452,431,401,x,x
x,x,513,509,514,x,x
x,x,451,494,507,x,x
x,x,376,357,350,x,x
x,x,412,484,502,x,x
x,x,464,454,473,x,x
x,x,395,471,448,x,x
x,x,555,139,550,x,x
x,x,477,453,479,x,x
x,x,537,543,489,x,x
x,x,477,75,76,x,x
x,x,483,478,479,x,x
x,x,472,478,461,x,x
x,x,473,461,478,x,x
x,x,564,526,522,x,x
x,x,431,452,495,x,x
x,x,488,467,510,x,x
x,x,457,441,512,x,x
x,x,82,369,81,x,x
x,x,412,396,492,x,x
x,x,453,76,77,x,x
x,x,472,479,478,x,x
x,x,479,472,477,x,x
x,x,369,480,81,x,x
x,x,76,453,477,x,x
x,x,89,90,347,x,x
x,x,491,508,537,x,x
x,x,483,479,490,x,x
x,x,423,515,368,x,x
x,x,481,332,354,x,x
x,x,407,423,368,x,x
x,x,439,368,515,x,x
x,x,362,370,379,x,x
x,x,453,460,534,x,x
x,x,490,534,535,x,x
x,x,481,354,379,x,x
x,x,539,492,438,x,x
x,x,491,490,508,x,x
x,x,525,452,510,x,x
x,x,418,382,414,x,x
x,x,524,577,531,x,x
x,x,441,487,512,x,x
x,x,393,474,487,x,x
x,x,527,495,525,x,x
x,x,535,534,484,x,x
x,x,538,485,515,x,x
x,x,489,483,491,x,x
x,x,489,543,464,x,x
x,x,460,77,78,x,x
x,x,541,484,492,x,x
x,x,539,403,485,x,x
x,x,482,445,518,x,x
x,x,509,493,495,x,x
x,x,494,522,526,x,x
x,x,432,442,493,x,x
x,x,488,388,467,x,x
x,x,467,388,434,x,x
x,x,487,474,505,x,x
x,x,500,443,457,x,x
x,x,437,397,347,x,x
x,x,522,501,465,x,x
x,x,409,51,52,x,x
x,x,460,484,534,x,x
x,x,548,537,547,x,x
x,x,443,500,496,x,x
x,x,496,503,499,x,x
x,x,536,518,542,x,x
x,x,496,500,503,x,x
x,x,449,465,501,x,x
x,x,465,506,522,x,x
x,x,160,562,560,x,x
x,x,536,435,482,x,x
x,x,595,592,517,x,x
x,x,562,160,592,x,x
x,x,486,462,446,x,x
x,x,452,525,495,x,x
x,x,509,495,527,x,x
x,x,495,493,427,x,x
x,x,462,486,519,x,x
x,x,58,400,387,x,x
x,x,560,556,578,x,x
x,x,402,416,497,x,x
x,x,536,538,498,x,x
x,x,439,485,403,x,x
x,x,514,509,524,x,x
x,x,511,510,467,x,x
x,x,467,475,511,x,x
x,x,513,514,466,x,x
x,x,505,466,514,x,x
x,x,511,526,528,x,x
x,x,505,523,487,x,x
x,x,457,560,500,x,x
x,x,462,519,465,x,x
x,x,494,501,522,x,x
x,x,522,506,564,x,x
x,x,523,512,487,x,x
x,x,469,362,403,x,x
x,x,550,520,470,x,x
x,x,440,470,520,x,x
x,x,521,506,519,x,x
x,x,599,605,517,x,x
x,x,499,503,540,x,x
x,x,435,536,498,x,x
x,x,479,534,490,x,x
x,x,470,563,550,x,x
x,x,521,519,486,x,x
x,x,486,520,553,x,x
x,x,529,553,139,x,x
x,x,553,521,486,x,x
x,x,514,524,531,x,x
x,x,511,494,526,x,x
x,x,580,582,577,x,x
x,x,577,524,558,x,x
x,x,514,531,505,x,x
x,x,510,511,528,x,x
x,x,509,527,524,x,x
x,x,516,603,530,x,x
x,x,528,525,510,x,x
x,x,552,525,528,x,x
x,x,525,552,527,x,x
x,x,584,564,585,x,x
x,x,557,588,558,x,x
x,x,530,559,516,x,x
x,x,559,521,553,x,x
x,x,602,570,2,x,x
x,x,561,604,602,x,x
x,x,558,527,552,x,x
x,x,523,505,531,x,x
x,x,601,582,580,x,x
x,x,590,577,582,x,x
x,x,412,369,396,x,x
x,x,537,489,491,x,x
x,x,508,547,537,x,x
x,x,518,499,540,x,x
x,x,508,490,535,x,x
x,x,538,515,498,x,x
x,x,547,508,545,x,x
x,x,471,464,543,x,x
x,x,542,518,540,x,x
x,x,485,538,554,x,x
x,x,538,546,554,x,x
x,x,535,545,508,x,x
x,x,503,562,540,x,x
x,x,544,539,554,x,x
x,x,492,539,541,x,x
x,x,539,544,545,x,x
x,x,546,542,540,x,x
x,x,538,536,542,x,x
x,x,548,543,537,x,x
x,x,566,555,563,x,x
x,x,554,539,485,x,x
x,x,586,533,566,x,x
x,x,539,545,541,x,x
x,x,547,545,544,x,x
x,x,562,500,560,x,x
x,x,583,540,562,x,x
x,x,554,567,544,x,x
x,x,563,470,471,x,x
x,x,544,567,568,x,x
x,x,587,568,576,x,x
x,x,607,606,3,x,x
x,x,568,547,544,x,x
x,x,555,550,563,x,x
x,x,139,520,550,x,x
x,x,557,552,528,x,x
x,x,523,556,512,x,x
x,x,558,524,527,x,x
x,x,572,593,569,x,x
x,x,559,553,529,x,x
x,x,348,574,575,x,x
x,x,565,563,471,x,x
x,x,565,471,543,x,x
x,x,577,590,531,x,x
x,x,560,578,160,x,x
x,x,571,584,585,x,x
x,x,579,588,389,x,x
x,x,552,557,558,x,x
x,x,580,579,532,x,x
x,x,516,559,529,x,x
x,x,530,521,559,x,x
x,x,556,560,512,x,x
x,x,503,500,562,x,x
x,x,564,530,585,x,x
x,x,598,389,557,x,x
x,x,605,595,517,x,x
x,x,600,575,567,x,x
x,x,566,533,555,x,x
x,x,530,564,506,x,x
x,x,570,603,516,x,x
x,x,543,548,565,x,x
x,x,548,547,568,x,x
x,x,563,565,566,x,x
x,x,586,565,548,x,x
x,x,554,597,600,x,x
x,x,576,575,574,x,x
x,x,587,573,586,x,x
x,x,348,600,572,x,x
x,x,526,584,528,x,x
x,x,540,583,546,x,x
x,x,598,557,528,x,x
x,x,564,584,526,x,x
x,x,598,528,571,x,x
x,x,597,546,593,x,x
x,x,600,348,575,x,x
x,x,607,533,573,x,x
x,x,586,566,565,x,x
x,x,567,575,568,x,x
x,x,576,574,549,x,x
x,x,587,549,573,x,x
x,x,568,575,576,x,x
x,x,532,601,580,x,x
x,x,591,589,551,x,x
x,x,601,1,589,x,x
x,x,556,551,578,x,x
x,x,579,580,588,x,x
x,x,588,577,558,x,x
x,x,601,589,591,x,x
x,x,591,556,590,x,x
x,x,523,590,556,x,x
x,x,569,593,605,x,x
x,x,530,603,585,x,x
x,x,528,584,571,x,x
x,x,585,604,571,x,x
x,x,587,586,548,x,x
x,x,533,586,573,x,x
x,x,568,587,548,x,x
x,x,587,576,549,x,x
x,x,588,557,389,x,x
x,x,577,588,580,x,x
x,x,582,591,590,x,x
x,x,590,523,531,x,x
x,x,582,601,591,x,x
x,x,532,581,601,x,x
x,x,551,556,591,x,x
x,x,554,600,567,x,x
x,x,583,562,595,x,x
x,x,571,561,594,x,x
x,x,546,583,593,x,x
x,x,592,595,562,x,x
x,x,599,596,605,x,x
x,x,605,593,583,x,x
x,x,583,595,605,x,x
x,x,593,572,597,x,x
x,x,546,597,554,x,x
x,x,571,594,598,x,x
x,x,389,598,594,x,x
x,x,0,596,599,x,x
x,x,597,572,600,x,x
x,x,604,603,602,x,x
x,x,601,581,1,x,x
x,x,602,603,570,x,x
x,x,571,604,561,x,x
x,x,603,604,585,x,x
x,x,569,605,596,x,x
x,x,573,549,606,x,x
x,x,606,607,573,x,x
