0.0,0.0,198,140,147,0,825
0.0,1.0,124,158,123,1,1154
1.0,1.0,236,155,181,2,1010
1.0,0.0,158,124,125,3,1176
0.30142199999999997,0.5031032,162,236,181,4,5
0.30217,0.5041536,125,156,158,6,5
0.30301249999999996,0.5051984,156,153,152,6,7
0.3039615,0.50622,121,167,120,7,8
0.30502,0.5072248,149,141,157,8,9
0.3061935,0.508216,123,158,164,9,10
0.3074905,0.509188,157,153,149,11,10
0.3089125,0.5101528,122,164,168,11,12
0.3104655,0.5111168,120,167,183,12,13
0.3121565,0.5120832,182,118,119,13,14
0.3139935,0.5130544,147,140,142,14,15
0.315983,0.5140344,152,169,158,16,15
0.3181325,0.5150264,136,137,155,16,17
0.320451,0.5160256,130,142,140,18,17
0.322948,0.5170256,144,146,148,18,19
0.32563,0.5180304,131,132,144,20,19
0.3285045,0.5190472,146,145,148,20,21
0.33157949999999997,0.5200776,127,153,126,21,22
0.33486299999999997,0.52112,148,147,142,23,22
0.3383635,0.5221688,141,128,129,23,24
0.3420885,0.5232256,141,149,128,24,25
0.34604599999999996,0.5242912,147,206,198,25,26
0.3502435,0.5253648,132,146,144,27,26
0.35468849999999996,0.5264432,127,149,153,27,28
0.35938899999999996,0.5275232,141,129,140,28,29
0.364352,0.528604,140,154,141,29,30
0.3695845,0.5296864,161,143,236,30,31
0.375092,0.530772,144,142,131,31,32
0.3808815,0.5318552,273,329,339,32,33
0.3869595,0.5329312,108,208,107,33,34
0.393332,0.5339936,172,7,8,35,34
0.40000349999999996,0.5350384,237,260,110,35,36
0.406979,0.5360616,158,169,164,37,36
0.4142625,0.5370584,260,109,110,37,38
0.4218575,0.5380248,199,138,241,38,39
0.429766,0.5389536,276,299,104,39,40
0.43799049999999995,0.53984,167,121,168,41,40
0.446531,0.5406768,105,106,277,41,42
0.455388,0.5414584,164,167,168,42,43
0.46456,0.5421816,105,276,104,43,44
0.47404349999999995,0.5428448,277,106,107,45,44
0.4838345,0.5434416,10,176,9,45,46
0.493928,0.5439672,123,164,122,47,46
0.504316,0.5444288,201,117,118,47,48
0.5149895,0.5448184,152,153,157,48,49
0.525938,0.5450864,183,119,120,49,50
0.537148,0.5452136,140,198,154,50,51
0.5486035,0.5452152,182,201,118,52,51
0.5602864999999999,0.545108,165,166,246,53,52
0.5721755,0.5448616,238,111,112,53,54
0.5842465,0.5444248,155,236,151,54,55
0.596471,0.5437848,115,218,114,55,56
0.6088205,0.5430192,114,217,113,56,57
0.6212610000000001,0.542112,177,186,171,57,58
0.6337524999999999,0.5409824,162,161,236,58,59
0.6462505000000001,0.5395992000000001,113,238,112,59,60
0.6710849999999999,0.536256,117,201,116,61,60
0.6953305,0.5319784,164,169,234,61,62
0.729493,0.5242424,125,126,156,62,63
0.749976,0.5184,237,110,111,63,64
0.767864,0.51264,300,208,264,64,65
0.782451,0.50792,178,174,176,65,66
0.792943,0.50408,129,130,140,67,66
0.8,0.5016,142,144,148,67,68
0.7928934999999999,0.49966,328,67,428,69,68
0.7823545000000001,0.4993552,4,246,163,69,70
0.7677385,0.4985488,142,130,131,70,71
0.7498465,0.4971656,151,143,135,71,72
0.7294375,0.4949088,128,149,127,72,73
0.707187,0.4919192,161,145,143,73,74
0.6836899999999999,0.4883176,165,5,6,74,75
0.6594724999999999,0.4842784,146,132,133,75,76
0.6349834999999999,0.4796104,135,143,134,76,77
0.6105565,0.474964,126,153,156,77,78
0.58646,0.4709032,138,180,137,78,79
0.5629325000000001,0.4677088,165,246,5,79,80
0.551447,0.4664728,165,171,166,80,81
0.5401765,0.4654944,134,145,133,81,82
0.5291405,0.4647696,165,6,170,82,83
0.5183565,0.4642864,173,171,170,83,84
0.5078389999999999,0.4640168,145,161,148,84,85
0.49760099999999996,0.4639256,7,170,6,85,86
0.4876525,0.463984,176,174,9,86,87
0.478001,0.4641704,133,145,146,87,88
0.4686525,0.4644648,148,161,150,88,89
0.459611,0.464852,143,145,134,89,90
0.4508795,0.4653192,185,175,178,90,91
0.442459,0.4658536,170,171,165,91,92
0.4343505,0.46644399999999997,141,154,157,92,93
0.4265525,0.4670816,172,175,173,93,94
0.4190635,0.4677584,246,166,163,94,95
0.411881,0.4684688,205,195,197,95,96
0.405002,0.4692088,121,122,168,96,97
0.3984225,0.469972,4,163,241,97,98
0.39213749999999997,0.4707552,178,190,185,98,99
0.386142,0.4715544,157,159,152,99,100
0.3804305,0.4723672,195,192,197,100,101
0.374998,0.4731904,235,295,181,101,102
0.3698365,0.4740216,5,246,4,102,103
0.36494099999999996,0.474856,175,177,173,103,104
0.3603035,0.4756928,233,231,228,104,105
0.355917,0.4765288,156,152,158,105,106
0.351774,0.4773632,159,157,154,106,107
0.3478675,0.4781928,169,152,159,107,108
0.34418899999999997,0.4790144,272,282,284,108,109
0.340731,0.479828,210,197,196,109,110
0.3374855,0.4806288,115,116,200,110,111
0.33444399999999996,0.4814192,185,190,193,111,112
0.331599,0.4821984,295,162,181,112,113
0.3289415,0.4829624,188,195,191,113,114
0.3264635,0.4837088,247,252,255,115,114
0.3241555,0.4844368,236,143,151,115,116
0.3220105,0.4851464,223,205,221,116,117
0.3200195,0.48584,180,199,202,117,118
0.31817449999999997,0.4865184,206,147,150,118,119
0.31646599999999997,0.4871768,232,244,247,119,120
0.314886,0.4878152,282,279,285,120,121
0.31342549999999997,0.488432,218,115,200,121,122
0.31207599999999996,0.489032,173,170,172,122,123
0.3108295,0.4896136,216,159,179,123,124
0.3096775,0.4901784,240,230,231,124,125
0.3086105,0.4907256,258,280,307,125,126
0.30762049999999996,0.4912584,217,238,113,126,127
0.3067,0.4917816,226,230,221,127,128
0.305841,0.4923008,169,159,216,128,129
0.3050365,0.4928208,247,244,252,129,130
0.30427899999999997,0.493348,181,180,202,130,131
0.3035635,0.4938896,203,193,190,131,132
0.30288149999999997,0.4944552,174,175,172,132,133
0.3022275,0.495056,257,255,269,133,134
0.3016125,0.495728,171,173,177,135,134
0.3010575,0.4965224,136,155,151,135,136
0.30052,0.4973808,179,154,198,137,136
0.3000875,0.4984008,481,91,92,137,138
0.3000385,0.4996536,210,196,204,4,241
1.0,0.5,332,93,359,139,1054
0.30372316983676856,0.4917415614688016,260,108,109,160,887
0.30487138151830234,0.4916830154932197,86,378,390,241,138
0.3032935706128528,0.49278958175497817,222,210,214,389,1145
0.30052995164631224,0.49556276062903226,90,437,347,348,935
0.30268345732025614,0.4935224227942268,222,213,210,531,1181
0.30105876933752823,0.49460382015264864,90,91,437,568,816
0.3020022628249338,0.4941544629951843,88,89,476,515,798
0.3016893889701894,0.4920744397165892,199,209,202,607,679
0.30169250864853436,0.49313751309716414,83,396,82,590,575
0.30581010318353924,0.4912794880097462,196,14,204,575,684
0.3004642031622091,0.492609576395269,171,186,166,646,666
0.3000180352095892,0.4964690054055851,315,99,100,684,160
0.30717099258162045,0.48923700310774065,176,184,187,681,821
0.30670897777811046,0.49072604724722996,102,298,304,669,709
0.30462539944239836,0.4898171572007888,200,207,259,679,669
0.29929300166150374,0.49746222288588265,297,100,101,708,822
0.3076299796970615,0.49019561398306943,197,192,196,709,708
0.30572614458246683,0.49013644903695053,359,94,340,678,943
0.30864477379484,0.48912053812752765,235,202,209,762,768
0.3056377315204626,0.48838421719658237,314,334,97,779,762
0.0,0.5,333,95,96,554,1166
0.30001637019881744,0.49386929746195174,177,185,193,768,515
0.2980071487440064,0.49244555262658646,191,184,188,792,1014
0.29886788148316923,0.5025737784134447,340,95,333,763,792
0.3104217336439011,0.4871130993674736,314,97,98,798,763
0.30143078254535066,0.5056117712773182,195,188,192,814,1084
0.29915370331846947,0.506014601267992,194,195,212,666,590
0.3130623337543985,0.48553453640288413,93,332,92,816,646
0.3121226406567285,0.4873192774020921,163,166,209,821,1239
0.30770142290708796,0.4865661630933206,476,347,397,822,0
0.30253277712162235,0.506595611033262,148,150,147,823,678
0.3002377033545344,0.5080572235357379,84,85,404,825,823
0.3035816271091765,0.5076801095739816,87,88,447,639,714
0.3019482049338456,0.5082104036371504,15,16,211,714,568
0.30471851001714356,0.5087720037327301,379,354,407,721,1212
0.30318298150259543,0.5092329901009458,346,84,404,729,1099
0.3059720100513181,0.5098628816496301,12,192,188,863,1231
0.3008553724699588,0.5107867941318317,476,89,347,887,779
0.3043787213337005,0.5104280676982283,460,504,403,800,1028
0.30259135815397975,0.4873061016926885,232,233,228,891,1155
0.29846949239171244,0.4989648741117448,79,80,504,905,927
0.296472526173239,0.496893479066234,190,187,194,917,905
0.3161530884304409,0.4838189008177526,504,78,79,919,1087
0.31500966489311305,0.48584686236077473,12,13,192,924,1081
0.30735209098372784,0.510922327468013,216,234,169,927,919
0.3026528567121762,0.5109591486664316,440,419,470,926,931
0.29607469754664983,0.5089575454266154,188,11,12,931,814
0.30570518430630267,0.5116390607626773,327,68,365,935,681
0.3088482237709464,0.5119892870163072,365,395,327,943,639
0.2954896341311534,0.4875465410127076,176,10,184,972,991
0.3039787599113406,0.512198134092555,9,174,8,978,1232
0.3071715396756465,0.5127579516322751,405,70,71,970,1001
0.3104731269275769,0.5130661044758563,154,179,159,981,986
0.3015001386646578,0.5135216845686684,327,448,419,986,970
0.30538125098898977,0.513583896351129,63,64,450,991,978
0.30872665685842565,0.5139371171671888,176,187,178,995,972
0.31223694977330857,0.5141539506038221,395,365,406,875,1209
0.3104145063783891,0.5151349966846497,10,11,184,1001,1008
0.30238418339395395,0.48994009579348663,394,69,70,1005,1152
0.2986102490284668,0.5007757772581094,193,219,177,1008,2
0.32182507495480084,0.48098910673343825,446,420,328,1010,1005
0.3183882807818474,0.48425174281030137,207,201,182,1014,891
0.2964511328738083,0.5000326776657532,407,333,423,1017,1024
0.3034310408707301,0.5141550572089286,7,172,170,1024,800
0.3141469366739444,0.5152523519001915,257,263,254,1026,1032
0.3074470716886651,0.5175281485038356,179,189,242,1028,1026
0.3001960146246385,0.4904080401424281,322,287,292,1032,554
0.3179787450350646,0.48037890380860815,201,207,200,1069,1224
0.34457177985183807,0.4720826342745699,180,138,199,1081,926
0.29555170521552293,0.5021314891058255,284,280,272,1084,917
0.31224433514231975,0.5163509270041066,350,38,39,1087,348
0.3162094072749094,0.5163686184350627,182,119,183,1049,1184
0.3051014478024921,0.5162435623440783,290,292,287,1099,1101
0.31003141110467425,0.5176963101290761,187,190,178,1054,1185
0.31422143480209785,0.5175782012364483,194,187,191,1101,139
0.3013427948027458,0.5172613278291152,311,331,293,837,1118
0.30494019823036533,0.48551215477330273,198,206,179,1118,729
0.32637933870668456,0.4789427895969511,307,269,258,1134,1199
0.3245483752099313,0.48165978349522165,386,312,381,1145,995
0.297236284764808,0.5130834638254304,194,203,190,1152,875
0.3184364297528922,0.5175106477110882,48,49,382,1154,1017
0.3084411372252611,0.5221935501686167,215,219,193,1155,1
0.312156346816095,0.5186988327670896,204,214,210,1165,1134
0.3042560987491517,0.5205709695779629,323,312,319,1166,1165
0.3163496571157164,0.5188375485260425,48,382,372,1073,1234
0.3208424626533029,0.5186656222547026,186,177,219,1176,924
0.3101217665180607,0.5202580500506446,116,201,200,1181,837
0.31421149390596476,0.5200229592221155,194,212,203,1173,1226
0.31864958119779235,0.5201502131324938,367,353,324,1184,1173
0.3234312176481744,0.5198175822726873,356,360,376,1185,1049
0.31238386978484106,0.5239196849484804,212,215,203,1137,1197
0.316391881404267,0.5214347518796867,416,497,51,1197,389
0.321143975709738,0.5214728279492593,16,17,220,1199,1137
0.31875583368952093,0.5229632931675615,320,326,358,1209,531
0.30981379910771306,0.48309829151123596,195,205,212,1212,1073
0.29228080535298373,0.49948764626952386,381,320,358,1214,3
0.29877643277295446,0.49516994609814824,425,400,59,1224,1214
0.33456358884480636,0.4756322595476701,167,182,183,1226,721
0.3294705667078156,0.4797987791243717,400,58,59,1231,981
0.32620312199179025,0.5209816953182521,162,150,161,1232,863
0.31579604263390315,0.5249484867740574,400,444,434,1234,1069
0.30073025,0.5013784,188,184,11,1239,607
0.3010580410202672,0.4828638496537008,328,420,65,x,x
0.3293022422214515,0.47439698996764706,136,151,135,x,x
0.32382301038144895,0.522766861529049,209,166,186,x,x
0.3291675102984092,0.5221721203342311,174,178,175,x,x
0.30076892867485056,0.5043597874249922,450,64,420,x,x
0.32135139085402353,0.524463633239317,444,417,434,x,x
0.3266757068140666,0.5240910301396967,64,65,420,x,x
0.3323365750177491,0.5233854752726599,187,184,191,x,x
0.31336148653198814,0.4801329071555056,13,14,196,x,x
0.3186925838646411,0.5260680140814195,450,459,63,x,x
0.3241238610452237,0.5258536392059091,13,196,192,x,x
0.3297218995827742,0.5254693461108093,250,167,234,x,x
0.31525970017329247,0.5306430189714212,360,411,376,x,x
0.3214758918338263,0.527675258675569,205,197,213,x,x
0.32703842952298195,0.5273447103198743,497,50,51,x,x
0.31854679538333425,0.5295340661561885,434,505,400,x,x
0.3317046679455683,0.5311640803521157,505,57,58,x,x
0.3209836314461694,0.4738655233965375,195,194,191,x,x
0.3382670448282752,0.47681914502393513,456,430,372,x,x
0.3357219234847995,0.524619312725457,14,15,204,x,x
0.3131440769036065,0.5275712339546959,56,57,402,x,x
0.31886911519689476,0.5359156555720711,363,410,352,x,x
0.33831038671222996,0.47031248823898647,57,505,402,x,x
0.33932907262120876,0.525858682291822,197,210,213,x,x
0.3329815518234991,0.5268770197230634,281,186,219,x,x
0.3087564611060843,0.5328575428908264,387,384,386,x,x
0.3088814522756412,0.5265537520830356,66,328,65,x,x
0.3225043427247471,0.532533113822697,273,235,209,x,x
0.3431635354878801,0.527114678323681,172,8,174,x,x
0.3364679904093664,0.5283168427995175,308,312,310,x,x
0.3401797241541778,0.5297428697530641,234,167,164,x,x
0.2897111380013475,0.5060120393905155,185,177,175,x,x
0.3159244920251455,0.475481365463795,208,277,107,x,x
0.3063308344070617,0.4753265282179061,189,206,162,x,x
0.35662825262431447,0.46833474558798455,268,313,223,x,x
0.3489475759887726,0.4736663145192142,303,316,336,x,x
0.2969323649742121,0.524080632917831,294,234,216,x,x
0.3472343445430339,0.528387451290625,273,209,186,x,x
0.3364996818178092,0.5337779107287041,204,15,211,x,x
0.2904473295308543,0.5127683145666619,211,214,204,x,x
0.3441184978751929,0.5312067271777305,17,18,225,x,x
0.3515509692109643,0.5296756170783229,224,211,220,x,x
0.3408279216098997,0.5340296980207545,213,226,205,x,x
0.348299182866107,0.5326957495628323,193,203,215,x,x
0.3561219325474901,0.5309734781810397,226,222,227,x,x
0.33821745230470407,0.5415765795101553,224,227,214,x,x
0.3449450625877489,0.5354995106203755,16,220,211,x,x
0.3527333978561272,0.5342094124401604,228,231,224,x,x
0.34155124233033185,0.5385048168748331,223,212,205,x,x
0.3492308001807319,0.5372183731820177,294,250,234,x,x
0.3453297350738296,0.5459505882272636,199,241,163,x,x
0.35631615634256053,0.5419230322405368,250,182,167,x,x
0.30550183677724324,0.4805192627754833,182,250,207,x,x
0.291504590812664,0.4926907423502137,264,237,243,x,x
0.3155896195069517,0.4657049858832942,200,217,218,x,x
0.37625494349322436,0.463148476144244,217,114,218,x,x
0.36590958898292814,0.4657604290039845,260,264,208,x,x
0.3617389032880755,0.47037894065899905,242,216,179,x,x
0.34927135716537006,0.46593456567798175,18,19,229,x,x
0.3609531170975195,0.5322761937685148,226,227,230,x,x
0.32668304235282986,0.5406686402671176,257,254,240,x,x
0.300866182427251,0.47711666036999933,212,223,215,x,x
0.371538414369479,0.4681486971764506,214,211,224,x,x
0.36604991238270274,0.53358459540143,205,226,221,x,x
0.35742932324982607,0.5357346557755986,262,230,240,x,x
0.33154648777779533,0.5371593468680393,221,268,223,x,x
0.37141756806620474,0.5349000324892937,220,17,225,x,x
0.36238910436969923,0.5372637183813295,225,228,220,x,x
0.36761590638753583,0.5388036473632051,19,20,239,x,x
0.36310286109945744,0.5444814247281237,225,229,232,x,x
0.37643676952211413,0.5435911373317899,213,222,226,x,x
0.3020264990065893,0.5295709670611348,222,214,227,x,x
0.39389160245856825,0.45922202882035396,228,224,220,x,x
0.38242499386557594,0.4659088014619056,225,18,229,x,x
0.29408154880222626,0.48021994905116566,231,233,240,x,x
0.30042509794881594,0.4665342738476434,224,231,227,x,x
0.33227892162648226,0.5432991221394263,20,21,245,x,x
0.3770670250223635,0.5362293567928607,248,239,245,x,x
0.38826500377973827,0.5447435137882334,251,255,257,x,x
0.2873040806676986,0.48532110395045797,230,268,221,x,x
0.33760082194976865,0.5505486486597889,228,225,232,x,x
0.38300612082179764,0.5375582526441577,230,227,231,x,x
0.3248178632916296,0.5519038314403608,19,239,229,x,x
0.38900719952432683,0.538683186471457,232,247,233,x,x
0.39572451027472827,0.5405389937089871,239,244,229,x,x
0.7998858348191747,0.48803213594460537,239,248,244,x,x
0.800867855851316,0.5153501142107816,189,179,206,x,x
0.27810222170813587,0.5106952414698938,274,207,250,x,x
0.35720466174627463,0.4540929095045753,155,180,181,x,x
0.3551741846150551,0.5552331837944668,264,260,237,x,x
0.4299082342104992,0.46011852988311264,206,150,162,x,x
0.4071296841411396,0.45664423068499843,216,242,294,x,x
0.40090109633463555,0.46259749441658143,200,259,217,x,x
0.38366521290710537,0.4548605846114509,104,299,103,x,x
0.2944618476811696,0.47208321377937423,243,238,217,x,x
0.4163468393972937,0.5510054397946558,111,238,237,x,x
0.29956528776615177,0.5431446212079366,22,249,21,x,x
0.27984366247133485,0.4974652085583411,229,244,232,x,x
0.4147155481118788,0.46046296470800846,240,233,251,x,x
0.40947901193223984,0.5449025453616881,251,257,240,x,x
0.2911007541479324,0.5345998455811705,209,199,163,x,x
0.32573514699545975,0.46486187625494296,181,202,235,x,x
0.3186323013578454,0.5451045357063096,180,155,137,x,x
0.3457188123826059,0.5553994143716456,238,243,237,x,x
0.5133904858262048,0.4527315367503321,243,217,259,x,x
0.45484534887611977,0.4576118485805648,296,343,259,x,x
0.5,0.0,20,245,239,x,x
0.2853988416385507,0.4757368773224749,233,247,251,x,x
0.42481901532511646,0.5469420877867311,22,23,261,x,x
0.48843028015273154,0.5523647199265681,253,245,249,x,x
0.45935482031843344,0.5496727600101333,278,215,223,x,x
0.30967180668553385,0.5594694784932023,303,275,294,x,x
0.4252874878972578,0.4531861024840366,252,244,248,x,x
0.28760673308214335,0.45873754614938406,22,261,249,x,x
0.43310743695266096,0.5465488215566788,21,249,245,x,x
0.42966037867583046,0.5614385397202657,248,253,256,x,x
0.39673006920203485,0.5510424722605859,265,261,23,x,x
0.42222173330681284,0.46093277886335954,271,266,261,x,x
0.4415454373403938,0.5475589828983828,263,267,254,x,x
0.4904139621858959,0.5629727931955336,108,260,208,x,x
0.43676674903997875,0.4276575247554092,289,291,285,x,x
0.46873373035186006,0.5506356582827732,254,262,240,x,x
0.5785998814464571,0.5553899672623285,248,245,253,x,x
0.7879347814330606,0.4887617813549,256,269,255,x,x
0.3686104845455394,0.4546642843534313,270,265,24,x,x
0.33306074772236266,0.5673649890723029,282,270,279,x,x
0.5466863213536431,0.45590913511729897,251,247,255,x,x
0.36392046312980336,0.4341592195892361,315,100,297,x,x
0.44057201917434885,0.4440748908313881,256,252,248,x,x
0.2708917380727663,0.4836022138537178,255,252,256,x,x
0.5089620966775513,0.5635447710399286,261,266,249,x,x
0.31916778246576105,0.4472982096421867,280,271,272,x,x
0.4534627024221858,0.5611806259696335,257,269,263,x,x
0.5314304626995247,0.5550677919679902,253,258,256,x,x
0.43635778598879665,0.5551451630064503,291,289,293,x,x
0.4164482684211396,0.42727060440117987,341,36,37,x,x
0.4824963142214979,0.4469677530246058,259,207,274,x,x
0.42948834466244384,0.4428573543394971,103,298,102,x,x
0.4441655031147002,0.5701645069395703,249,266,253,x,x
0.3870414147021344,0.5552253842596475,265,23,24,x,x
0.5201732501943,0.5568200758309941,262,254,267,x,x
0.46238834928909284,0.5771996683187592,230,262,268,x,x
0.3507411794547368,0.5720780656316451,258,271,280,x,x
0.5855742293415896,0.575195345393704,278,313,342,x,x
0.37441298801122425,0.5560860230113297,259,274,296,x,x
0.38174336031602163,0.5705661278980306,315,98,99,x,x
0.4275222609886126,0.5814115957938902,25,270,24,x,x
0.5,1.0,25,26,279,x,x
0.49256365509813577,0.45320651864390343,271,261,265,x,x
0.2822246952338174,0.5239399647174762,258,253,266,x,x
0.3380357518953065,0.4537144779467699,302,263,269,x,x
0.28018549098731754,0.553877516419199,281,219,278,x,x
0.7755940563204179,0.4890275416924256,262,267,268,x,x
0.7926168480983213,0.4672110378903033,267,313,268,x,x
0.5246050803013532,0.44541094294330913,256,258,269,x,x
0.4496944384187535,0.44874959592824837,287,318,307,x,x
0.49860020674173133,0.5559406091137213,27,283,26,x,x
0.47842734097374445,0.551537391565128,266,271,258,x,x
0.6415395879372674,0.5541883007518574,270,272,265,x,x
0.5909234311996219,0.554890652069964,271,265,272,x,x
0.6160545571902527,0.5564680122027544,25,279,270,x,x
0.5642366062288863,0.4173624253182124,282,285,288,x,x
0.5028816724409838,0.44582205032025224,219,215,278,x,x
0.7598601090833941,0.4840474387795788,189,162,295,x,x
0.7814883935050674,0.47607727399461003,275,274,250,x,x
0.4193014916008413,0.44739147613938923,274,275,296,x,x
0.3968454686907208,0.564621877037271,189,316,242,x,x
0.5370993182494265,0.5663228945409842,259,343,243,x,x
0.4631486784970106,0.5588775835773495,243,343,264,x,x
0.4502906232995388,0.5486472327226005,97,334,96,x,x
0.3071791543665559,0.4202277801518806,300,277,208,x,x
0.41634099682850634,0.5647240600876673,105,277,276,x,x
0.566667799226518,0.5660607172243136,223,313,278,x,x
0.6033288740287152,0.5544211225086456,186,281,273,x,x
0.5545376318528081,0.5552569165705042,27,28,286,x,x
0.6286698761565443,0.5767860927242213,285,279,283,x,x
0.5976126587107028,0.5675098672381167,270,282,272,x,x
0.8239949974619246,0.49461368460103744,325,326,320,x,x
0.7827453835787832,0.5337300969838374,313,338,342,x,x
0.258552080569204,0.50139227095465,295,339,321,x,x
0.3020724663938309,0.4493903776774768,26,283,279,x,x
0.39651004508928833,0.4389127391584782,291,290,288,x,x
0.27554943016310124,0.538523503591909,28,29,301,x,x
0.6606009616273467,0.5522881958839859,289,283,286,x,x
0.7713352300854366,0.45191647591537687,309,311,293,x,x
0.42422795012189957,0.6104416405327693,284,290,280,x,x
0.8147531381591631,0.5075712820387352,27,286,283,x,x
0.26130943133909024,0.5231859950752139,290,291,292,x,x
0.49808431898473743,0.5813108186223781,305,301,29,x,x
0.5055439341258434,0.620145101559711,306,301,309,x,x
0.47889148568356643,0.5909321869269324,284,282,288,x,x
0.27026113242809724,0.46512772809862835,37,38,337,x,x
0.6338937705419975,0.5647975397324,285,283,289,x,x
0.42701370255460064,0.406133469661112,280,290,287,x,x
0.7413798029032777,0.48032166497120116,28,301,286,x,x
0.4462125714136865,0.45839055038163734,30,308,305,x,x
0.5257779234727573,0.4103105467807089,284,288,290,x,x
0.490657978497308,0.41025728518476273,288,285,291,x,x
0.8423443135017623,0.5174757503451832,301,306,286,x,x
0.2506490314887419,0.5544189669134576,291,293,292,x,x
0.6052176766307746,0.5926934205891187,352,411,42,x,x
0.24008133913660007,0.475405886539347,344,302,324,x,x
0.6527755862720717,0.570345503877349,323,325,320,x,x
0.2791648890511461,0.42980568677747005,310,311,309,x,x
0.8206823608554059,0.5344370857668526,303,294,242,x,x
0.47300996972836684,0.4542584275497191,250,294,275,x,x
0.8177275238400027,0.4701238995170672,339,295,235,x,x
0.7500914634781167,0.5576319084284309,316,303,242,x,x
0.763964716824145,0.5311866483594281,275,303,317,x,x
0.6874977418122782,0.5584329369750776,366,297,298,x,x
0.6521401184977229,0.6162985723800307,102,304,101,x,x
0.6988723024921197,0.4026883071609827,359,93,94,x,x
0.7542969754237872,0.46394607353508327,276,277,300,x,x
0.720708401068344,0.4755803234726423,276,330,298,x,x
0.528908172339769,0.5758998661845137,276,298,299,x,x
0.22129649524470726,0.5171771552694967,298,103,299,x,x
0.7707608835592348,0.551613538121464,264,343,392,x,x
0.7448700747639322,0.538031151379432,276,300,330,x,x
0.602153529049268,0.45130277193393237,305,29,30,x,x
0.6983883474189183,0.4708734630824286,286,306,289,x,x
0.8012479141538027,0.5590868741481989,302,307,318,x,x
0.7187619622786424,0.5554818494072447,318,324,302,x,x
0.7414909447367187,0.42772714949218293,189,295,321,x,x
0.771095083806749,0.591263903080163,275,317,296,x,x
0.39983193146038404,0.5943658744516505,298,297,304,x,x
0.39044621707423,0.6351584594408295,297,101,304,x,x
0.40654618441247026,0.5551187372604999,31,308,30,x,x
0.4534201913391959,0.4302407106284887,31,32,319,x,x
0.864274893695878,0.47125829031279987,309,301,305,x,x
0.8103358860727498,0.42415316780552276,293,289,306,x,x
0.6749589778314181,0.46604643440350324,287,307,280,x,x
0.7155242068061233,0.444889340782431,269,307,302,x,x
0.3676435973140718,0.6000562208126238,319,32,323,x,x
0.33354597902832195,0.6010640553763363,306,309,293,x,x
0.463445351215472,0.44863031474609877,308,310,305,x,x
0.6511258942181924,0.4614954857949191,309,305,310,x,x
0.6910185334935104,0.4473708705220727,31,319,308,x,x
0.6670140818153025,0.4429716555259859,34,326,325,x,x
0.5447508315760683,0.4398646011553545,312,311,310,x,x
0.437900834167099,0.45922806569939456,39,356,350,x,x
0.44967274612835756,0.3994271586206912,40,356,39,x,x
0.4264547849127291,0.36261208075351714,337,38,350,x,x
0.3370880971857681,0.42555105709092494,344,263,302,x,x
0.6689756021117791,0.3956723909324856,267,338,313,x,x
0.7872063664383444,0.6268896955962742,330,366,298,x,x
0.26615847869352777,0.5945821125115928,481,437,91,x,x
0.46277300612111416,0.632999988275343,335,315,297,x,x
0.3866783011457818,0.399180890850661,98,315,314,x,x
0.35828551448725193,0.4056003769940336,321,316,189,x,x
0.5979051147167079,0.38762556855862434,355,317,336,x,x
0.6268052897284991,0.45607292180654907,321,349,316,x,x
0.3142530442421865,0.584488826893432,296,373,343,x,x
0.5286813186682864,0.6040715770268601,322,318,287,x,x
0.609813420848513,0.6419968879140119,318,322,324,x,x
0.24484199130378242,0.4399370099123357,323,32,33,x,x
0.542874366209304,0.5551219089488417,312,308,319,x,x
0.5083123691015602,0.34802594195422076,47,372,398,x,x
0.25322113213839964,0.4051186441030139,331,345,292,x,x
0.17958513163197698,0.44923212523742484,273,339,235,x,x
0.7323128711704484,0.5873586409492774,336,317,303,x,x
0.6386830082910836,0.3479057123748938,293,331,292,x,x
0.21352441338625433,0.45378747433785466,344,267,263,x,x
0.5593808370291237,0.4467301769635921,325,323,33,x,x
0.6285307183431758,0.5528705893048687,312,323,320,x,x
0.6395513001419637,0.4044613742494721,322,292,345,x,x
0.5082614044112909,0.3816313397301617,338,393,342,x,x
0.1915697143480455,0.4886505961920373,33,34,325,x,x
0.21477516568003602,0.4142839258295909,326,34,35,x,x
0.5354499758313793,0.45308077583457135,35,36,326,x,x
0.6963612363194885,0.34618174676763896,341,37,337,x,x
0.6196574693149863,0.42692803900471116,67,68,327,x,x
0.6830895119336641,0.42294569883044414,365,68,69,x,x
0.3611019298048801,0.3520580557927511,66,67,328,x,x
0.0,0.75,67,419,428,x,x
0.15341789809393155,0.47871897199423286,273,281,329,x,x
0.4711436189077955,0.3647723107503972,391,278,342,x,x
0.5544025422134384,0.3648985781216903,317,355,422,x,x
0.5456065512483845,0.6531245392599472,469,397,370,x,x
0.8303995421489193,0.5733412974976997,337,468,341,x,x
0.5499810740538396,0.5856320223985986,345,367,322,x,x
0.25712675065706714,0.3470480665703193,95,340,94,x,x
0.4819621856105054,0.5696835074353236,368,480,504,x,x
0.5753962689189784,0.6063961518509609,314,315,335,x,x
0.4464211933481015,0.5914401685705631,354,359,340,x,x
0.29736707771469156,0.6236591838901242,314,333,334,x,x
0.11569934821934759,0.4901867197265739,333,96,334,x,x
0.3272920845680535,0.393906510009167,366,330,369,x,x
0.351625134445473,0.6354193850655258,423,314,335,x,x
0.8033610216528981,0.5912835495631096,349,336,316,x,x
1.0,0.75,336,349,355,x,x
0.8615811058185807,0.5643570842930107,408,381,358,x,x
0.2841406166274542,0.39860092174176465,356,376,350,x,x
0.371498224911824,0.7041079923214693,338,344,353,x,x
0.7482224795514264,0.6238851850497557,281,278,391,x,x
0.8331387069546823,0.6068134592669928,371,339,421,x,x
0.30141290868991594,0.35669607881717086,321,371,349,x,x
0.22550819528843938,0.3740881437803614,333,407,340,x,x
0.46004130188961,0.29050918586825036,366,369,335,x,x
0.7137838573211766,0.6693137553007483,43,44,363,x,x
0.1446013629933917,0.5174844046504291,326,36,341,x,x
0.183159736635867,0.5271664438079829,393,338,353,x,x
0.2037667084188336,0.5955992454580439,329,281,391,x,x
0.37124855170151616,0.666961068408461,317,422,296,x,x
0.42796519150869644,0.6795024585199939,373,392,343,x,x
0.3104924883603847,0.6859437252089747,353,344,324,x,x
0.3969244134947786,0.6853627959166347,267,344,338,x,x
0.33760925922933477,0.6660143759396081,386,311,312,x,x
0.41744138125913377,0.7398090122453987,384,331,386,x,x
0.6999367872865666,0.623188552568681,439,469,482,x,x
0.6800989248008619,0.5934267209441974,86,87,378,x,x
0.753115127216005,0.697104525064788,379,377,362,x,x
0.8619168555530671,0.6241255013357998,407,377,379,x,x
0.25,1.0,333,314,423,x,x
0.4760654837353253,0.3260750341624095,745,812,537,x,x
0.266211794652181,0.6258116142111144,371,321,339,x,x
0.18344057548533,0.5712620753848692,443,496,433,x,x
0.15787355152311444,0.5462480794493344,352,42,43,x,x
0.21096088098943297,0.5555114464399054,44,45,399,x,x
0.23477567249662015,0.5836247876789733,374,383,380,x,x
0.2355609755033722,0.6317959190578694,312,320,381,x,x
0.42365612586589346,0.6451041147427073,411,352,374,x,x
0.7609946260296987,0.659804865062233,358,468,408,x,x
0.825542396634307,0.6520162182922059,324,322,367,x,x
0.2753159997172842,0.6939440471310351,429,421,329,x,x
0.4355082309226028,0.3229553225446114,92,332,481,x,x
0.5311018304153099,0.2798856561363121,359,354,332,x,x
0.0,0.25,349,371,433,x,x
0.2829713078538534,0.7276035501296482,300,264,392,x,x
0.30708660778660163,0.7523020965227671,360,40,41,x,x
0.2841545218767548,0.6589687554217252,43,363,352,x,x
0.797007193574684,0.6868945637916627,383,374,410,x,x
0.39736758060242583,0.3351098046924541,40,360,356,x,x
0.5100975552547853,0.3107418949637088,341,358,326,x,x
0.0,0.4375,380,376,374,x,x
0.19338287552823352,0.30451712900395733,340,407,354,x,x
0.15046055321995372,0.6194632868153429,439,378,469,x,x
0.24950432517371057,0.7191461891307026,411,41,42,x,x
0.39426880254622404,0.36752003539547234,367,384,475,x,x
0.34919018145592473,0.27929493585325665,408,466,387,x,x
0.5553190571140946,0.3189477344649285,521,730,494,x,x
0.14244469684293687,0.44262703412379645,370,362,469,x,x
0.16328861992051247,0.3790051986264073,504,460,78,x,x
0.21925684973778445,0.33477213455724425,47,398,46,x,x
0.23348070257727863,0.6769159777645584,523,361,430,x,x
0.19852234693550688,0.7523447241370654,361,351,398,x,x
0.40563097631859923,0.274866623997558,525,432,488,x,x
0.3654075394338532,0.31399663090166424,454,426,406,x,x
0.1070929330507979,0.4540468622797868,365,69,394,x,x
0.0,0.375,484,392,373,x,x
0.08719918403438197,0.4778791007916889,335,297,366,x,x
0.08292423662222247,0.526930434565572,384,345,331,x,x
0.14702196718303942,0.2611940058542027,408,468,413,x,x
0.19526751149684346,0.3875441639763615,476,447,88,x,x
0.17101606841021194,0.4142163123987635,396,510,82,x,x
0.1875734627314321,0.3522079664124785,435,482,362,x,x
0.14180752990316528,0.40217294101907985,362,377,435,x,x
0.12792694106678548,0.3225562555879593,404,85,390,x,x
0.153568542967724,0.34579381484830707,370,481,379,x,x
0.09334556627875831,0.40117835897564413,421,339,329,x,x
0.259953641139378,0.27377721326730964,349,433,355,x,x
0.4298253710919547,0.29316041379136615,387,381,408,x,x
0.40183412445865047,0.30503414427358344,399,410,363,x,x
0.4414896971391879,0.25258779000744047,373,296,422,x,x
0.32930001774086615,0.32918629545266703,397,437,370,x,x
0.24820710854491695,0.3100139751704848,456,521,494,x,x
0.25,0.0,387,474,384,x,x
0.49061647097640293,0.25205291150397574,55,415,401,x,x
0.22333528792420698,0.28192924660301155,375,50,497,x,x
0.2923691558594096,0.30430731068029665,341,468,358,x,x
0.4053841695917719,0.23447190112574115,376,411,374,x,x
0.16831699746725298,0.24012582348974576,507,517,498,x,x
0.3756664894395822,0.25485158786614137,396,83,346,x,x
0.43821676539337473,0.21407318263858988,423,489,377,x,x
0.34248625146787776,0.24547258925276033,378,476,469,x,x
0.3108803850957217,0.2693127570660439,484,369,392,x,x
0.36935661395244734,0.21379350170329534,476,378,447,x,x
0.47901576463856754,0.21292096078499878,357,376,380,x,x
0.284421277450232,0.20136419107829553,410,374,352,x,x
0.45555140678759753,0.17952470552709962,357,413,337,x,x
0.18993077771464784,0.2687865384657901,350,357,337,x,x
0.15424187690096547,0.29026666528901507,430,361,372,x,x
0.16624388940759297,0.3181798614997388,375,49,50,x,x
0.21712050657960547,0.24870212869664313,54,364,53,x,x
0.32383555072995296,0.2980972984086641,525,380,383,x,x
0.08384387299703502,0.2597623386112267,47,48,372,x,x
0.4038619652473598,0.1953997676500872,402,505,434,x,x
0.11474097510743786,0.2849424431579215,414,53,364,x,x
0.3272236777727576,0.20529146441268434,474,387,466,x,x
0.5264859333804666,0.15462699971432026,409,375,497,x,x
0.11669058015928813,0.42332957995009524,331,311,386,x,x
0.12418823302798121,0.24180413201542503,432,523,430,x,x
0.30307934018162835,0.23322461781220968,452,735,417,x,x
0.26390525381586866,0.2347722277356851,46,398,351,x,x
0.3127844498305908,0.12745097971794503,399,363,44,x,x
0.5418192365548326,0.21558830398383572,551,444,451,x,x
0.49452989122399094,0.17707945741862743,361,399,351,x,x
0.13085029621694794,0.3704709275617676,404,396,346,x,x
0.0,0.1875,77,460,492,x,x
0.2243590654486999,0.18748322895598601,424,342,393,x,x
0.309026540110936,0.16840752704764758,342,424,391,x,x
0.5099597258955029,0.22503308811637798,86,390,85,x,x
0.47070589867127755,0.10920398142150338,330,300,392,x,x
0.525555462731563,0.18727004458743216,413,468,337,x,x
0.5838878114966118,0.17259798992578976,443,421,457,x,x
0.0,0.3125,71,436,405,x,x
0.08936486593902655,0.21786832462778602,454,455,473,x,x
0.2520623773592816,0.20449595579582908,394,406,365,x,x
0.26202225992104633,0.15721518044190008,394,70,405,x,x
0.36470902637732605,0.15286591984534847,378,87,447,x,x
0.49219009441042766,0.13978191964902087,426,395,406,x,x
0.07888158621933888,0.29739739177058866,477,492,479,x,x
0.11131313311762414,0.14028117517718597,83,84,346,x,x
0.1455480959817031,0.16973317204688113,54,55,401,x,x
0.37495059250855656,0.1827257389893777,408,413,466,x,x
0.3430382311308687,0.17698502509599798,382,409,456,x,x
0.40384336484940203,0.15612958069116487,474,467,529,x,x
0.5653865926096009,0.13103314959819823,60,425,59,x,x
0.0918679310151534,0.33246605576388466,60,61,451,x,x
0.039573215940064105,0.332829867423506,497,416,409,x,x
0.1450285504072227,0.20877991274596108,45,351,399,x,x
0.11028461359551597,0.18542976263582128,382,456,372,x,x
0.42611084730382387,0.17575413154071187,351,45,46,x,x
0.44039028676513076,0.1371061615091655,330,392,369,x,x
0.5214493594241459,0.1192242295895683,499,533,445,x,x
0.0,0.34375,422,445,412,x,x
0.0676277377566971,0.3673593727042994,369,423,335,x,x
0.1824439807433722,0.18975092572012064,72,436,71,x,x
0.125,0.0,436,454,405,x,x
0.23257168746005324,0.13311653113080507,394,405,406,x,x
0.09949894813285161,0.36363370313041327,406,405,454,x,x
0.061116826120286835,0.39899875327467155,439,438,404,x,x
0.06700596001638563,0.4408038025055805,481,370,437,x,x
0.03447444988489972,0.3770265360084908,375,382,49,x,x
0.027224148875597175,0.4129565702547322,521,456,409,x,x
0.19866575352522428,0.1158402826692218,357,380,388,x,x
0.2048948557497665,0.216219164911799,521,416,414,x,x
0.0,0.125,523,399,361,x,x
0.1875,0.0,387,386,381,x,x
0.049250266099982724,0.30404511381082966,415,55,56,x,x
0.375,0.0,401,415,418,x,x
0.04106970833040646,0.47896690908899286,489,423,369,x,x
0.032597018239879996,0.4462868308085117,461,473,455,x,x
0.0,0.46875,401,364,54,x,x
0.04573153935843217,0.2738817933295172,442,418,417,x,x
0.20159459228980556,0.1552185828842682,357,388,413,x,x
0.3900617659586125,0.0851233640065238,414,52,53,x,x
0.24489056552677463,0.0670302145980253,56,402,415,x,x
0.2716289359099298,0.11543015536557925,410,523,383,x,x
0.40752015172200606,0.11857540917890703,432,431,488,x,x
0.2289800873720355,0.0982557218246495,417,444,452,x,x
0.15366851299132672,0.12461354620303206,425,451,444,x,x
0.21278567040701066,0.07033788147188592,58,400,505,x,x
0.22503880706579008,0.03180715484743027,442,524,385,x,x
0.309260047031891,0.06305525768114265,523,432,383,x,x
0.3707192330643332,0.11649982171904921,67,327,419,x,x
0.3433941175194388,0.1306635146375486,448,327,395,x,x
0.3317561791147971,0.09411834264582694,428,440,446,x,x
0.43455866709191465,0.08318247264735938,418,385,401,x,x
0.18547898836116017,0.04044042731465982,391,424,429,x,x
0.29814975426602613,0.09477890064089282,371,443,433,x,x
0.3553176002330577,0.05337749394765254,355,433,445,x,x
0.16999512101029304,0.08200146996311002,469,476,397,x,x
0.15625,0.018708993975696434,378,404,390,x,x
0.10904777043620846,0.062098563566219775,480,368,510,x,x
0.1262219819772956,0.03341214080312762,441,429,424,x,x
0.15403817370447861,0.05220627468818667,429,329,391,x,x
0.0625,0.0,62,463,61,x,x
0.09375,0.0,420,446,462,x,x
0.078125,0.03678272443908304,404,438,396,x,x
0.05574393950502582,0.09566440358863497,464,1121,1188,x,x
0.04687499999999999,0.028347420208299064,52,414,416,x,x
0.07645540749534954,0.18657807549978978,385,418,442,x,x
0.0,0.21875,419,448,470,x,x
0.07864495880682085,0.15195568787774655,428,419,440,x,x
0.04816251161423778,0.1315528210934787,441,424,393,x,x
0.084491934212785,0.1167728987900658,441,457,429,x,x
0.08599444542958617,0.08459618213069928,60,451,425,x,x
0.12292301110247376,0.09937672026034824,955,562,488,x,x
0.06527818735210629,0.2360048656424772,442,735,524,x,x
1.0,0.25,466,388,427,x,x
0.8664842430183727,0.6677469301650375,388,525,427,x,x
0.8419151142442135,0.7142203262604245,493,393,353,x,x
0.5712925474031139,0.3422508965576542,443,371,421,x,x
0.49735189245673034,0.6704698525511515,412,484,373,x,x
0.5626304954214261,0.2746765807613746,414,385,521,x,x
0.5738189115087751,0.7815180255084562,399,523,410,x,x
0.542141412305241,0.24868389752256584,378,439,404,x,x
1.0,0.625,464,426,454,x,x
0.5511160662346903,0.623777114397575,73,455,72,x,x
0.5791138885317142,0.6372389551181019,436,455,454,x,x
0.5860291523967798,0.6940397233441324,422,355,445,x,x
0.5726326740065342,0.6668493536009221,579,514,573,x,x
0.5385191739760798,0.7005521570068545,533,528,412,x,x
0.6229381093189325,0.6159075648192051,512,479,492,x,x
0.6266795489507823,0.3763744962767271,480,396,438,x,x
0.5989689867157566,0.34792579413442587,435,489,579,x,x
0.6187903980836525,0.2775137487659565,536,530,520,x,x
0.6188096138175493,0.31551510364433477,446,328,428,x,x
0.58594516492534,0.2965310395570743,475,493,367,x,x
0.6711727698329322,0.2964879434363754,441,393,487,x,x
0.5795082498736942,0.24754113184342563,417,418,402,x,x
0.6496684804252827,0.31887352283063874,526,493,475,x,x
0.5693703743170975,0.3892465336765928,421,429,457,x,x
0.27522990844997003,0.3704160572127861,373,422,412,x,x
0.3319332155319673,0.36307422522907823,402,434,417,x,x
0.8931721731455815,0.7025527409857567,383,432,525,x,x
0.7238254060648645,0.6411581312688615,496,499,445,x,x
0.6573502173882726,0.6725864117964274,496,445,433,x,x
0.795284431785324,0.6563731115422714,1094,1093,440,x,x
0.5368117016787347,0.3415631570869782,551,452,444,x,x
0.19110453899266203,0.6387833709789191,491,403,744,x,x
0.2543291434728265,0.6552692158271679,507,439,517,x,x
0.20778332918503536,0.7108215298138633,395,426,1188,x,x
0.1295436693795667,0.7151659602409283,446,520,462,x,x
0.1964041932115064,0.6755062329631908,459,458,449,x,x
0.1681693682328256,0.7040948465735437,360,41,411,x,x
0.1548994602857614,0.6627521417699103,458,450,420,x,x
0.15863951459337378,0.7437620238124569,450,458,459,x,x
0.09638175954441375,0.5880208444729692,463,62,459,x,x
0.1564346565679855,0.8156291553458652,501,463,449,x,x
0.0,0.625,488,427,525,x,x
0.0,0.8125,521,524,730,x,x
0.09339865996739834,0.7810428990245593,403,480,438,x,x
0.12355666949219085,0.6799296920053546,492,460,512,x,x
0.06408598635684273,0.7081611253113245,436,72,455,x,x
0.12425601070571081,0.6440223554173361,461,455,73,x,x
0.0,0.6875,74,461,73,x,x
0.12076151864553959,0.7532018117813785,74,75,472,x,x
0.2521806388353098,0.7790011249071789,380,525,388,x,x
0.09780269095373138,0.7024323147212046,444,400,425,x,x
0.086519747979054,0.7381105870867509,384,367,345,x,x
0.07253311153462359,0.6557927513191926,503,508,500,x,x
0.11870993973344321,0.6118450275684801,462,458,420,x,x
0.08419737146556402,0.6218152824459725,458,462,465,x,x
0.1382736160866447,0.5711346723698589,463,459,449,x,x
0.042211593415791296,0.6263926877667924,62,63,459,x,x
0.05991898823194203,0.5939681284444512,491,512,403,x,x
0.0,0.5625,479,512,506,x,x
0.07327184084135899,0.5610842222642521,75,477,472,x,x
0.022138905064093297,0.5943834028738602,461,74,472,x,x
0.10788835365947652,0.5524265383911368,835,747,1109,x,x
0.036062732866653444,0.5321274920535811,458,465,449,x,x
0.02009773945013631,0.65625,563,540,748,x,x
0.035196762801318685,0.6880483056885238,61,463,451,x,x
0.03012315399045054,0.7261398815564898,513,473,478,x,x
0.12979421587322337,0.7894463196150974,1041,1043,1039,x,x
0.1716782309748477,0.7801294348884875,470,448,946,x,x
0.05689137944029872,0.7388626120027705,731,735,495,x,x
0.06157986264766378,0.7716934768081521,415,402,418,x,x
0.21210835516667048,0.7923308426525413,486,465,530,x,x
0.0,0.875,542,559,557,x,x
0.03118538993975314,0.7584260886905508,519,733,959,x,x
0.06091531490933489,0.8327741378270239,431,432,430,x,x
0.033075361274968434,0.79554561009109,376,357,350,x,x
0.25577440934220647,0.8567030881275305,480,403,504,x,x
0.10286693506988477,0.8230524407379624,464,454,473,x,x
0.0,0.78125,395,471,448,x,x
0.24301953551233393,0.8183589212042525,471,946,448,x,x
0.125,1.0,506,513,479,x,x
0.30183266186605334,0.8113034488307883,723,832,836,x,x
0.19854634455482673,0.8544460505444621,477,75,76,x,x
0.08982256301844177,0.8621394817326652,513,478,479,x,x
0.27416105173053373,0.8292934360245363,472,478,461,x,x
0.3135574823127968,0.875592706773606,473,461,478,x,x
0.21127695236896385,0.8246874613662388,409,382,375,x,x
0.13464469701648574,0.8553776596752031,385,364,401,x,x
0.04839326989113586,0.8928892211829572,487,493,526,x,x
0.05886040059147705,0.8637078169597172,516,541,527,x,x
0.024934291146291636,0.8459190232486055,82,510,81,x,x
0.49167681734103513,0.2842786871728129,518,744,438,x,x
0.2834188356215067,0.3328273691432298,492,76,77,x,x
0.4655889966801066,0.15201840255093294,472,479,478,x,x
0.75,0.0,479,472,477,x,x
0.06465804168190012,0.5006265365120615,510,368,81,x,x
0.0,0.28125,76,492,477,x,x
0.17058614330202057,0.15094885140700967,89,90,347,x,x
0.4085578553911003,0.030480156906759995,453,513,485,x,x
0.4830227723081607,0.053976917878532024,904,903,902,x,x
0.35992209190541385,0.0832238782293372,504,80,368,x,x
0.3125,0.0,481,332,354,x,x
0.03125,0.0,407,423,377,x,x
0.0,0.0625,469,362,482,x,x
0.054672646447700465,0.06156281701874244,362,370,379,x,x
0.0,0.03125,1120,945,1119,x,x
0.029936375827050197,0.24840130611240263,528,484,412,x,x
0.04631099117774658,0.16729128674998991,481,354,379,x,x
0.043378440989906154,0.20507533939308611,499,538,745,x,x
0.9308672742798476,0.6389558675072848,736,502,1229,x,x
0.8374629353884908,0.6821354003115799,830,572,564,x,x
0.8648658104933757,0.6966225009713259,398,372,361,x,x
0.8725593306064223,0.7304210294851462,384,474,475,x,x
0.9322685394608637,0.753027768666617,560,441,487,x,x
0.7226810958032598,0.6984492616802479,526,571,556,x,x
0.9056020705637358,0.7333038547110139,534,547,549,x,x
0.8440198929330264,0.7473217348685284,506,736,485,x,x
1.0,0.6875,473,453,1119,x,x
0.8856912939886172,0.7881112717011765,746,490,528,x,x
0.7925452290963376,0.738867664488839,514,489,490,x,x
0.8939661104297252,0.6428196087406135,1229,511,1120,x,x
0.9009532642298749,0.5940210623240909,514,588,573,x,x
0.9157770581490707,0.6729813492854825,485,513,506,x,x
0.6410334352784679,0.645711673564791,460,403,512,x,x
0.6729784919924743,0.6409709003801002,393,493,487,x,x
0.6216110495827188,0.6758944904234184,524,521,385,x,x
0.6453449443033932,0.7375961363934372,494,730,954,x,x
0.6421795265269179,0.7033982197644015,474,529,475,x,x
0.6876366884210402,0.7066391157514538,467,562,547,x,x
0.6099530205450053,0.7236266169543795,367,493,353,x,x
0.613625031093909,0.7661412041986305,508,503,443,x,x
0.5672616350799587,0.7336809068879784,437,397,347,x,x
0.7621206330352479,0.7948386706913292,416,51,52,x,x
0.5866018989633784,0.7553978177201086,551,501,550,x,x
0.49416227009791125,0.7680689864051844,490,369,484,x,x
0.5100221270060358,0.7135469191533195,538,499,509,x,x
0.5258623430437284,0.7405660435864933,443,503,496,x,x
0.6873326901313044,0.7505906242517071,509,499,496,x,x
0.7392400459003409,0.7641319252015288,642,728,608,x,x
0.5504259088514679,0.7603566441312875,503,509,496,x,x
0.528335591469537,0.8082872188275105,449,465,501,x,x
0.47913327453533794,0.7187261393938158,462,520,530,x,x
0.7243071620197536,0.7288695590695979,460,77,78,x,x
0.75,1.0,517,439,482,x,x
0.7588144299314299,0.7312188734436487,508,443,457,x,x
0.6551174023436659,0.7803519786363091,582,516,589,x,x
0.7717245509976572,0.7638045767265791,553,722,564,x,x
0.8127331482021722,0.7768836494017932,518,438,507,x,x
0.7023745370960265,0.7991891826761038,465,462,530,x,x
0.6151623107429267,0.8293324199236806,466,467,474,x,x
0.8489929883130692,0.7839220557923621,507,438,439,x,x
0.859915817008447,0.8510726358798675,502,737,739,x,x
0.8226587205617812,0.8226692860988384,751,724,518,x,x
0.8639243730321942,0.8159569441898042,566,555,517,x,x
0.8905692012337492,0.8367851669449768,457,559,542,x,x
1.0,0.875,516,582,500,x,x
0.774265186584792,0.9136160594129331,500,509,503,x,x
0.8825871057298988,0.9331310159378463,81,368,80,x,x
0.8484053722090673,0.8977682177584327,522,745,538,x,x
0.6832454068662616,0.778482785127277,506,512,491,x,x
0.7104525269840628,0.7682241301622611,487,526,556,x,x
0.6711377815013245,0.8088573397688884,574,581,751,x,x
0.7038951347044445,0.8593974117204397,412,445,533,x,x
0.6030636260373406,0.7980124428939903,522,584,606,x,x
0.5692629945519354,0.8290661933051858,498,555,574,x,x
0.1608008041061019,0.5911549190161558,528,533,537,x,x
0.03984096523056534,0.5656575317831124,722,747,831,x,x
0.0,0.53125,555,498,517,x,x
0.028264705113561966,0.5045769434296927,1229,1120,485,x,x
0.16647992413826465,0.8469827612715659,482,483,517,x,x
0.1692827813364803,0.907559323258464,498,751,507,x,x
0.0,0.9375,435,483,482,x,x
0.5790200622628817,0.20991306454045316,537,533,745,x,x
0.5567590055992804,0.18803407493645982,959,855,725,x,x
0.6476032701960669,0.19988470377604448,508,542,541,x,x
0.6167248047340359,0.22824108267526755,569,570,1208,x,x
0.6128416826227716,0.19302196029261526,519,731,733,x,x
0.6345708122327969,0.13148274900285334,526,475,529,x,x
0.6361098970005032,0.1666320095629377,840,841,829,x,x
0.7008044371369215,0.16288377662929904,413,388,466,x,x
0.6689857649569293,0.17388149824572685,543,561,752,x,x
0.673401860619772,0.13513032735074326,521,409,416,x,x
0.7043910275709288,0.2247883655099397,752,577,885,x,x
0.6795092099625373,0.20432799057532433,435,377,489,x,x
0.6633617966697327,0.24932437457718648,451,463,501,x,x
0.625,0.0,430,494,431,x,x
0.7363023582049534,0.10042984327538065,427,467,466,x,x
0.6604524865927683,0.06446980156840382,465,535,501,x,x
0.7097457760886587,0.1266506840138331,456,494,430,x,x
0.6569622100167247,0.10162626146642839,385,414,364,x,x
0.7695063843270172,0.16061775766796557,544,547,534,x,x
0.600295865475162,0.08245299503555771,730,524,731,x,x
0.6964145646176493,0.08659004316777064,500,508,516,x,x
0.7348358433894836,0.1520620138496682,508,457,542,x,x
0.7419462578220724,0.1977741896967819,369,490,489,x,x
0.6325041953772294,0.08058664926699713,480,510,396,x,x
0.6140902315428411,0.04165863153176823,446,532,520,x,x
0.6875,0.0,544,529,467,x,x
0.7319123189007529,0.048682051763486764,750,486,564,x,x
0.5625,0.0,446,440,532,x,x
0.649297862298207,0.028621112174852678,536,520,961,x,x
0.7225960608678706,0.0755325101900749,961,520,532,x,x
0.6970783057930411,0.051637205639584884,748,540,550,x,x
0.7574300739755826,0.0725773563139768,473,513,453,x,x
0.875,0.0,484,528,490,x,x
0.7830058836481666,0.11391761942123434,563,535,486,x,x
0.8125,0.0,544,548,529,x,x
0.59375,0.0,501,535,550,x,x
0.578125,0.0334240316308298,848,834,862,x,x
0.53125,0.0349728758230096,563,486,750,x,x
0.7689224556773003,0.034731825557509664,594,538,509,x,x
0.78125,0.0,490,746,514,x,x
0.8108265638803619,0.0681243424224515,770,1230,569,x,x
0.4115282045335416,0.06622450099621068,603,602,566,x,x
0.3841231611709411,0.05673709554743875,539,555,566,x,x
0.4375,0.0,724,751,581,x,x
0.3727045012091971,0.029471146341870834,522,538,584,x,x
0.33858860157058795,0.02293477028795008,561,487,556,x,x
0.44455848471109827,0.04548410031208331,508,541,516,x,x
0.4702860493526379,0.020312505774897138,1237,565,546,x,x
0.5014375772343621,0.08707083361397497,559,457,441,x,x
0.5490535280392167,0.07973960530895183,558,557,885,x,x
0.4650424502085836,0.07895390412656833,548,526,529,x,x
0.0,0.15625,796,1217,1160,x,x
0.9052928209454729,0.5190335016970747,467,427,562,x,x
0.7453830415276009,0.3723123659974637,548,544,1236,x,x
0.8416835560840775,0.44269239022349877,725,953,954,x,x
0.8588746480768492,0.37785200785345097,734,959,733,x,x
0.9633027678231242,0.5539214398776942,549,1192,1194,x,x
0.8411349293999478,0.4078478099771736,561,543,560,x,x
0.8724117247988722,0.441607150758604,467,547,544,x,x
0.9135471795047582,0.46883751384267425,549,547,545,x,x
0.80098768784701,0.369254744017482,1236,544,534,x,x
0.4891895515742342,0.6433120174058001,548,546,571,x,x
0.5177619122852805,0.6461262637505482,488,431,953,x,x
0.46539768068453585,0.6652682324897626,565,569,578,x,x
0.45575252433110724,0.6962400609934137,535,465,486,x,x
0.4478166345880322,0.7278902511256895,962,844,540,x,x
0.44839834180925536,0.7740381635970693,501,551,451,x,x
0.5260243047070541,0.6744416156771282,551,550,844,x,x
0.8111091738442422,0.7142833221586784,536,564,486,x,x
0.8699612201535933,0.5941951604696442,845,849,732,x,x
0.6859549977765947,0.677640067292665,1097,1096,1095,x,x
0.7941724798313604,0.8048759654778462,536,553,564,x,x
0.7768729513149406,0.8642708722065624,594,509,595,x,x
0.7688002105478986,0.8297027747334149,583,594,595,x,x
0.740877131990551,0.8544503625483993,566,517,483,x,x
0.733800221575406,0.8183364676159166,811,574,555,x,x
0.7414659871775152,0.9231712750023593,556,571,753,x,x
0.750862987476227,0.8887277749481131,565,578,585,x,x
0.875,1.0,1237,569,565,x,x
0.7130997107893563,0.8969286730144738,565,571,546,x,x
0.625,1.0,756,752,585,x,x
0.6426012355714281,0.894324142411772,1028,1023,1027,x,x
0.6445941718652203,0.8230428799367813,560,559,441,x,x
0.6782213266500247,0.8855882825664076,557,559,543,x,x
0.6856083823168175,0.9221747215023273,561,560,487,x,x
0.6512018031110364,0.8524049638493393,559,560,543,x,x
0.6875,1.0,578,1230,754,x,x
0.7476502850107888,0.9613726678133375,759,769,755,x,x
0.8072233111185216,0.9226078141881641,488,562,427,x,x
0.8125,1.0,547,562,545,x,x
0.7822229817264195,0.9493455491619952,536,486,530,x,x
0.8209984094299771,0.9605445903141134,563,552,540,x,x
0.713096652652562,0.9473651674816702,561,753,585,x,x
0.6318290109268727,0.7972538613429977,552,563,572,x,x
0.84375,1.0,577,767,774,x,x
0.859375,0.964702540736047,573,483,579,x,x
0.6749771824698154,0.9613687509983486,573,566,483,x,x
0.8434012431211521,0.9329543747540219,608,539,604,x,x
0.9241705291471844,0.8406208540390009,642,608,618,x,x
0.65625,1.0,659,671,667,x,x
0.640625,0.9685707131192771,1163,554,1029,x,x
0.5845027649404648,0.9323346069141053,752,885,543,x,x
0.6512882159711947,0.933904381296683,585,753,565,x,x
0.5625,1.0,526,548,571,x,x
0.6176741116252451,0.9425379718263585,888,815,783,x,x
0.5905460745065128,0.9717097282513758,452,844,843,x,x
0.6101180937508276,0.9080806959411915,764,769,787,x,x
0.5619846728630333,0.8828989935049125,605,588,514,x,x
0.6125965400467465,0.8687037611523292,836,839,960,x,x
0.9375,1.0,603,588,580,x,x
0.548445786659599,0.9580199720085403,811,555,539,x,x
0.901944391928649,0.8862311590836571,574,567,581,x,x
0.8979404750433001,0.9687379609380645,885,774,776,x,x
1.0,0.9375,599,623,596,x,x
0.9120162484634257,0.9415550395038853,576,621,609,x,x
0.9386690453853012,0.9647119418934977,618,604,614,x,x
0.96875,1.0,675,683,575,x,x
0.9550588680738403,0.9189311438451749,764,797,794,x,x
1.0,0.96875,1193,1235,534,x,x
0.9702303460435754,0.953125,799,806,791,x,x
0.5563344400826672,0.8038350688224404,435,579,483,x,x
0.10562367624202518,0.9267122355061372,514,579,489,x,x
0.0,0.90625,610,616,625,x,x
0.03035487502700228,0.921875,539,566,602,x,x
0.06793389078472001,0.9251554222370881,726,742,740,x,x
0.0625,1.0,737,502,736,x,x
0.0879817886892693,0.8968095864945752,589,516,527,x,x
0.12710738397703705,0.8938818510520997,597,595,582,x,x
0.0339135769842071,0.966086423015793,638,599,583,x,x
0.08520522923149035,0.9640289071116577,596,584,538,x,x
0.05905067954160781,0.9523757352680999,538,594,596,x,x
0.12405846254540313,0.9610436249678562,609,606,584,x,x
0.09375,1.0,557,558,542,x,x
0.1412349802726255,0.9297052994640513,758,767,577,x,x
0.1875,1.0,587,611,604,x,x
0.16610182383703503,0.9637111841269943,756,757,758,x,x
0.15625,1.0,539,602,604,x,x
0.21875,0.9571197621652551,514,746,605,x,x
0.19385141905615913,0.9718015369332346,603,580,587,x,x
0.18898973381061432,0.9368417359450104,527,591,589,x,x
0.21875,1.0,674,675,590,x,x
0.21494663824423577,0.8981002794784904,527,541,592,x,x
0.555561248239011,0.15869939099160207,824,823,712,x,x
0.5999182356946887,0.14056255078233693,592,591,527,x,x
0.5893747851132893,0.11143802838927322,621,593,612,x,x
0.7018863849267637,0.2671727321126416,765,767,758,x,x
0.7110405944818036,0.30751058740717263,682,673,591,x,x
0.7501257567842159,0.2487571803839074,626,652,685,x,x
0.7323469199244393,0.33772003193341144,660,659,667,x,x
0.7584642874250334,0.2966815364449731,595,509,500,x,x
0.771639177871891,0.3426652422867568,594,583,596,x,x
0.7301555795639144,0.2819650140808469,500,582,595,x,x
0.8334492842777788,0.3039331812341659,589,631,582,x,x
0.8080064544854847,0.33201603707390315,599,596,583,x,x
0.7963813786243795,0.2959168945144886,576,584,596,x,x
0.8460618896669743,0.3409270171909134,597,600,638,x,x
0.8291259963808699,0.23421386694071583,583,595,597,x,x
1.0,0.375,583,597,638,x,x
0.8309245019731244,0.36686507515767597,628,622,598,x,x
0.8214554119283867,0.26968321961408503,591,673,589,x,x
0.7854527652009359,0.26037170906328966,598,622,623,x,x
0.8716897122137288,0.2619827695320002,597,582,631,x,x
1.0,0.4375,628,593,622,x,x
0.8699369755356815,0.31214011618693477,609,601,606,x,x
0.7798637180853002,0.21783850782878475,598,623,599,x,x
0.8009460899529918,0.2367020058607429,603,566,573,x,x
0.8121657388386949,0.20294974052059622,604,602,587,x,x
0.7853675755909328,0.18729452526991427,588,603,573,x,x
0.8185705042493046,0.1494994042111555,587,602,603,x,x
0.8760685390305003,0.18851594587365209,587,613,611,x,x
0.846152677681632,0.2047447925157987,567,574,811,x,x
0.8466561207051735,0.16998531807260578,606,610,812,x,x
0.8767280388311194,0.2254191608457558,588,605,625,x,x
0.8689291863781847,0.10995431104366282,609,584,576,x,x
0.916158401053295,0.20625699776076242,610,606,601,x,x
0.8493267273026095,0.13682873563179287,616,615,580,x,x
0.9196275215990553,0.24995948237785073,619,649,641,x,x
1.0,0.125,604,611,614,x,x
0.8209338422038963,0.1115725815589326,604,618,608,x,x
0.8921148925469132,0.14745250574481597,622,621,576,x,x
0.9371986464377544,0.0936593971707548,621,624,609,x,x
1.0,0.1875,633,634,619,x,x
0.9057591635551397,0.11309890933987415,812,605,537,x,x
0.892077636810633,0.056087639849683964,613,587,580,x,x
0.9491973189785401,0.14820808694160245,617,611,613,x,x
0.8894497730547279,0.08686554947036226,593,632,612,x,x
0.8511029519030738,0.07344748146529646,614,620,618,x,x
0.8357401931455091,0.034653606980402984,615,613,580,x,x
0.8023326141516871,0.03579446895710844,613,615,617,x,x
0.84375,0.0,609,624,601,x,x
0.6489906176604646,0.2759330407270608,597,631,600,x,x
0.7102990262369712,0.19338987818683212,580,625,616,x,x
0.71875,0.0,616,634,633,x,x
0.6788837464448308,0.028305202950142223,610,601,616,x,x
0.7539950106761428,0.1267692819200416,629,615,633,x,x
0.53125,0.0,619,641,629,x,x
0.5014815186987235,0.03012434029338727,615,616,633,x,x
0.7852616307977742,0.08394049388516005,612,668,677,x,x
0.5223263760433668,0.06444531761693185,617,655,627,x,x
0.5552542235356681,0.05135005998180965,591,592,815,x,x
0.5479289225638435,0.10834489309289032,614,611,627,x,x
0.8734762209413034,0.5320887899102603,614,627,663,x,x
0.8789570059029775,0.5001486026517571,637,618,620,x,x
0.9020657320050294,0.5564660950723623,576,623,622,x,x
0.9328865761251559,0.5761730426471127,596,623,576,x,x
0.9283316543463686,0.5398750963886778,674,590,666,x,x
0.9438254278802116,0.4995932256152623,621,622,593,x,x
1.0,0.5625,626,647,632,x,x
0.8842979018350063,0.3483448137933918,632,593,628,x,x
1.0,0.53125,612,624,621,x,x
0.9717980965568557,0.515625,627,611,617,x,x
0.9720358593333965,0.48279052777332226,588,625,580,x,x
0.9733435134640416,0.59375,610,625,605,x,x
0.9300607736011223,0.30924200424800913,662,661,647,x,x
0.9138325288787194,0.39949757611255626,629,617,615,x,x
0.964660964823774,0.6281503721007349,651,630,637,x,x
0.9395330090761286,0.607810699879472,642,637,644,x,x
0.928524066884278,0.7061508630200947,619,634,648,x,x
0.9598123325433563,0.6712333525119704,628,626,632,x,x
0.9004943347927407,0.3209698041395055,650,655,656,x,x
0.8935087751914318,0.28785452936714495,916,927,905,x,x
0.9315358426976613,0.3560939579236297,892,742,636,x,x
0.8901332134377212,0.37907836210241536,673,631,589,x,x
0.8833378334789742,0.41092810810354596,626,628,652,x,x
0.9094318993479542,0.4341500225397706,685,826,720,x,x
0.9552140592082743,0.4223584029199632,661,668,612,x,x
1.0,0.65625,634,616,601,x,x
0.729672668129477,0.3990530105738864,619,629,633,x,x
0.7110817249170469,0.37383666468451704,601,624,634,x,x
0.7644421246787291,0.40149506812102015,624,677,648,x,x
0.4686262311365087,0.7507055629222669,664,699,643,x,x
0.4772788190483611,0.8170424130408446,655,617,656,x,x
0.37853285591635744,0.806111380222969,893,644,1034,x,x
0.8196080257341776,0.8653079466078213,739,740,738,x,x
0.8187158560503272,0.8951034556655159,664,643,813,x,x
0.6797717530716204,0.8391470765160894,644,637,630,x,x
0.5321562763946643,0.8514577006378008,598,599,638,x,x
0.5011745679331717,0.9107198549533666,600,672,667,x,x
0.5061240466167138,0.8320073011188722,632,661,612,x,x
0.49729916823248604,0.8709642786067774,647,713,662,x,x
0.5275852557314592,0.8880786473279013,635,641,649,x,x
0.5497296198290625,0.9183275532784319,619,648,649,x,x
0.375,1.0,641,697,656,x,x
0.4668023160488787,0.8940038082210316,637,642,618,x,x
0.46049517387742955,0.8539514739533124,642,636,728,x,x
0.4375,1.0,627,655,657,x,x
0.39264700539994546,0.8851584642285161,696,690,657,x,x
0.4298045889298132,0.8177250131297195,1034,645,893,x,x
0.47260548898777194,0.9257679475235739,642,644,636,x,x
0.5055320992134147,0.9536362134907875,630,651,665,x,x
0.4249632567120923,0.9205513342872862,896,898,894,x,x
0.43097208323997527,0.8791233174864261,628,659,652,x,x
0.5229985102297846,0.9301833525970757,568,826,816,x,x
0.53125,1.0,660,667,674,x,x
0.4065714027811449,0.8488770464488302,710,705,718,x,x
0.3571332550705633,0.8507159669992728,624,648,634,x,x
0.8776885256271357,0.9036645343604057,648,640,649,x,x
0.9233749406057028,0.9109084159444829,640,668,686,x,x
0.938724893573336,0.8759338792478687,640,670,649,x,x
0.9690086062833715,0.8522502180327437,646,680,660,x,x
1.0,0.90625,663,620,614,x,x
0.9713313574586636,0.890625,813,637,620,x,x
0.03125,1.0,940,665,643,x,x
0.0,0.96875,659,628,598,x,x
0.18806727848689656,0.883290688516866,660,680,659,x,x
0.15663654140508312,0.8783666946575645,653,715,717,x,x
0.22663877827707177,0.8687999062937776,711,717,716,x,x
0.2555607817253108,0.8973240862669689,686,817,676,x,x
0.28107021691762807,0.8771471807010457,640,686,670,x,x
0.2997344346572449,0.9269582407064542,656,617,629,x,x
0.23580175678599688,0.9263886143189787,657,655,650,x,x
0.25997917232166456,0.9599002274646691,629,641,656,x,x
0.26774899508030303,0.928817210131216,697,641,635,x,x
0.3125,1.0,659,680,652,x,x
0.28125,1.0,663,664,620,x,x
0.296875,0.9660203405137319,572,960,839,x,x
0.3501705444182232,0.9502859872607694,658,630,665,x,x
0.3277327353609545,0.9724131893583249,638,671,598,x,x
0.6185441826660503,0.10664349726184513,671,600,667,x,x
0.73326327994979,0.2253148882887701,669,704,706,x,x
0.7909707592422909,0.14152121072021534,816,826,685,x,x
1.0,0.3125,647,661,632,x,x
0.9564993972581933,0.22504364588744694,668,661,654,x,x
0.8687928260923743,0.03253369865405424,717,718,719,x,x
0.9375,0.0,661,662,654,x,x
0.9379882034190088,0.04683175421278879,627,657,663,x,x
0.9028325876752288,0.02216922821118174,664,663,657,x,x
0.9650305143222014,0.7268227754313376,820,696,698,x,x
0.9723241412952341,0.6980984953739395,643,651,813,x,x
1.0,0.71875,643,665,651,x,x
0.9472838841492185,0.3878294047217741,674,666,660,x,x
0.9679006590050907,0.35782372912491167,783,815,592,x,x
1.0,0.34375,856,855,734,x,x
1.0,0.40625,673,600,631,x,x
0.9706081167758855,0.4506306435783821,646,660,666,x,x
0.794400961546914,0.39862146867201964,654,662,653,x,x
0.7814509057683158,0.42485168118841793,668,640,677,x,x
0.4735370644063373,0.7883554792128259,688,693,694,x,x
0.501663137282858,0.7963231249650992,692,676,817,x,x
0.523816491925393,0.7753191560505711,687,690,696,x,x
0.4084191775083332,0.7790820896336221,657,690,664,x,x
0.3604792581948299,0.7561121763237163,598,671,659,x,x
0.39079180584652634,0.7543596795928387,600,671,638,x,x
0.7903963605923067,0.8897270495871701,672,600,673,x,x
0.4653332850042536,0.9677458008248291,674,672,675,x,x
0.46875,1.0,646,816,680,x,x
0.42517825368984785,0.961230870148437,682,683,673,x,x
0.40625,1.0,667,672,674,x,x
0.390625,0.9683661697542143,673,675,672,x,x
0.38129723884973804,0.8348732816999462,590,675,575,x,x
0.35171667760726644,0.8918314241383966,648,677,640,x,x
0.37760575527014906,0.921763923973837,676,691,670,x,x
0.3232602553322599,0.9057465694242123,612,677,624,x,x
0.3225488560120072,0.840739103472428,826,568,714,x,x
0.34002856756145217,0.8064296124009331,694,607,1238,x,x
0.3176268656590007,0.7829752867974217,703,692,719,x,x
0.2847680989447931,0.7832221351790275,688,691,693,x,x
1.0,0.8125,649,670,689,x,x
0.9497064231838295,0.18692446064818855,699,664,690,x,x
0.9182369709009108,0.17108952445742287,635,701,698,x,x
1.0,0.21875,700,694,693,x,x
0.9187562495432063,0.06992796364911938,815,682,591,x,x
1.0,0.0625,683,684,575,x,x
0.9598038323641956,0.26967420774316586,673,683,675,x,x
0.4017703651348376,0.9401327823537462,682,888,684,x,x
0.29463003869178955,0.8507637538939361,685,652,680,x,x
0.9560002420117026,0.8101518200705231,682,684,683,x,x
0.919392049159106,0.803768882522083,826,714,828,x,x
0.9796052127503181,0.78125,817,668,654,x,x
0.9483704214076519,0.7798299713619988,686,676,670,x,x
0.96875,0.023092652281501435,936,937,681,x,x
0.9649411423130403,0.07070668327307397,933,699,687,x,x
1.0,0.09375,649,689,635,x,x
0.9685767158455841,0.109375,691,689,670,x,x
1.0,0.28125,701,688,695,x,x
0.9653141661819045,0.3047791248135517,696,657,650,x,x
0.9304956826285499,0.27860611813015534,690,687,699,x,x
0.6679932637645672,0.3628065756557214,700,693,703,x,x
0.2332059319579043,0.7498622459501774,689,691,688,x,x
0.78125,1.0,676,693,691,x,x
0.71875,1.0,707,705,706,x,x
0.5823668899698687,0.858246294142906,700,679,694,x,x
1.0,0.15625,1238,695,688,x,x
0.33595657955294783,0.7237466849178977,679,607,694,x,x
0.34330618797720613,0.6950672694247605,702,934,820,x,x
0.3086617535673344,0.7146547006877613,650,697,696,x,x
0.2752593297920879,0.035635256422517636,697,635,698,x,x
0.28125,0.0,656,697,650,x,x
0.3067979319883866,0.03131787972452319,689,701,635,x,x
0.019145482464938746,0.09375,698,695,702,x,x
x,x,696,697,698,x,x
x,x,934,933,687,x,x
x,x,818,933,934,x,x
x,x,693,676,703,x,x
x,x,669,679,704,x,x
x,x,688,701,689,x,x
x,x,695,698,701,x,x
x,x,695,1240,937,x,x
x,x,681,818,936,x,x
x,x,676,692,703,x,x
x,x,653,692,654,x,x
x,x,679,700,704,x,x
x,x,704,707,706,x,x
x,x,713,715,662,x,x
x,x,669,706,709,x,x
x,x,704,700,707,x,x
x,x,706,705,710,x,x
x,x,700,703,707,x,x
x,x,707,703,719,x,x
x,x,708,710,712,x,x
x,x,706,710,709,x,x
x,x,712,825,822,x,x
x,x,710,708,709,x,x
x,x,822,825,0,x,x
x,x,653,662,715,x,x
x,x,718,824,710,x,x
x,x,647,720,828,x,x
x,x,828,827,713,x,x
x,x,720,647,626,x,x
x,x,827,943,716,x,x
x,x,713,827,715,x,x
x,x,715,716,717,x,x
x,x,715,827,716,x,x
x,x,1241,716,678,x,x
x,x,711,718,717,x,x
x,x,653,717,719,x,x
x,x,716,1241,711,x,x
x,x,719,718,705,x,x
x,x,719,705,707,x,x
x,x,653,719,692,x,x
x,x,685,720,626,x,x
x,x,828,639,827,x,x
x,x,473,1119,464,x,x
x,x,728,567,608,x,x
x,x,947,1114,1115,x,x
x,x,488,953,955,x,x
x,x,553,841,840,x,x
x,x,744,724,737,x,x
x,x,581,726,740,x,x
x,x,840,842,722,x,x
x,x,847,849,845,x,x
x,x,728,726,567,x,x
x,x,742,728,636,x,x
x,x,1093,532,440,x,x
x,x,1229,743,511,x,x
x,x,840,722,553,x,x
x,x,740,724,581,x,x
x,x,722,842,747,x,x
x,x,903,894,900,x,x
x,x,1179,833,1109,x,x
x,x,524,735,731,x,x
x,x,730,519,954,x,x
x,x,495,845,733,x,x
x,x,519,730,731,x,x
x,x,495,735,843,x,x
x,x,734,851,856,x,x
x,x,495,733,731,x,x
x,x,734,733,732,x,x
x,x,849,851,732,x,x
x,x,955,725,956,x,x
x,x,417,735,442,x,x
x,x,843,735,452,x,x
x,x,506,491,736,x,x
x,x,737,736,491,x,x
x,x,737,491,744,x,x
x,x,740,739,737,x,x
x,x,892,895,742,x,x
x,x,739,743,502,x,x
x,x,737,724,740,x,x
x,x,743,739,1082,x,x
x,x,567,726,581,x,x
x,x,728,742,726,x,x
x,x,896,892,645,x,x
x,x,1059,1060,1058,x,x
x,x,636,893,892,x,x
x,x,738,740,742,x,x
x,x,1082,739,738,x,x
x,x,511,743,741,x,x
x,x,438,744,403,x,x
x,x,744,518,724,x,x
x,x,499,745,533,x,x
x,x,812,745,522,x,x
x,x,528,537,746,x,x
x,x,605,746,537,x,x
x,x,832,723,831,x,x
x,x,722,830,564,x,x
x,x,550,535,748,x,x
x,x,563,748,535,x,x
x,x,847,848,846,x,x
x,x,495,843,845,x,x
x,x,564,572,750,x,x
x,x,563,750,572,x,x
x,x,507,751,518,x,x
x,x,574,751,498,x,x
x,x,561,585,752,x,x
x,x,754,585,578,x,x
x,x,556,753,561,x,x
x,x,565,753,571,x,x
x,x,759,757,586,x,x
x,x,585,754,756,x,x
x,x,759,755,757,x,x
x,x,767,775,774,x,x
x,x,754,757,756,x,x
x,x,752,756,758,x,x
x,x,586,757,754,x,x
x,x,752,758,577,x,x
x,x,755,765,757,x,x
x,x,762,777,784,x,x
x,x,794,790,764,x,x
x,x,759,586,788,x,x
x,x,886,783,780,x,x
x,x,558,782,541,x,x
x,x,768,762,784,x,x
x,x,793,515,786,x,x
x,x,771,765,755,x,x
x,x,772,755,769,x,x
x,x,768,785,786,x,x
x,x,782,558,776,x,x
x,x,791,788,586,x,x
x,x,765,771,773,x,x
x,x,757,765,758,x,x
x,x,772,771,755,x,x
x,x,766,771,772,x,x
x,x,769,764,772,x,x
x,x,771,766,773,x,x
x,x,558,885,776,x,x
x,x,797,764,787,x,x
x,x,773,784,777,x,x
x,x,1230,770,791,x,x
x,x,790,772,764,x,x
x,x,789,790,793,x,x
x,x,759,788,787,x,x
x,x,760,775,778,x,x
x,x,773,767,765,x,x
x,x,773,766,785,x,x
x,x,810,794,809,x,x
x,x,774,775,760,x,x
x,x,775,767,773,x,x
x,x,774,760,776,x,x
x,x,773,777,775,x,x
x,x,775,777,778,x,x
x,x,760,780,782,x,x
x,x,542,558,541,x,x
x,x,766,786,785,x,x
x,x,780,783,592,x,x
x,x,777,762,781,x,x
x,x,782,780,592,x,x
x,x,760,778,780,x,x
x,x,777,781,778,x,x
x,x,778,781,886,x,x
x,x,762,779,781,x,x
x,x,779,783,886,x,x
x,x,541,782,592,x,x
x,x,760,782,776,x,x
x,x,160,888,887,x,x
x,x,888,160,684,x,x
x,x,773,785,784,x,x
x,x,768,784,785,x,x
x,x,766,772,789,x,x
x,x,768,786,515,x,x
x,x,759,787,769,x,x
x,x,797,803,794,x,x
x,x,586,1230,791,x,x
x,x,787,788,761,x,x
x,x,786,789,793,x,x
x,x,766,789,786,x,x
x,x,790,789,772,x,x
x,x,795,798,793,x,x
x,x,791,770,799,x,x
x,x,761,788,791,x,x
x,x,803,809,794,x,x
x,x,515,793,798,x,x
x,x,809,808,810,x,x
x,x,793,790,795,x,x
x,x,790,794,795,x,x
x,x,810,795,794,x,x
x,x,804,799,1208,x,x
x,x,799,804,796,x,x
x,x,787,761,797,x,x
x,x,761,791,806,x,x
x,x,570,1207,1208,x,x
x,x,795,763,798,x,x
x,x,806,799,1158,x,x
x,x,797,807,803,x,x
x,x,807,1019,803,x,x
x,x,549,1194,534,x,x
x,x,957,958,549,x,x
x,x,893,636,644,x,x
x,x,889,1156,1157,x,x
x,x,807,797,761,x,x
x,x,1019,1013,1018,x,x
x,x,1208,799,770,x,x
x,x,801,1205,1217,x,x
x,x,1192,549,958,x,x
x,x,1147,1206,1201,x,x
x,x,1158,799,796,x,x
x,x,806,802,889,x,x
x,x,761,889,807,x,x
x,x,889,802,1156,x,x
x,x,803,1019,1018,x,x
x,x,1014,792,808,x,x
x,x,1018,809,803,x,x
x,x,810,808,792,x,x
x,x,792,763,810,x,x
x,x,795,810,763,x,x
x,x,539,608,811,x,x
x,x,567,811,608,x,x
x,x,606,812,522,x,x
x,x,605,812,610,x,x
x,x,637,813,651,x,x
x,x,620,664,813,x,x
x,x,895,904,1082,x,x
x,x,923,1089,925,x,x
x,x,680,816,685,x,x
x,x,668,817,686,x,x
x,x,654,692,817,x,x
x,x,938,939,819,x,x
x,x,938,699,933,x,x
x,x,919,927,928,x,x
x,x,643,699,942,x,x
x,x,696,820,687,x,x
x,x,698,702,820,x,x
x,x,824,718,711,x,x
x,x,1239,1240,1238,x,x
x,x,822,708,712,x,x
x,x,824,712,710,x,x
x,x,716,943,678,x,x
x,x,824,711,1241,x,x
x,x,712,823,825,x,x
x,x,647,828,713,x,x
x,x,826,828,720,x,x
x,x,639,828,714,x,x
x,x,830,723,960,x,x
x,x,831,830,722,x,x
x,x,832,831,747,x,x
x,x,830,831,723,x,x
x,x,835,832,747,x,x
x,x,839,864,572,x,x
x,x,1219,874,838,x,x
x,x,552,862,834,x,x
x,x,838,836,832,x,x
x,x,1012,883,884,x,x
x,x,747,842,1109,x,x
x,x,835,833,838,x,x
x,x,838,832,835,x,x
x,x,867,963,866,x,x
x,x,1118,837,1110,x,x
x,x,1109,833,835,x,x
x,x,1149,1009,1006,x,x
x,x,572,864,552,x,x
x,x,850,727,853,x,x
x,x,867,866,839,x,x
x,x,841,553,961,x,x
x,x,840,829,842,x,x
x,x,532,1093,1095,x,x
x,x,139,1101,1102,x,x
x,x,729,1118,1107,x,x
x,x,1107,1110,829,x,x
x,x,452,551,844,x,x
x,x,845,843,749,x,x
x,x,540,844,550,x,x
x,x,749,843,844,x,x
x,x,845,749,847,x,x
x,x,733,845,732,x,x
x,x,749,848,847,x,x
x,x,866,858,864,x,x
x,x,848,749,962,x,x
x,x,847,846,849,x,x
x,x,552,834,540,x,x
x,x,848,862,857,x,x
x,x,850,849,846,x,x
x,x,732,851,734,x,x
x,x,963,965,852,x,x
x,x,857,865,846,x,x
x,x,853,849,850,x,x
x,x,1191,856,859,x,x
x,x,852,967,858,x,x
x,x,879,880,868,x,x
x,x,859,853,727,x,x
x,x,849,853,851,x,x
x,x,985,974,869,x,x
x,x,884,1128,860,x,x
x,x,857,846,848,x,x
x,x,873,872,870,x,x
x,x,859,856,851,x,x
x,x,856,854,861,x,x
x,x,834,848,962,x,x
x,x,864,839,866,x,x
x,x,865,857,879,x,x
x,x,1191,860,1190,x,x
x,x,853,859,851,x,x
x,x,727,1012,859,x,x
x,x,727,850,883,x,x
x,x,1136,1131,1135,x,x
x,x,957,1122,958,x,x
x,x,957,545,956,x,x
x,x,552,864,862,x,x
x,x,856,861,855,x,x
x,x,864,858,862,x,x
x,x,725,855,861,x,x
x,x,862,858,880,x,x
x,x,865,850,846,x,x
x,x,867,839,836,x,x
x,x,971,882,966,x,x
x,x,852,858,866,x,x
x,x,838,870,836,x,x
x,x,867,836,870,x,x
x,x,963,872,965,x,x
x,x,975,977,1127,x,x
x,x,865,879,881,x,x
x,x,1012,884,860,x,x
x,x,873,870,838,x,x
x,x,872,867,870,x,x
x,x,1003,871,874,x,x
x,x,1006,1007,1004,x,x
x,x,877,987,989,x,x
x,x,866,963,852,x,x
x,x,1153,1150,1151,x,x
x,x,872,873,871,x,x
x,x,1150,1149,1003,x,x
x,x,878,1148,989,x,x
x,x,1211,1210,1066,x,x
x,x,1003,874,990,x,x
x,x,876,982,968,x,x
x,x,872,1125,964,x,x
x,x,1209,1220,531,x,x
x,x,987,970,986,x,x
x,x,983,982,980,x,x
x,x,969,966,964,x,x
x,x,880,879,857,x,x
x,x,881,879,868,x,x
x,x,862,880,857,x,x
x,x,868,880,858,x,x
x,x,965,967,852,x,x
x,x,881,974,985,x,x
x,x,975,973,977,x,x
x,x,967,1127,868,x,x
x,x,985,850,865,x,x
x,x,883,869,884,x,x
x,x,973,998,1000,x,x
x,x,996,998,994,x,x
x,x,543,885,557,x,x
x,x,774,885,577,x,x
x,x,778,886,780,x,x
x,x,779,886,781,x,x
x,x,815,888,682,x,x
x,x,783,779,887,x,x
x,x,887,888,783,x,x
x,x,806,889,761,x,x
x,x,1031,1033,1162,x,x
x,x,1026,1030,1032,x,x
x,x,1021,1017,1022,x,x
x,x,896,895,892,x,x
x,x,1014,1015,891,x,x
x,x,1034,644,630,x,x
x,x,645,892,893,x,x
x,x,898,645,1035,x,x
x,x,898,900,894,x,x
x,x,903,904,894,x,x
x,x,738,742,895,x,x
x,x,1035,645,658,x,x
x,x,894,895,896,x,x
x,x,929,919,928,x,x
x,x,900,901,899,x,x
x,x,645,898,896,x,x
x,x,901,900,898,x,x
x,x,908,899,901,x,x
x,x,741,904,1037,x,x
x,x,901,898,897,x,x
x,x,1083,903,900,x,x
x,x,915,909,1170,x,x
x,x,897,909,901,x,x
x,x,899,908,913,x,x
x,x,1171,1083,914,x,x
x,x,1083,900,899,x,x
x,x,1037,904,902,x,x
x,x,1082,904,741,x,x
x,x,894,904,895,x,x
x,x,913,1086,910,x,x
x,x,907,909,915,x,x
x,x,1083,913,914,x,x
x,x,1084,814,918,x,x
x,x,908,901,912,x,x
x,x,901,909,912,x,x
x,x,1086,913,908,x,x
x,x,1036,1170,1035,x,x
x,x,909,907,912,x,x
x,x,921,923,906,x,x
x,x,950,1115,1116,x,x
x,x,940,1090,941,x,x
x,x,915,916,907,x,x
x,x,918,921,922,x,x
x,x,908,912,906,x,x
x,x,1086,908,906,x,x
x,x,913,910,914,x,x
x,x,1047,1050,1045,x,x
x,x,1121,464,1119,x,x
x,x,1170,909,897,x,x
x,x,916,915,911,x,x
x,x,1087,919,929,x,x
x,x,916,905,920,x,x
x,x,906,912,921,x,x
x,x,916,920,907,x,x
x,x,912,907,922,x,x
x,x,658,665,1092,x,x
x,x,1080,1089,930,x,x
x,x,905,917,920,x,x
x,x,1085,920,917,x,x
x,x,922,921,912,x,x
x,x,923,921,918,x,x
x,x,1085,907,920,x,x
x,x,922,1085,1084,x,x
x,x,926,1080,931,x,x
x,x,906,923,925,x,x
x,x,1111,1055,1112,x,x
x,x,918,930,923,x,x
x,x,930,918,814,x,x
x,x,1058,1062,1048,x,x
x,x,928,927,916,x,x
x,x,916,911,928,x,x
x,x,940,941,1092,x,x
x,x,911,941,1091,x,x
x,x,1088,929,1090,x,x
x,x,1079,1080,926,x,x
x,x,1078,932,1079,x,x
x,x,930,814,931,x,x
x,x,1214,1223,1222,x,x
x,x,687,820,934,x,x
x,x,935,818,681,x,x
x,x,936,934,702,x,x
x,x,934,936,818,x,x
x,x,1088,939,348,x,x
x,x,818,938,933,x,x
x,x,937,936,702,x,x
x,x,935,938,818,x,x
x,x,695,937,702,x,x
x,x,681,937,821,x,x
x,x,942,938,819,x,x
x,x,938,935,939,x,x
x,x,935,348,939,x,x
x,x,942,940,643,x,x
x,x,819,1088,1090,x,x
x,x,928,1091,929,x,x
x,x,941,911,1036,x,x
x,x,938,942,699,x,x
x,x,940,942,819,x,x
x,x,470,950,951,x,x
x,x,827,639,943,x,x
x,x,1097,1095,944,x,x
x,x,1038,741,1037,x,x
x,x,1046,1051,1044,x,x
x,x,949,946,471,x,x
x,x,950,470,946,x,x
x,x,471,1187,949,x,x
x,x,1187,1050,949,x,x
x,x,1055,1100,1047,x,x
x,x,951,944,1094,x,x
x,x,1187,1121,952,x,x
x,x,1100,947,1047,x,x
x,x,949,950,946,x,x
x,x,1114,947,1100,x,x
x,x,947,1115,949,x,x
x,x,1099,948,1101,x,x
x,x,1040,945,1120,x,x
x,x,1045,952,1042,x,x
x,x,954,953,431,x,x
x,x,955,953,725,x,x
x,x,954,431,494,x,x
x,x,954,519,959,x,x
x,x,956,725,861,x,x
x,x,562,955,545,x,x
x,x,957,956,861,x,x
x,x,545,955,956,x,x
x,x,1122,861,854,x,x
x,x,545,957,549,x,x
x,x,1190,1123,1189,x,x
x,x,1193,1206,1207,x,x
x,x,855,959,734,x,x
x,x,954,959,725,x,x
x,x,830,960,572,x,x
x,x,836,960,723,x,x
x,x,536,961,553,x,x
x,x,1095,961,532,x,x
x,x,844,962,749,x,x
x,x,834,962,540,x,x
x,x,867,872,963,x,x
x,x,872,964,965,x,x
x,x,1125,872,871,x,x
x,x,869,883,985,x,x
x,x,964,966,965,x,x
x,x,868,858,967,x,x
x,x,980,1195,1126,x,x
x,x,882,1127,967,x,x
x,x,965,966,967,x,x
x,x,882,967,966,x,x
x,x,994,992,996,x,x
x,x,969,971,966,x,x
x,x,874,871,873,x,x
x,x,969,968,971,x,x
x,x,981,1231,983,x,x
x,x,979,982,1231,x,x
x,x,988,976,984,x,x
x,x,882,971,975,x,x
x,x,975,976,973,x,x
x,x,984,971,968,x,x
x,x,1141,1002,1145,x,x
x,x,1127,974,881,x,x
x,x,994,988,992,x,x
x,x,976,975,971,x,x
x,x,1000,977,973,x,x
x,x,979,984,968,x,x
x,x,976,971,984,x,x
x,x,869,974,977,x,x
x,x,977,974,1127,x,x
x,x,1232,978,984,x,x
x,x,1195,969,964,x,x
x,x,1125,1126,1195,x,x
x,x,876,968,969,x,x
x,x,980,1126,989,x,x
x,x,980,982,876,x,x
x,x,979,968,982,x,x
x,x,979,1231,863,x,x
x,x,986,981,983,x,x
x,x,1232,979,863,x,x
x,x,988,984,978,x,x
x,x,850,985,883,x,x
x,x,881,985,865,x,x
x,x,983,989,987,x,x
x,x,987,986,983,x,x
x,x,1003,1148,871,x,x
x,x,972,992,991,x,x
x,x,988,991,992,x,x
x,x,980,989,983,x,x
x,x,1001,1007,1008,x,x
x,x,838,874,873,x,x
x,x,1004,987,877,x,x
x,x,884,1233,1128,x,x
x,x,988,978,991,x,x
x,x,988,994,976,x,x
x,x,869,1000,1233,x,x
x,x,995,1002,997,x,x
x,x,993,996,997,x,x
x,x,973,976,994,x,x
x,x,997,992,972,x,x
x,x,994,998,973,x,x
x,x,996,993,998,x,x
x,x,992,997,996,x,x
x,x,972,995,997,x,x
x,x,999,998,993,x,x
x,x,869,977,1000,x,x
x,x,1002,993,997,x,x
x,x,958,1122,1189,x,x
x,x,998,999,1000,x,x
x,x,1233,1000,999,x,x
x,x,1006,1004,877,x,x
x,x,970,987,1004,x,x
x,x,1128,1132,1131,x,x
x,x,1133,1132,999,x,x
x,x,1001,970,1004,x,x
x,x,1148,877,989,x,x
x,x,1149,1150,1009,x,x
x,x,1010,2,1008,x,x
x,x,877,1148,1149,x,x
x,x,1011,1009,1005,x,x
x,x,1009,1007,1006,x,x
x,x,1004,1007,1001,x,x
x,x,1152,1005,1009,x,x
x,x,1008,1011,1010,x,x
x,x,1011,1008,1007,x,x
x,x,1009,1011,1007,x,x
x,x,1005,1010,1011,x,x
x,x,1012,860,1191,x,x
x,x,883,1012,727,x,x
x,x,1024,1023,800,x,x
x,x,1021,1016,1013,x,x
x,x,809,1018,808,x,x
x,x,1015,1014,808,x,x
x,x,808,1016,1015,x,x
x,x,1022,1017,1020,x,x
x,x,891,1015,1020,x,x
x,x,1022,1015,1016,x,x
x,x,1020,1155,891,x,x
x,x,1013,1016,1018,x,x
x,x,808,1018,1016,x,x
x,x,1157,1019,807,x,x
x,x,1025,1019,890,x,x
x,x,1023,1021,1013,x,x
x,x,1155,1154,1,x,x
x,x,1024,1017,1021,x,x
x,x,1015,1022,1020,x,x
x,x,1016,1021,1022,x,x
x,x,1013,1025,1023,x,x
x,x,1023,1028,800,x,x
x,x,1019,1025,1013,x,x
x,x,1023,1024,1021,x,x
x,x,1030,1026,1027,x,x
x,x,890,1031,1025,x,x
x,x,1027,1023,1025,x,x
x,x,1031,1030,1027,x,x
x,x,890,1033,1031,x,x
x,x,1027,1026,1028,x,x
x,x,1158,1159,1033,x,x
x,x,1027,1025,1031,x,x
x,x,1032,1029,554,x,x
x,x,1033,890,1156,x,x
x,x,1029,1030,1031,x,x
x,x,1158,1033,1156,x,x
x,x,1029,1032,1030,x,x
x,x,796,1160,1159,x,x
x,x,630,658,1034,x,x
x,x,645,1034,658,x,x
x,x,1036,1035,658,x,x
x,x,898,1035,897,x,x
x,x,1036,658,1092,x,x
x,x,911,915,1170,x,x
x,x,1083,1171,902,x,x
x,x,511,741,1038,x,x
x,x,1171,1037,902,x,x
x,x,511,1038,1040,x,x
x,x,1058,1056,1059,x,x
x,x,1038,1041,1040,x,x
x,x,1038,1037,1043,x,x
x,x,945,1040,1042,x,x
x,x,1052,1057,1051,x,x
x,x,945,1042,952,x,x
x,x,1040,1041,1042,x,x
x,x,1046,1045,1042,x,x
x,x,1039,1043,1037,x,x
x,x,1041,1038,1043,x,x
x,x,1044,1045,1046,x,x
x,x,1111,1100,1055,x,x
x,x,1046,1042,1041,x,x
x,x,1047,1045,1044,x,x
x,x,1039,1052,1041,x,x
x,x,1056,1052,1039,x,x
x,x,1051,1053,1044,x,x
x,x,1050,1047,947,x,x
x,x,1057,1058,1048,x,x
x,x,1105,1111,1112,x,x
x,x,1103,139,1102,x,x
x,x,1047,1044,1055,x,x
x,x,949,1050,947,x,x
x,x,1045,1050,952,x,x
x,x,1052,1051,1046,x,x
x,x,1051,1048,1053,x,x
x,x,1041,1052,1046,x,x
x,x,1171,1056,1039,x,x
x,x,1063,1062,1058,x,x
x,x,1064,1061,1066,x,x
x,x,1101,948,1102,x,x
x,x,1104,1099,729,x,x
x,x,1053,1055,1044,x,x
x,x,1186,951,1117,x,x
x,x,1059,914,910,x,x
x,x,1051,1057,1048,x,x
x,x,1052,1056,1057,x,x
x,x,1058,1057,1056,x,x
x,x,910,1172,1059,x,x
x,x,1070,1067,1060,x,x
x,x,914,1059,1056,x,x
x,x,910,1086,1172,x,x
x,x,1063,1060,1067,x,x
x,x,1064,1048,1062,x,x
x,x,1078,1079,1175,x,x
x,x,1048,1064,1053,x,x
x,x,1063,1058,1060,x,x
x,x,1062,1061,1064,x,x
x,x,1070,1065,1067,x,x
x,x,1061,1062,1063,x,x
x,x,1063,1071,1061,x,x
x,x,1068,1053,1064,x,x
x,x,1075,1178,1177,x,x
x,x,1067,1065,1071,x,x
x,x,1074,1065,1077,x,x
x,x,721,1215,1174,x,x
x,x,1172,1070,1060,x,x
x,x,1074,1071,1065,x,x
x,x,1071,1211,1061,x,x
x,x,1226,1227,1215,x,x
x,x,1071,1063,1067,x,x
x,x,1066,1068,1064,x,x
x,x,1089,1070,925,x,x
x,x,1070,932,1078,x,x
x,x,1074,1076,1071,x,x
x,x,1074,1072,1076,x,x
x,x,1234,1073,1210,x,x
x,x,1073,1174,1210,x,x
x,x,1078,1077,1065,x,x
x,x,1183,1182,1113,x,x
x,x,1223,1225,1072,x,x
x,x,1177,1223,1213,x,x
x,x,1077,1213,1074,x,x
x,x,1210,1174,1066,x,x
x,x,1076,1210,1211,x,x
x,x,1065,1070,1078,x,x
x,x,1077,1075,1213,x,x
x,x,1080,1079,932,x,x
x,x,1075,1077,1078,x,x
x,x,924,1175,1081,x,x
x,x,1079,1081,1175,x,x
x,x,1089,1080,932,x,x
x,x,1080,930,931,x,x
x,x,743,1082,741,x,x
x,x,1079,926,1081,x,x
x,x,895,1082,738,x,x
x,x,903,1083,902,x,x
x,x,913,1083,899,x,x
x,x,1084,1085,917,x,x
x,x,922,1084,918,x,x
x,x,907,1085,922,x,x
x,x,906,925,1086,x,x
x,x,1086,925,1172,x,x
x,x,939,1088,819,x,x
x,x,1088,1087,929,x,x
x,x,1087,1088,348,x,x
x,x,930,1089,923,x,x
x,x,1070,1089,932,x,x
x,x,819,1090,940,x,x
x,x,1091,1090,929,x,x
x,x,911,1091,928,x,x
x,x,1090,1091,941,x,x
x,x,940,1092,665,x,x
x,x,1036,1092,941,x,x
x,x,1094,440,470,x,x
x,x,1095,1093,944,x,x
x,x,951,1094,470,x,x
x,x,944,1093,1094,x,x
x,x,1097,944,1098,x,x
x,x,1095,841,961,x,x
x,x,1108,1104,1107,x,x
x,x,1108,841,1096,x,x
x,x,1098,944,951,x,x
x,x,1097,948,1096,x,x
x,x,1116,1117,951,x,x
x,x,1102,1097,1098,x,x
x,x,1099,1104,948,x,x
x,x,841,1095,1096,x,x
x,x,1097,1102,948,x,x
x,x,1102,1098,1103,x,x
x,x,951,1103,1098,x,x
x,x,1054,139,1103,x,x
x,x,1107,1104,729,x,x
x,x,1096,948,1104,x,x
x,x,1066,1174,1068,x,x
x,x,1106,1114,1113,x,x
x,x,1100,1111,1113,x,x
x,x,1117,1185,1054,x,x
x,x,841,1108,829,x,x
x,x,1108,1107,829,x,x
x,x,1110,1109,842,x,x
x,x,1104,1108,1096,x,x
x,x,1179,531,1220,x,x
x,x,1110,837,1180,x,x
x,x,842,829,1110,x,x
x,x,1112,1055,1053,x,x
x,x,1111,1105,1113,x,x
x,x,1053,1068,1112,x,x
x,x,1112,1068,1228,x,x
x,x,1227,1183,1113,x,x
x,x,1106,1182,1117,x,x
x,x,1113,1114,1100,x,x
x,x,1115,1114,1106,x,x
x,x,1116,1115,1106,x,x
x,x,949,1115,950,x,x
x,x,1117,1116,1106,x,x
x,x,950,1116,951,x,x
x,x,1106,1113,1182,x,x
x,x,1186,1117,1054,x,x
x,x,1120,1119,453,x,x
x,x,1107,1118,1110,x,x
x,x,1121,1119,945,x,x
x,x,485,1120,453,x,x
x,x,1120,511,1040,x,x
x,x,952,1121,945,x,x
x,x,1188,471,395,x,x
x,x,861,1122,957,x,x
x,x,1189,1122,854,x,x
x,x,1140,1129,1141,x,x
x,x,1123,1130,1136,x,x
x,x,1139,1123,1136,x,x
x,x,1147,1205,1206,x,x
x,x,871,878,1125,x,x
x,x,1126,1125,878,x,x
x,x,989,1126,878,x,x
x,x,1195,980,876,x,x
x,x,868,1127,881,x,x
x,x,975,1127,882,x,x
x,x,1144,1132,1133,x,x
x,x,1190,1130,1123,x,x
x,x,1139,1136,1146,x,x
x,x,1128,1131,1130,x,x
x,x,860,1128,1130,x,x
x,x,999,1132,1128,x,x
x,x,1129,1135,1131,x,x
x,x,1130,1131,1136,x,x
x,x,999,993,1133,x,x
x,x,1129,1131,1132,x,x
x,x,993,1002,1133,x,x
x,x,1002,1141,1144,x,x
x,x,1136,1135,1143,x,x
x,x,1029,1162,1163,x,x
x,x,1196,1197,1137,x,x
x,x,1129,1140,1135,x,x
x,x,1196,1137,1198,x,x
x,x,1139,958,1189,x,x
x,x,1134,1165,1169,x,x
x,x,1142,1135,1140,x,x
x,x,1142,1138,1143,x,x
x,x,1136,1143,1146,x,x
x,x,1192,1139,1124,x,x
x,x,1144,1141,1129,x,x
x,x,1140,1141,1196,x,x
x,x,1002,995,1145,x,x
x,x,1134,1200,1199,x,x
x,x,1198,1140,1196,x,x
x,x,1200,1216,1198,x,x
x,x,1142,1143,1135,x,x
x,x,1143,1138,1146,x,x
x,x,1132,1144,1129,x,x
x,x,1002,1144,1133,x,x
x,x,1201,1138,1147,x,x
x,x,389,1141,1145,x,x
x,x,1139,1146,1201,x,x
x,x,1202,1147,1138,x,x
x,x,1205,1147,805,x,x
x,x,871,1148,878,x,x
x,x,1149,1148,1003,x,x
x,x,877,1149,1006,x,x
x,x,1150,1003,990,x,x
x,x,1209,1151,1218,x,x
x,x,1152,1153,875,x,x
x,x,1209,875,1151,x,x
x,x,1153,1151,875,x,x
x,x,1009,1150,1153,x,x
x,x,1153,1152,1009,x,x
x,x,1151,990,1218,x,x
x,x,1156,890,1157,x,x
x,x,1020,1017,1154,x,x
x,x,1154,1155,1020,x,x
x,x,1158,1156,802,x,x
x,x,1019,1157,890,x,x
x,x,889,1157,807,x,x
x,x,806,1158,802,x,x
x,x,1159,1158,796,x,x
x,x,1161,1164,1160,x,x
x,x,1031,1162,1029,x,x
x,x,1217,796,804,x,x
x,x,1160,805,1204,x,x
x,x,805,1147,1202,x,x
x,x,554,1163,1166,x,x
x,x,1033,1159,1162,x,x
x,x,1159,1160,1164,x,x
x,x,1162,1164,1163,x,x
x,x,1169,1165,1167,x,x
x,x,1159,1164,1162,x,x
x,x,1167,1164,1161,x,x
x,x,1164,1167,1163,x,x
x,x,1165,1166,1167,x,x
x,x,1167,1166,1163,x,x
x,x,1161,1168,1169,x,x
x,x,1161,1160,1204,x,x
x,x,1204,1203,1168,x,x
x,x,1161,1169,1167,x,x
x,x,1134,1169,1168,x,x
x,x,1035,1170,897,x,x
x,x,911,1170,1036,x,x
x,x,1056,1171,914,x,x
x,x,1037,1171,1039,x,x
x,x,1070,1172,925,x,x
x,x,1059,1172,1060,x,x
x,x,1183,1049,1182,x,x
x,x,1174,1215,1068,x,x
x,x,1212,721,1174,x,x
x,x,1178,1175,924,x,x
x,x,1078,1175,1075,x,x
x,x,3,1222,1176,x,x
x,x,1175,1178,1075,x,x
x,x,1213,1223,1072,x,x
x,x,924,1176,1178,x,x
x,x,1177,1178,1176,x,x
x,x,1180,1109,1110,x,x
x,x,1179,1180,1181,x,x
x,x,1179,1181,531,x,x
x,x,1109,1180,1179,x,x
x,x,1227,1113,1105,x,x
x,x,1180,837,1181,x,x
x,x,1185,1182,1049,x,x
x,x,1184,1049,1183,x,x
x,x,1054,1103,1186,x,x
x,x,1227,1184,1183,x,x
x,x,1182,1185,1117,x,x
x,x,951,1186,1103,x,x
x,x,1187,952,1050,x,x
x,x,1188,1187,471,x,x
x,x,464,1188,426,x,x
x,x,1187,1188,1121,x,x
x,x,1190,1189,854,x,x
x,x,1139,1189,1123,x,x
x,x,1191,1190,854,x,x
x,x,1190,860,1130,x,x
x,x,856,1191,854,x,x
x,x,1191,859,1012,x,x
x,x,1139,1192,958,x,x
x,x,1124,1193,1194,x,x
x,x,1201,1206,1124,x,x
x,x,1235,1193,570,x,x
x,x,1124,1194,1192,x,x
x,x,534,1194,1193,x,x
x,x,969,1195,876,x,x
x,x,1125,1195,964,x,x
x,x,1140,1198,1142,x,x
x,x,389,1196,1141,x,x
x,x,1196,389,1197,x,x
x,x,1198,1199,1200,x,x
x,x,1134,1168,1200,x,x
x,x,1198,1137,1199,x,x
x,x,1200,1168,1203,x,x
x,x,1139,1201,1124,x,x
x,x,1138,1201,1146,x,x
x,x,1203,1202,1138,x,x
x,x,1204,1168,1161,x,x
x,x,1138,1142,1203,x,x
x,x,1216,1203,1142,x,x
x,x,805,1202,1204,x,x
x,x,1204,1202,1203,x,x
x,x,805,1160,1217,x,x
x,x,1205,801,1206,x,x
x,x,1207,1206,801,x,x
x,x,1193,1124,1206,x,x
x,x,1208,1207,801,x,x
x,x,1193,1207,570,x,x
x,x,804,1208,801,x,x
x,x,1208,770,569,x,x
x,x,833,1221,1219,x,x
x,x,990,1151,1150,x,x
x,x,1210,1076,1234,x,x
x,x,1061,1211,1066,x,x
x,x,1076,1211,1071,x,x
x,x,1213,1072,1074,x,x
x,x,1174,1073,1212,x,x
x,x,1075,1177,1213,x,x
x,x,1227,1226,1173,x,x
x,x,1225,1223,1224,x,x
x,x,1228,1215,1227,x,x
x,x,1198,1216,1142,x,x
x,x,1200,1203,1216,x,x
x,x,801,1217,804,x,x
x,x,805,1217,1205,x,x
x,x,1219,1218,990,x,x
x,x,1179,1220,1221,x,x
x,x,874,1219,990,x,x
x,x,833,1219,838,x,x
x,x,1209,1218,1220,x,x
x,x,1221,1220,1218,x,x
x,x,1219,1221,1218,x,x
x,x,1179,1221,833,x,x
x,x,1214,1222,3,x,x
x,x,1177,1176,1222,x,x
x,x,1222,1223,1177,x,x
x,x,1224,1069,1225,x,x
x,x,1069,1076,1225,x,x
x,x,1223,1214,1224,x,x
x,x,1076,1072,1225,x,x
x,x,1227,1173,1184,x,x
x,x,1215,721,1226,x,x
x,x,1228,1227,1105,x,x
x,x,1112,1228,1105,x,x
x,x,1068,1215,1228,x,x
x,x,736,1229,485,x,x
x,x,743,1229,502,x,x
x,x,754,1230,586,x,x
x,x,569,1230,578,x,x
x,x,1128,1233,999,x,x
x,x,983,1231,982,x,x
x,x,979,1232,984,x,x
x,x,869,1233,884,x,x
x,x,1237,570,569,x,x
x,x,1076,1069,1234,x,x
x,x,1236,546,548,x,x
x,x,534,1235,1236,x,x
x,x,1236,1235,1237,x,x
x,x,1236,1237,546,x,x
x,x,570,1237,1235,x,x
x,x,694,1238,688,x,x
x,x,1240,1239,821,x,x
x,x,937,1240,821,x,x
x,x,1238,607,1239,x,x
x,x,695,1238,1240,x,x
x,x,678,823,1241,x,x
x,x,824,1241,823,x,x
