0.0,0.02040816326530612,296,222,221,0,1
0.0,0.04081632653061224,0,195,194,1,2
0.0,0.061224489795918366,0,194,226,2,3
0.0,0.08163265306122448,468,293,366,3,4
0.0,0.1020408163265306,293,161,366,4,5
0.0,0.12244897959183673,1,250,2,5,6
0.0,0.14285714285714285,156,297,241,6,7
0.0,0.16326530612244897,253,4,3,7,8
0.0,0.18367346938775508,2,250,324,8,9
0.0,0.2040816326530612,301,140,139,9,10
0.0,0.22448979591836732,1,0,226,10,11
0.0,0.24489795918367346,134,133,369,11,12
0.0,0.26530612244897955,1,226,250,12,13
0.0,0.2857142857142857,406,178,177,13,14
0.0,0.3061224489795918,405,336,331,14,15
0.0,0.32653061224489793,5,4,227,15,16
0.0,0.3469387755102041,300,242,151,16,17
0.0,0.36734693877551017,5,227,252,17,18
0.0,0.3877551020408163,295,370,224,18,19
0.0,0.4081632653061224,257,332,484,19,20
0.0,0.42857142857142855,252,326,6,20,21
0.0,0.44897959183673464,196,225,244,21,22
0.0,0.4693877551020408,228,11,257,22,23
0.0,0.4897959183673469,226,194,193,23,24
0.0,0.5102040816326531,406,456,337,24,25
0.0,0.5306122448979591,304,305,243,25,26
0.0,0.5510204081632653,308,443,245,26,27
0.0,0.5714285714285714,10,9,332,27,28
0.0,0.5918367346938775,12,11,228,28,29
0.0,0.6122448979591836,112,111,390,29,30
0.0,0.6326530612244897,84,393,85,30,31
0.0,0.6530612244897959,330,13,12,31,32
0.0,0.673469387755102,321,91,90,32,33
0.0,0.6938775510204082,331,14,256,33,34
0.0,0.7142857142857142,256,14,13,34,35
0.0,0.7346938775510203,492,388,445,35,36
0.0,0.7551020408163265,256,13,330,36,37
0.0,0.7755102040816326,111,313,390,37,38
0.0,0.7959183673469387,319,94,93,38,39
0.0,0.8163265306122448,214,328,255,39,40
0.0,0.836734693877551,335,259,19,40,41
0.0,0.8571428571428571,94,323,95,41,42
0.0,0.8775510204081632,253,227,4,42,43
0.0,0.8979591836734693,19,259,20,43,44
0.0,0.9183673469387754,452,324,250,44,45
0.0,0.9387755102040816,22,21,258,45,46
0.0,0.9591836734693877,21,20,333,46,47
0.0,0.9795918367346939,191,398,325,47,48
0.0,1.0,19,18,335,48,49
0.02040816326530612,1.0,325,483,251,49,50
0.04081632653061224,1.0,15,336,16,50,51
0.061224489795918366,1.0,321,248,91,51,52
0.08163265306122448,1.0,325,251,192,52,53
0.1020408163265306,1.0,308,78,77,53,54
0.12244897959183673,1.0,190,189,254,54,55
0.14285714285714285,1.0,229,259,335,55,56
0.16326530612244897,1.0,18,229,335,56,57
0.18367346938775508,1.0,188,327,189,57,58
0.2040816326530612,1.0,184,262,185,58,59
0.22448979591836732,1.0,334,258,411,59,60
0.24489795918367346,1.0,263,341,182,60,61
0.26530612244897955,1.0,20,259,333,61,62
0.2857142857142857,1.0,259,258,333,62,63
0.3061224489795918,1.0,183,340,184,63,64
0.32653061224489793,1.0,24,345,268,64,65
0.3469387755102041,1.0,185,262,339,65,66
0.36734693877551017,1.0,213,328,214,66,67
0.3877551020408163,1.0,7,400,8,67,68
0.4081632653061224,1.0,16,336,260,68,69
0.42857142857142855,1.0,263,181,230,69,70
0.44897959183673464,1.0,180,179,261,70,71
0.4693877551020408,1.0,697,330,228,71,72
0.4897959183673469,1.0,176,266,177,72,73
0.5102040816326531,1.0,216,403,217,73,74
0.5306122448979591,1.0,12,228,330,74,75
0.5510204081632653,1.0,179,178,337,75,76
0.5714285714285714,1.0,331,256,874,76,77
0.5918367346938775,1.0,180,230,181,77,78
0.6122448979591836,1.0,252,454,326,78,79
0.6326530612244897,1.0,327,254,189,79,80
0.6530612244897959,1.0,212,211,346,80,81
0.673469387755102,1.0,879,883,760,81,82
0.6938775510204082,1.0,412,212,346,82,83
0.7142857142857142,1.0,231,267,175,83,84
0.7346938775510203,1.0,192,191,325,84,85
0.7551020408163265,1.0,638,637,630,85,86
0.7755102040816326,1.0,173,264,174,86,87
0.7959183673469387,1.0,260,405,229,87,88
0.8163265306122448,1.0,180,261,230,88,89
0.836734693877551,1.0,11,10,257,89,90
0.8571428571428571,1.0,327,188,402,90,91
0.8775510204081632,1.0,176,175,267,91,92
0.8979591836734693,1.0,170,288,171,92,93
0.9183673469387754,1.0,332,257,10,93,94
0.9387755102040816,1.0,252,227,401,94,95
0.9591836734693877,1.0,169,289,170,95,96
0.9795918367346939,1.0,558,715,254,96,97
1.0,1.0,255,329,215,97,98
1.0,0.9795918367346939,26,25,232,98,99
1.0,0.9591836734693877,342,457,264,99,100
1.0,0.9387755102040816,261,407,230,100,101
1.0,0.9183673469387754,182,181,263,101,102
1.0,0.8979591836734693,413,347,209,102,103
1.0,0.8775510204081632,172,342,173,103,104
1.0,0.8571428571428571,338,187,186,104,105
1.0,0.836734693877551,169,168,238,105,106
1.0,0.8163265306122448,592,500,561,106,107
1.0,0.7959183673469387,193,251,226,107,108
1.0,0.7755102040816326,15,331,336,108,109
1.0,0.7551020408163265,269,346,211,109,110
1.0,0.7346938775510203,6,326,7,110,111
1.0,0.7142857142857142,24,268,25,111,112
1.0,0.6938775510204082,26,232,271,112,113
1.0,0.673469387755102,2,324,3,113,114
1.0,0.6530612244897959,402,188,187,114,115
1.0,0.6326530612244897,349,27,271,115,116
1.0,0.6122448979591836,401,717,505,116,117
1.0,0.5918367346938775,348,29,270,117,118
1.0,0.5714285714285714,270,29,28,118,119
1.0,0.5510204081632653,186,185,339,119,120
1.0,0.5306122448979591,271,27,26,120,121
1.0,0.5102040816326531,226,251,483,121,122
1.0,0.4897959183673469,596,614,404,122,123
1.0,0.4693877551020408,31,272,32,123,124
1.0,0.44897959183673464,233,33,32,124,125
1.0,0.42857142857142855,229,17,260,125,126
1.0,0.4081632653061224,400,7,326,126,127
1.0,0.3877551020408163,351,34,274,127,128
1.0,0.36734693877551017,232,25,268,128,129
1.0,0.3469387755102041,350,36,273,129,130
1.0,0.32653061224489793,273,36,35,130,131
1.0,0.3061224489795918,229,724,704,131,132
1.0,0.2857142857142857,274,34,33,132,133
1.0,0.26530612244897955,453,8,400,133,134
1.0,0.24489795918367346,348,414,30,134,135
1.0,0.22448979591836732,261,337,456,135,136
1.0,0.2040816326530612,21,333,258,136,137
1.0,0.18367346938775508,40,39,234,137,138
1.0,0.16326530612244897,40,234,277,138,139
1.0,0.14285714285714285,14,331,15,139,140
1.0,0.12244897959183673,178,406,337,140,141
1.0,0.1020408163265306,235,44,280,141,142
1.0,0.08163265306122448,262,340,408,142,143
1.0,0.061224489795918366,45,44,235,143,144
1.0,0.04081632653061224,280,44,43,144,145
1.0,0.02040816326530612,337,261,179,145,146
1.0,0.0,277,41,40,146,147
0.9795918367346939,0.0,336,405,260,147,148
0.9591836734693877,0.0,408,340,341,148,149
0.9387755102040816,0.0,236,46,281,149,150
0.9183673469387754,0.0,46,236,47,150,151
0.8979591836734693,0.0,340,262,184,151,152
0.8775510204081632,0.0,342,264,173,152,153
0.8571428571428571,0.0,49,48,47,153,154
0.836734693877551,0.0,216,329,403,154,155
0.8163265306122448,0.0,236,50,49,155,156
0.7959183673469387,0.0,47,236,49,156,157
0.7755102040816326,0.0,218,217,265,157,158
0.7551020408163265,0.0,236,282,50,158,159
0.7346938775510203,0.0,172,409,342,159,160
0.7142857142857142,0.0,38,278,39,160,161
0.6938775510204082,0.0,453,484,332,161,162
0.673469387755102,0.0,24,23,345,162,163
0.6530612244897959,0.0,346,550,412,163,164
0.6326530612244897,0.0,282,51,50,164,165
0.6122448979591836,0.0,232,268,411,165,166
0.5918367346938775,0.0,51,282,357,166,167
0.5714285714285714,0.0,1042,1049,525,167,168
0.5510204081632653,0.0,266,176,267,168,169
0.5306122448979591,0.0,52,279,53,169,170
0.5102040816326531,0.0,345,411,268,170,171
0.4897959183673469,0.0,54,53,355,171,172
0.4693877551020408,0.0,355,53,279,172,173
0.44897959183673464,0.0,22,334,23,173,174
0.42857142857142855,0.0,207,286,208,174,175
0.4081632653061224,0.0,561,267,231,175,176
0.3877551020408163,0.0,33,233,274,176,177
0.36734693877551017,0.0,206,287,207,177,178
0.3469387755102041,0.0,426,485,496,178,179
0.32653061224489793,0.0,519,729,875,179,180
0.3061224489795918,0.0,58,275,352,180,181
0.2857142857142857,0.0,281,46,45,181,182
0.26530612244897955,0.0,205,204,283,182,183
0.24489795918367346,0.0,290,168,167,183,184
0.22448979591836732,0.0,462,487,506,184,185
0.2040816326530612,0.0,206,237,287,185,186
0.18367346938775508,0.0,38,37,354,186,187
0.16326530612244897,0.0,55,418,56,187,188
0.14285714285714285,0.0,192,251,193,188,189
0.12244897959183673,0.0,358,204,203,189,190
0.1020408163265306,0.0,347,210,209,190,191
0.08163265306122448,0.0,353,57,56,191,192
0.061224489795918366,0.0,275,58,57,192,193
0.04081632653061224,0.0,411,666,232,193,194
0.02040816326530612,0.0,415,271,232,194,195
0.0,0.0,352,417,59,195,196
0.6,0.5,29,348,30,196,197
0.5978147600733805,0.5207911690817759,64,364,285,197,198
0.59135454576426,0.54067366430758,486,417,352,198,199
0.5809016994374947,0.5587785252292473,27,349,28,199,0
0.5669130606358859,0.5743144825477394,278,419,655,200,201
0.55,0.5866025403784438,233,32,272,201,202
0.5309016994374948,0.5951056516295153,416,273,351,202,203
0.5104528463267654,0.5994521895368273,285,65,64,203,204
0.48954715367323465,0.5994521895368273,416,274,233,204,205
0.4690983005625053,0.5951056516295153,65,363,66,205,206
0.45,0.5866025403784438,285,363,65,206,207
0.4330869393641142,0.5743144825477394,234,39,278,207,208
0.41909830056250524,0.5587785252292473,273,416,528,208,209
0.40864545423573995,0.54067366430758,68,425,69,209,210
0.4021852399266194,0.5207911690817759,538,576,506,210,211
0.4,0.5,497,535,358,211,212
0.4021852399266194,0.4792088309182241,687,585,559,212,213
0.4086454542357399,0.45932633569242,58,352,59,213,214
0.41909830056250524,0.4412214747707527,284,70,361,214,215
0.43308693936411413,0.4256855174522606,34,351,35,215,216
0.44999999999999996,0.41339745962155616,465,284,361,216,217
0.46909830056250523,0.40489434837048466,414,458,272,217,218
0.4895471536732346,0.40054781046317267,237,205,283,218,219
0.5104528463267654,0.40054781046317267,211,210,269,219,220
0.5309016994374948,0.40489434837048466,22,258,334,220,221
0.5499999999999999,0.4133974596215561,267,561,266,221,222
0.5669130606358858,0.4256855174522605,563,291,292,222,223
0.5809016994374947,0.4412214747707527,326,454,400,223,224
0.59135454576426,0.4593263356924199,174,264,231,224,225
0.5978147600733805,0.479208830918224,398,191,190,225,226
0.030612244897959183,0.030612244897959183,253,3,324,226,227
0.03617804354275955,0.11224489795918366,265,344,218,227,228
0.0361780435427595,0.2551020408163265,168,290,238,228,229
0.03617804354275961,0.37755102040816324,450,323,319,229,200
0.29591836734693877,0.036178043542759476,163,239,292,x,x
0.4183673469387755,0.03617804354275955,395,318,102,x,x
0.03617804354275961,0.5408163265306122,94,319,323,x,x
0.03617804354275961,0.6836734693877551,164,163,292,x,x
0.03617804354275958,0.8265306122448979,325,451,483,x,x
0.03617804354275958,0.9285714285714285,166,365,167,x,x
0.0306122448979592,0.9693877551020408,162,239,163,x,x
0.4444754797558332,0.6247101143217878,321,396,449,x,x
0.5408163265306122,0.03617804354275958,396,90,89,x,x
0.6632653061224489,0.03617804354275958,220,219,343,x,x
0.6014483465136865,0.4086554985117479,158,157,299,x,x
0.7857142857142856,0.036178043542759386,650,320,248,x,x
0.8877551020408163,0.036178043542759386,294,133,132,x,x
0.9489795918367346,0.03617804354275958,651,650,248,x,x
0.6357643872336132,0.4857305879034979,499,397,450,x,x
0.6224489795918366,0.9638219564572404,157,241,299,x,x
0.6182230464921019,0.5682561077166327,319,93,320,x,x
0.7857142857142856,0.9638219564572406,162,293,239,x,x
0.8877551020408163,0.9638219564572406,249,323,450,x,x
0.9693877551020408,0.9693877551020408,365,467,290,x,x
0.02040816326530612,0.05102040816326531,175,174,231,x,x
0.05102040816326531,0.02040816326530612,218,344,219,x,x
0.02240614087607026,0.13265306122448978,222,296,240,x,x
0.022406140876070256,0.09183673469387754,214,255,215,x,x
0.11224489795918366,0.03617804354275955,160,366,161,x,x
0.3985516534863135,0.4086554985117481,222,240,223,x,x
0.036178043542759476,0.29591836734693877,206,205,237,x,x
0.022406140876070218,0.2346938775510204,223,295,224,x,x
0.03617804354275958,0.4591836734693877,240,295,223,x,x
0.03617804354275958,0.4183673469387755,5,252,6,x,x
0.02240614087607028,0.3571428571428571,221,220,371,x,x
0.31632653061224486,0.022406140876070207,161,293,162,x,x
0.21428571428571425,0.036178043542759525,297,156,155,x,x
0.2755102040816326,0.022406140876070235,248,321,449,x,x
0.43877551020408156,0.022406140876070253,85,393,317,x,x
0.4716175144719915,0.3664709040030951,155,154,372,x,x
0.37755102040816324,0.03617804354275958,303,152,242,x,x
0.3979591836734694,0.022406140876070253,315,88,316,x,x
0.02240614087607027,0.5204081632653061,300,151,150,x,x
0.36423561276638683,0.514269412096502,391,446,494,x,x
0.03617804354275938,0.6020408163265305,665,316,247,x,x
0.022406140876070287,0.5612244897959183,151,242,152,x,x
0.022406140876070287,0.6632653061224489,383,84,83,x,x
0.03617804354275958,0.7448979591836734,303,153,152,x,x
0.02240614087607027,0.7040816326530612,157,156,241,x,x
0.19387755102040816,0.9638219564572404,300,150,373,x,x
0.03617804354275958,0.8673469387755102,103,394,104,x,x
0.02240614087607028,0.846938775510204,43,356,280,x,x
0.02240614087607028,0.8061224489795917,148,147,304,x,x
0.09183673469387754,0.9638219564572404,200,392,201,x,x
0.02240614087607028,0.9081632653061223,524,314,543,x,x
0.02040816326530614,0.9489795918367346,243,148,304,x,x
0.0510204081632653,0.9795918367346939,146,145,147,x,x
0.47365607302328255,0.6239384320565666,391,110,109,x,x
0.4591836734693877,0.9638219564572404,305,144,143,x,x
0.336734693877551,0.9638219564572404,117,116,312,x,x
0.3985516534863135,0.591344501488252,388,116,115,x,x
0.4255233233711854,0.6025083512086784,304,144,305,x,x
0.5,0.03617804354275958,447,247,317,x,x
0.5204081632653061,0.022406140876070263,141,140,375,x,x
0.5612244897959183,0.02240614087607028,301,375,140,x,x
0.6224489795918366,0.03617804354275958,444,311,245,x,x
0.6428571428571428,0.02240614087607028,309,392,524,x,x
0.6836734693877551,0.02240614087607028,377,305,143,x,x
0.9638219564572404,0.2755102040816326,242,300,435,x,x
0.6097317322924234,0.4366463548223252,200,314,392,x,x
0.5744766766288146,0.39749164879132143,139,376,301,x,x
0.8061224489795917,0.022406140876070204,423,74,359,x,x
0.7448979591836734,0.03617804354275958,202,201,309,x,x
0.7653061224489796,0.022406140876070138,434,241,297,x,x
0.9081632653061223,0.022406140876070138,245,443,670,x,x
0.9638219564572404,0.13265306122448978,376,139,138,x,x
0.846938775510204,0.03617804354275958,80,385,81,x,x
0.8673469387755102,0.022406140876070204,369,433,134,x,x
0.9693877551020408,0.02240614087607028,369,133,294,x,x
0.9733513053638578,0.05102040816326531,197,381,198,x,x
0.9638219564572404,0.47959183673469385,441,491,380,x,x
0.6260131745611801,0.5132445183456531,367,132,131,x,x
0.6020408163265305,0.9775938591239297,294,132,367,x,x
0.5555245202441669,0.6247101143217878,123,122,306,x,x
0.6836734693877551,0.9638219564572404,378,127,126,x,x
0.6428571428571428,0.9775938591239297,142,377,143,x,x
0.9638219564572407,0.6020408163265305,142,141,374,x,x
0.9638219564572404,0.7244897959183673,439,127,378,x,x
0.5941618671778396,0.5847837260255626,380,122,121,x,x
0.8265306122448979,0.9638219564572404,431,131,130,x,x
0.8061224489795917,0.9775938591239298,126,125,440,x,x
0.7653061224489796,0.9775938591239298,147,145,304,x,x
0.9638219564572407,0.8877551020408163,302,153,303,x,x
0.9285714285714285,0.9638219564572404,440,125,473,x,x
0.9081632653061223,0.9775938591239298,789,533,783,x,x
0.8673469387755102,0.9775938591239298,301,376,471,x,x
0.9795918367346939,0.9489795918367346,472,489,508,x,x
0.9489795918367346,0.9795918367346939,136,368,432,x,x
0.017857142857142853,0.07142857142857142,242,658,657,x,x
0.07142857142857142,0.017857142857142856,123,306,379,x,x
0.018173700668945487,0.15306122448979592,657,303,242,x,x
0.13265306122448978,0.02240614087607026,379,124,123,x,x
0.39026826770757655,0.4366463548223254,144,304,145,x,x
0.4255233233711853,0.3974916487913215,131,431,367,x,x
0.02240614087607024,0.2755102040816326,423,75,74,x,x
0.0224061408760702,0.31632653061224486,243,149,148,x,x
0.018173700668945476,0.21428571428571425,581,548,665,x,x
0.022406140876070273,0.43877551020408156,121,120,441,x,x
0.02240614087607028,0.47959183673469385,452,253,324,x,x
0.022406140876070273,0.3979591836734694,17,16,260,x,x
0.01817370066894544,0.336734693877551,79,78,245,x,x
0.336734693877551,0.018173700668945483,204,358,283,x,x
0.173469387755102,0.036178043542759525,72,71,360,x,x
0.19387755102040816,0.022406140876070228,71,284,360,x,x
0.2346938775510204,0.02240614087607026,276,41,277,x,x
0.2551020408163265,0.01817370066894547,424,72,360,x,x
0.4591836734693877,0.01817370066894549,74,73,359,x,x
0.5283824855280085,0.366470904003095,654,277,234,x,x
0.5,0.3732927096446507,314,200,199,x,x
0.018173700668945497,0.5,18,17,229,x,x
0.37398682543881995,0.486755481654347,215,329,216,x,x
0.3794942058454429,0.5391547060310039,269,210,347,x,x
0.022406140876070197,0.6224489795918366,307,381,197,x,x
0.018173700668945494,0.5816326530612245,314,199,246,x,x
0.02240614087607028,0.7653061224489796,78,308,245,x,x
0.018173700668945397,0.7244897959183673,447,317,393,x,x
0.21428571428571425,0.9775938591239297,420,235,280,x,x
0.173469387755102,0.9775938591239297,76,382,77,x,x
0.018173700668945473,0.7857142857142856,86,317,247,x,x
0.11224489795918366,0.9775938591239297,354,419,278,x,x
0.018173700668945473,0.8877551020408163,196,307,197,x,x
0.07142857142857142,0.9821428571428571,357,421,279,x,x
0.5,0.6236354949991582,488,361,425,x,x
0.5204081632653061,0.9638219564572407,36,350,37,x,x
0.47959183673469385,0.9775938591239297,356,43,42,x,x
0.43877551020408156,0.9775938591239297,245,311,79,x,x
0.37755102040816324,0.9638219564572404,311,80,79,x,x
0.3571428571428571,0.9775938591239297,280,356,420,x,x
0.31632653061224486,0.9775938591239297,421,281,235,x,x
0.5816326530612245,0.018173700668945494,82,81,310,x,x
0.7040816326530612,0.018173700668945473,51,357,52,x,x
0.9775938591239297,0.29591836734693877,82,384,83,x,x
0.9638219564572404,0.21428571428571425,310,384,82,x,x
0.9775938591239297,0.2551020408163265,236,281,421,x,x
0.6175843431643263,0.4617945309373012,311,385,80,x,x
0.5502870862009724,0.38705335514012457,45,235,281,x,x
0.8265306122448979,0.018173700668945483,77,382,308,x,x
0.9285714285714285,0.01817370066894547,87,86,247,x,x
0.9638219564572404,0.09183673469387754,87,247,316,x,x
0.9775938591239297,0.11224489795918366,71,70,284,x,x
0.9775938591239297,0.15306122448979592,63,364,64,x,x
0.9808147681214917,0.07142857142857142,315,89,88,x,x
0.9638219564572406,0.3979591836734694,466,285,364,x,x
0.9775938591239297,0.4591836734693877,92,91,248,x,x
0.9775938591239297,0.5,396,321,90,x,x
0.6175843431643261,0.5382054690626986,62,426,63,x,x
0.5816326530612245,0.9818262993310546,316,88,87,x,x
0.7244897959183673,0.9638219564572404,361,70,69,x,x
0.7040816326530612,0.9775938591239297,317,86,85,x,x
0.6632653061224489,0.9818262993310545,203,422,358,x,x
0.9638219564572404,0.5612244897959183,244,307,196,x,x
0.9775938591239299,0.5816326530612245,275,57,353,x,x
0.9775938591239298,0.6224489795918366,387,117,312,x,x
0.9638219564572404,0.6836734693877551,300,373,435,x,x
0.9775938591239297,0.7040816326530612,373,150,149,x,x
0.9775938591239297,0.7448979591836734,441,380,121,x,x
0.572671120620385,0.6000232165622779,115,114,445,x,x
0.7448979591836734,0.9818262993310545,564,299,241,x,x
0.9775938591239298,0.8673469387755102,805,475,509,x,x
0.9775938591239299,0.9081632653061223,857,940,856,x,x
0.846938775510204,0.9818262993310545,239,293,430,x,x
0.9821428571428571,0.9285714285714285,112,389,113,x,x
0.09183673469387754,0.01767492711370262,298,158,299,x,x
0.05630968540936608,0.07356853448939504,307,542,523,x,x
0.01768085800488924,0.173469387755102,312,116,388,x,x
0.05646796431526746,0.15036009175631168,302,154,153,x,x
0.1530612244897959,0.018173700668945483,502,428,467,x,x
0.4497129137990275,0.3870533551401246,111,110,313,x,x
0.05646796431526743,0.21698684701919854,313,110,391,x,x
0.05646796431526734,0.3394358266110351,224,370,225,x,x
0.35714285714285715,0.017680858004889267,446,479,494,x,x
0.3340335611440667,0.056467964315267426,434,297,372,x,x
0.25240090808284227,0.056467964315267336,294,367,472,x,x
0.47959183673469385,0.01768085800488928,109,446,391,x,x
0.45648254073590344,0.056467964315267447,221,371,296,x,x
0.05646796431526746,0.5027011327334843,108,446,109,x,x
0.38241565683567375,0.46179453093730133,155,372,297,x,x
0.3929285205212652,0.561817747499579,199,198,246,x,x
0.018173700668945476,0.6428571428571428,318,394,103,x,x
0.04459515209639526,0.5764692229052072,159,158,298,x,x
0.044595152096395016,0.7193263657623501,366,160,429,x,x
0.2346938775510204,0.9818262993310545,318,103,102,x,x
0.15306122448979592,0.9818262993310546,519,287,237,x,x
0.05646796431526725,0.7830131529808014,92,320,93,x,x
0.04459515209639519,0.8929185321968335,562,288,289,x,x
0.06458398130209433,0.9539914148893675,96,95,249,x,x
0.52557927711639,0.6203410373004612,322,99,249,x,x
0.5408163265306122,0.9775938591239299,286,207,287,x,x
0.5,0.9818262993310545,395,102,101,x,x
0.4183673469387755,0.9818262993310546,104,394,448,x,x
0.29591836734693877,0.9818262993310545,100,322,397,x,x
0.6020408163265305,0.017680858004889253,563,292,239,x,x
0.5789315203277402,0.05646796431526746,99,322,100,x,x
0.7244897959183673,0.01768085800488916,1050,520,1046,x,x
0.7013804999195771,0.05646796431526746,290,167,365,x,x
0.9818262993310546,0.31632653061224486,92,248,320,x,x
0.9775938591239297,0.19387755102040816,249,99,98,x,x
0.9818262993310546,0.2346938775510204,365,166,427,x,x
0.8213671820888806,0.04459515209639537,98,97,96,x,x
0.9234079984154111,0.044595152096395405,562,289,238,x,x
0.9818262993310546,0.173469387755102,288,170,289,x,x
0.9567423121127298,0.06866328959212353,98,96,249,x,x
0.9638219564572406,0.3571428571428571,165,164,291,x,x
0.9775938591239298,0.37755102040816324,249,95,323,x,x
0.9775938591239298,0.4183673469387755,291,164,292,x,x
0.9818262993310545,0.5204081632653061,231,264,410,x,x
0.5612244897959183,0.9823191419951107,898,814,607,x,x
0.5843337857947085,0.9435320356847328,118,117,387,x,x
0.6581018759664317,0.9554048479036046,122,380,306,x,x
0.9818262993310545,0.6428571428571428,270,415,531,x,x
0.9818262993310545,0.7653061224489796,432,137,136,x,x
0.7500613893396908,0.9554048479036045,289,169,238,x,x
0.9818262993310545,0.846938775510204,451,325,398,x,x
0.8521022056662214,0.9554048479036045,41,276,42,x,x
0.9477499882235526,0.9346358403646787,257,404,228,x,x
0.0819126616576204,0.04912699778176428,402,455,327,x,x
0.03758249249278245,0.06353071972486311,652,339,262,x,x
0.01767398916709173,0.19387755102040816,338,186,339,x,x
0.03817033574133462,0.16375416157295167,182,341,183,x,x
0.14789779433377864,0.04459515209639528,263,230,868,x,x
0.3474276309607067,0.03817033574133462,408,341,263,x,x
0.46987661055254343,0.03817033574133462,340,183,341,x,x
0.05646796431526742,0.6401560101236584,409,172,171,x,x
0.2551020408163265,0.9823191419951107,409,457,342,x,x
0.23199274481753612,0.9435320356847325,592,998,809,x,x
0.1326530612244898,0.9823191419951107,428,238,290,x,x
0.15576235722327997,0.9435320356847327,344,265,1049,x,x
0.4948365698439827,0.9554048479036045,343,219,344,x,x
0.39795918367346933,0.9823191419951107,23,334,345,x,x
0.4210684796722595,0.9435320356847327,411,345,334,x,x
0.298619500080423,0.9435320356847327,553,545,550,x,x
0.5923255901443801,0.03817033574133462,212,412,213,x,x
0.714774569736217,0.038170335741334584,413,209,208,x,x
0.9823191419951107,0.336734693877551,272,458,233,x,x
0.9554048479036049,0.23985730770703756,458,348,270,x,x
0.9435320356847327,0.17076825502161797,30,414,31,x,x
0.9435320356847327,0.3136253978787608,415,349,271,x,x
0.9818262993310546,0.43877551020408156,270,28,349,x,x
0.9823191419951108,0.5408163265306122,419,350,273,x,x
0.9435320356847325,0.5177070305318219,38,354,278,x,x
0.5709397159780688,0.9618296642586656,416,351,274,x,x
0.9823191419951107,0.6632653061224489,273,35,351,x,x
0.9435320356847325,0.6401560101236583,426,496,364,x,x
0.9823191419951107,0.7857142857142856,59,417,60,x,x
0.9435320356847325,0.7626049897154953,418,55,461,x,x
0.9823191419951107,0.8265306122448979,418,487,353,x,x
0.9435320356847325,0.8496399082436885,37,350,354,x,x
0.06356852223082955,0.037884912540513946,419,354,350,x,x
0.03817082309693197,0.20358586790724573,418,461,487,x,x
0.2755102040816326,0.9823260108329083,56,418,353,x,x
0.24538681463417614,0.9618296642586653,42,276,356,x,x
0.1423682874066403,0.9618296642586656,420,356,276,x,x
0.4076744098556198,0.9618296642586656,421,357,282,x,x
0.9618296642586656,0.3270194676954005,279,52,357,x,x
0.9435320356847328,0.43607437747059735,422,203,202,x,x
0.9618296642586653,0.531101100348462,497,358,422,x,x
0.9618296642586652,0.6535500799402986,463,359,424,x,x
0.9823260108329083,0.8061224489795917,476,308,382,x,x
0.9618296642586653,0.7759990595321353,463,360,284,x,x
0.9618296642586652,0.8362458384270482,72,424,73,x,x
0.2852185209684702,0.961829176903068,425,68,464,x,x
0.5186298032277836,0.6673332680139541,67,66,362,x,x
0.9192020088945619,0.09280026852978554,363,565,362,x,x
0.9526742747084335,0.9101286982106443,361,69,425,x,x
0.36430143840683415,0.06457327161333812,565,363,285,x,x
0.48675041799867086,0.06457327161333802,362,66,363,x,x
0.6091993975905076,0.0645732716133379,485,61,459,x,x
0.7316483771823443,0.06457327161333778,459,60,417,x,x
0.5451361427396998,0.949185385770458,427,166,165,x,x
0.06679982686379725,0.1836696644507118,427,467,365,x,x
0.11656471416827131,0.9491853857704576,429,160,159,x,x
0.39080060240949255,0.9354267283866627,429,468,366,x,x
0.9354267283866627,0.3438932751415279,469,130,129,x,x
0.9354267283866617,0.5479749077945895,128,127,439,x,x
0.9354267283866612,0.6704238873864262,470,368,433,x,x
0.9289368591606815,0.8105062255747965,135,368,136,x,x
0.26530231751193634,0.9332001731362026,470,369,294,x,x
0.9067677291240877,0.9136528677951765,134,433,135,x,x
0.9393550237042496,0.7875064257371813,521,370,295,x,x
0.9275528448045726,0.8836479300713765,244,225,370,x,x
0.9556676133331102,0.8087549461090637,220,343,371,x,x
0.897300153097671,0.7676510177822199,371,343,1050,x,x
0.9127802255507708,0.7893283482293078,154,302,372,x,x
0.3956418002845362,0.6472061777719689,434,372,302,x,x
0.49790193673147737,0.3195674897569553,149,243,373,x,x
0.6582388164432956,0.43529993007545875,435,373,243,x,x
0.580886096483924,0.3493910312325033,435,437,498,x,x
0.6660476385963405,0.540666986539384,377,437,305,x,x
0.6104319065572433,0.6305006363652982,301,374,375,x,x
0.41911390351607597,0.34939103123250337,374,141,375,x,x
0.3447898940951887,0.40796676878919036,436,138,137,x,x
0.34603604263134174,0.574301560609434,436,471,376,x,x
0.08101797528908289,0.7454863276730335,142,374,377,x,x
0.7223543811609078,0.9142820213879576,437,377,374,x,x
0.17560480251256116,0.08571797861204203,867,689,475,x,x
0.08101797528908154,0.6026291848158908,431,469,489,x,x
0.08571797861204192,0.8652115240180512,379,306,858,x,x
0.9142820213879581,0.21215029952825545,440,378,126,x,x
0.4604337561645829,0.6760534151070108,441,120,474,x,x
0.48718602951577056,0.6549186502209183,119,118,386,x,x
0.8490741902676632,0.0857179786120422,523,381,307,x,x
0.5172679043535697,0.9303097797603966,246,198,381,x,x
0.08859040210101503,0.9301305719482803,442,76,75,x,x
0.8833160080870589,0.8285585412199964,476,382,442,x,x
0.6333871530754053,0.41442487550487656,547,310,444,x,x
0.5990490891398856,0.37628859196308306,510,478,492,x,x
0.6582122698106215,0.5091712714106952,310,383,384,x,x
0.6226056769154488,0.6004145533576781,383,83,384,x,x
0.40095091086011425,0.3762885919630831,444,385,311,x,x
0.3564439614889571,0.4398846817128504,310,81,385,x,x
0.347151862424037,0.5418650376504919,386,387,567,x,x
0.6828403937812181,0.9233004424026707,306,380,475,x,x
0.8243951974874384,0.9142820213879576,567,387,312,x,x
0.8806709014634527,0.795892118358029,386,118,387,x,x
0.3559875773724216,0.4667738806895687,114,477,445,x,x
0.34723214020809046,0.49275828205968225,445,388,115,x,x
0.3085486374716169,0.45252023806363756,390,568,389,x,x
0.32855698135769085,0.47199842042516066,312,388,478,x,x
0.30109305305327677,0.5154842560352492,568,390,313,x,x
0.2981544658651115,0.4832128794715368,389,112,390,x,x
0.09249920350076038,0.5463397782257682,479,108,107,x,x
0.6279724312869923,0.9075007964992395,106,493,107,x,x
0.11797850802709213,0.09160902195703235,524,392,314,x,x
0.46470712516454327,0.9075007964992398,309,201,392,x,x
0.9075007964992389,0.26998675238647657,84,383,393,x,x
0.3979591836734694,0.0629895849391845,447,393,383,x,x
0.5204081632653061,0.06298958493918452,480,391,494,x,x
0.6428571428571428,0.06298958493918448,104,448,105,x,x
0.7653061224489797,0.06298958493918451,100,397,101,x,x
0.3571428571428571,0.9370104150608153,322,450,397,x,x
0.9370104150608155,0.37755102040816324,89,315,396,x,x
0.9370104150608157,0.5816326530612246,449,396,315,x,x
0.9370104150608157,0.7040816326530612,322,249,450,x,x
0.8858227855392911,0.5184724953057102,395,101,397,x,x
0.3347990259179551,0.11417721446070861,190,254,398,x,x
0.09411481486915926,0.6888154997216447,451,398,254,x,x
0.12069606919208666,0.21864379781972257,254,327,455,x,x
0.23033198907996866,0.87931742101536,227,253,399,x,x
0.492063860940042,0.6885918087151002,252,401,454,x,x
0.5580619462755223,0.9000911749530013,8,453,9,x,x
0.12949717985302314,0.9001373671278605,399,715,686,x,x
0.882419229130141,0.8745844630998798,653,530,1069,x,x
0.6733131922816091,0.4722410226871325,187,338,402,x,x
0.6565296353884191,0.5794134540582812,455,402,338,x,x
0.36235045214615336,0.3306418361782572,525,403,329,x,x
0.7777713735332841,0.9177490632804781,265,217,403,x,x
0.3080379431500554,0.5567569683624709,338,530,455,x,x
0.24894196552079734,0.4494405599120049,873,690,407,x,x
0.11529177120043868,0.15037144047841144,697,404,614,x,x
0.41780771003023365,0.8951410727681953,330,697,256,x,x
0.895141072768195,0.3168861675207867,177,266,406,x,x
0.457248005509792,0.11417721446070848,456,407,261,x,x
0.5796969851016289,0.11417721446070833,231,410,811,x,x
0.702145964693466,0.11417721446070808,633,613,584,x,x
0.8858227855392903,0.6409214748975457,500,809,407,x,x
0.8905645796868829,0.5669519225045058,505,404,484,x,x
0.38327845311674996,0.10943542031311654,171,288,409,x,x
0.0642933938517432,0.6958558853130413,457,410,264,x,x
0.07304032255206515,0.6662273593896815,817,238,428,x,x
0.09143049575581841,0.6362347538888885,500,407,456,x,x
0.08881568971625521,0.20875749671781574,704,725,259,x,x
0.24021829018187557,0.9111905187928323,270,349,415,x,x
0.3002764508809474,0.8793039308079135,545,526,1029,x,x
0.5430323602298507,0.7250566253897044,328,213,412,x,x
0.7164093305803696,0.5114157387635766,208,286,413,x,x
0.6683688232915681,0.6364377396367022,413,286,875,x,x
0.8240848986096196,0.8169143741366119,458,414,348,x,x
0.24763826692567795,0.5040822952418332,272,31,414,x,x
0.37196665499688153,0.8936051575532108,347,546,269,x,x
0.4540216956067364,0.7383940619946572,347,527,546,x,x
0.8936051575532105,0.36272722255413914,594,593,233,x,x
0.6828186977867386,0.38080725937792426,362,565,507,x,x
0.5057274327085866,0.10943542031311612,460,352,275,x,x
0.6281764123004231,0.1094354203131157,426,364,63,x,x
0.7506253918922596,0.10943542031311515,461,55,54,x,x
0.8905645796868805,0.6894009020963433,353,487,462,x,x
0.1457976388413541,0.6009734430294511,594,458,595,x,x
0.11370349789887048,0.184847240066054,462,275,353,x,x
0.08956803713427816,0.26267691974785484,276,277,654,x,x
0.193877551020408,0.9166212722142728,506,279,538,x,x
0.2903901497790404,0.9111843102837448,236,421,282,x,x
0.5226905938376354,0.699636339039702,235,420,786,x,x
0.8389218467305353,0.752292492374518,202,309,422,x,x
0.4660193711431221,0.7081280051025679,422,309,1065,x,x
0.6376495478538465,0.33064183617825726,308,476,443,x,x
0.11364130952550781,0.6109369236778243,76,442,382,x,x
0.17561371650366056,0.1704249106846676,463,424,360,x,x
0.26530109581844413,0.8859406095958202,359,73,424,x,x
0.330687843791048,0.9062077811961491,464,68,67,x,x
0.5727867634990284,0.6769320189519393,464,488,425,x,x
0.4971435425671045,0.7224923138189631,60,459,61,x,x
0.40890325398348554,0.7029977883354043,486,459,417,x,x
0.10462658462110926,0.5781289777645162,165,291,427,x,x
0.14665111898121147,0.6606006998343934,467,428,290,x,x
0.14875414899183437,0.1952168614504876,430,821,239,x,x
0.2595576286871404,0.8206384358600275,501,410,457,x,x
0.15159509287905912,0.5420029252989653,159,298,429,x,x
0.14440271076076405,0.16355673308044769,468,430,293,x,x
0.206133222189221,0.23043548961372196,298,299,564,x,x
0.27697995869994285,0.8520097663637147,296,371,522,x,x
0.14554233283953497,0.12231192665758209,438,129,128,x,x
0.16143060461217953,0.23891508908415207,130,469,431,x,x
0.18241042399835433,0.20473424062384898,432,368,783,x,x
0.3238815083804198,0.8054391162347159,138,436,376,x,x
0.23983304744167516,0.17553088824942717,470,433,369,x,x
0.2938630661227826,0.8221101084778195,368,135,433,x,x
0.21524016450159783,0.1982306410571193,658,659,657,x,x
0.2793192169712727,0.7605601953132198,564,503,298,x,x
0.3274886792238166,0.8472960176400272,305,437,243,x,x
0.26777700560047807,0.23047716175583044,498,374,301,x,x
0.29527127287684884,0.7892840926139475,137,432,436,x,x
0.3382147908799712,0.7466435494793088,471,436,432,x,x
0.10853413062827864,0.3979591836734694,498,437,374,x,x
0.9218333243053705,0.13475926648986286,435,243,437,x,x
0.9081632653061223,0.9428688964493579,439,566,438,x,x
0.8763722437434874,0.9323198676889142,367,431,489,x,x
0.19387755102040813,0.060114342344116715,566,439,378,x,x
0.22587975668004867,0.10227585442406088,438,128,439,x,x
0.060114342344116764,0.846938775510204,473,125,124,x,x
0.06712749424801742,0.814471930993966,440,473,490,x,x
0.10110769054444038,0.7854227077407803,474,120,119,x,x
0.8673469387755103,0.06011434234411682,474,491,441,x,x
0.8993598088231642,0.06674043419541534,75,423,442,x,x
0.8830817840399542,0.09971860850354036,504,476,423,x,x
0.8412587326596153,0.15300437576343395,476,504,443,x,x
0.8546555855574893,0.12046335905855708,310,385,444,x,x
0.8832142085472066,0.1512488873080824,676,680,682,x,x
0.8023227647451033,0.11794658507389891,669,547,668,x,x
0.9136329496875986,0.8385024511801501,477,114,113,x,x
0.8061224489795916,0.9398856576558832,477,492,445,x,x
0.06547842840903118,0.5319557667278586,448,481,105,x,x
0.09641491088976722,0.5064123570448448,514,494,516,x,x
0.652497429131132,0.9255027440951534,383,310,547,x,x
0.664678555196477,0.8832009373220255,480,313,391,x,x
0.6135884197890829,0.9345215715909689,482,394,318,x,x
0.5901319372889363,0.9103607990262129,479,446,108,x,x
0.592302152219762,0.8483747399559464,577,803,804,x,x
0.5824754055596829,0.879061712997334,499,450,513,x,x
0.5329892411922688,0.8462981155175919,319,320,650,x,x
0.6176465074759739,0.873407518181153,397,499,395,x,x
0.6493505399386287,0.815962578855452,455,788,254,x,x
0.6253972999696296,0.8402139590997876,399,452,483,x,x
0.5943829129220014,0.7856257824067777,226,452,250,x,x
0.6587373141152116,0.8491890270267312,253,452,399,x,x
0.6175884526885416,0.8085460391937257,400,454,484,x,x
0.7129452535737975,0.8159356418216546,332,9,453,x,x
0.6466169751596933,0.7559488904230028,454,505,484,x,x
0.7021403361778475,0.8591322020232154,404,257,484,x,x
0.6811516955753986,0.8249176114761491,339,652,338,x,x
0.6753122513091365,0.7847109484920185,530,788,455,x,x
0.07997031198050329,0.11339097069741828,406,266,456,x,x
0.45032311366663386,0.934521571590969,500,456,266,x,x
0.9345215715909685,0.2843707638843862,409,288,457,x,x
0.9141403856610922,0.4776028479304531,501,457,288,x,x
0.2939293785426979,0.08585961433890771,553,555,552,x,x
0.6877199527267418,0.4996845404726731,527,347,413,x,x
0.7181529519799693,0.46620517224690566,460,486,352,x,x
0.7192449171891959,0.5742770810026748,61,485,62,x,x
0.652054054397052,0.6100838076551719,615,275,462,x,x
0.6897776596313859,0.599926909529183,528,419,273,x,x
0.2674144612304028,0.5423719548779338,54,355,461,x,x
0.060514921109302386,0.2755102040816326,506,487,355,x,x
0.09295820170272931,0.3096550118439134,532,420,276,x,x
0.32725057457090784,0.9356929458709017,831,830,532,x,x
0.2959352708004195,0.6328894124671807,465,687,284,x,x
0.3997903124971567,0.8199812799632868,884,463,559,x,x
0.3440106417074491,0.8759415493774011,67,362,464,x,x
0.36732899342871156,0.8434046843864628,488,465,361,x,x
0.06947800768239212,0.3979591836734694,466,699,285,x,x
0.8642110414817343,0.19931809019861282,358,535,283,x,x
0.12093175134345555,0.5289724575956805,466,496,512,x,x
0.14866616581941255,0.4742308125685058,507,465,488,x,x
0.14785289389118964,0.5082153064879007,427,291,467,x,x
0.19717585612023295,0.4923936603050581,502,467,291,x,x
0.17941621007426345,0.5218205093815912,429,298,468,x,x
0.2164210208262004,0.5240810335598304,503,468,298,x,x
0.19489629373567816,0.5724262179866815,129,438,469,x,x
0.0800983189729956,0.46519473589159305,489,472,367,x,x
0.711951807705226,0.7194611109072134,294,472,688,x,x
0.087285860805404,0.08210417799490857,503,430,468,x,x
0.10938081440313588,0.12065854877192829,470,789,783,x,x
0.0858812687778061,0.14310386240390144,303,657,302,x,x
0.6870288002483848,0.5663632471998936,378,490,919,x,x
0.7097967559761555,0.54320864846879,980,977,972,x,x
0.769463101589908,0.5390344642022724,124,379,473,x,x
0.31272325272032403,0.5965299805634275,490,473,379,x,x
0.3635197526153887,0.8039206913699622,119,386,474,x,x
0.4031949716582078,0.8589045835997826,491,475,380,x,x
0.08900606915533539,0.3629102168210307,312,478,807,x,x
0.0678490474134704,0.4326730401843334,378,440,490,x,x
0.10644128641598177,0.4367049903709333,442,423,476,x,x
0.684430113040281,0.7469189036220545,504,423,359,x,x
0.7380907779483482,0.6527884065620659,113,389,477,x,x
0.3539532644525383,0.6222432074771567,492,478,388,x,x
0.2602809891898412,0.5943716008741353,480,517,793,x,x
0.3427124990945525,0.7788848876566732,509,475,491,x,x
0.3925043747870805,0.7555044697130946,105,481,106,x,x
0.4662637951655122,0.8337773361324143,394,495,448,x,x
0.1609022492887039,0.3458168343918326,494,514,480,x,x
0.15897401194473576,0.42011310570047844,389,568,510,x,x
0.11429312447290885,0.47038902171380426,482,495,394,x,x
0.6520972701627079,0.6952112735786536,107,493,479,x,x
0.7324140875054603,0.7674927811695759,318,395,499,x,x
0.7057586100967371,0.6338298102220691,664,577,539,x,x
0.2802687322726332,0.5706244623417489,399,483,451,x,x
0.3921756427957209,0.788191680615921,226,483,452,x,x
0.43029454927029404,0.7722297801594631,400,484,453,x,x
0.43095441787513594,0.8368658816470856,505,454,401,x,x
0.42829527846866083,0.8045716097093445,459,486,496,x,x
0.4516728476279537,0.87034741316411,426,62,485,x,x
0.46906016361307573,0.7908588583666676,486,512,496,x,x
0.1273647687050828,0.36450274845149405,466,364,496,x,x
0.12958611047271773,0.41852572619416173,461,355,487,x,x
0.1458204737359674,0.39080103619208933,506,355,279,x,x
0.14288808465468236,0.445089730896475,464,362,488,x,x
0.1818420700298941,0.45250932996032595,507,488,362,x,x
0.20019177512022934,0.3840096870850502,469,438,489,x,x
0.6792440839306673,0.7141990361509329,508,489,438,x,x
0.6875716952262035,0.6733932580794396,591,509,567,x,x
0.7024002822874512,0.7712503879501916,370,521,244,x,x
0.7411401484618544,0.6105388923309709,474,386,491,x,x
0.49469532115952664,0.8663169461866672,509,491,386,x,x
0.50437909320022,0.8147104136571004,477,389,492,x,x
0.1092676331549765,0.33763960302003887,510,492,389,x,x
0.1416938420743272,0.29999672756076406,106,481,493,x,x
0.2159100275144977,0.46230143692255077,481,448,495,x,x
0.20876143017141433,0.42301291259457713,493,516,479,x,x
0.7577620421141827,0.5757612511663868,516,511,514,x,x
0.8111512441729108,0.6368267644577515,482,511,495,x,x
0.5271481624857663,0.8817602839758366,481,495,516,x,x
0.5103102142239162,0.7678521450588186,459,496,485,x,x
0.5500141849810083,0.8021275105780038,512,486,460,x,x
0.2581217831424745,0.3917245646144775,962,617,625,x,x
0.7402478294762573,0.5499539111054681,504,537,575,x,x
0.781804095532443,0.6086131138466637,471,649,301,x,x
0.22775448583457847,0.3983967631151344,662,661,659,x,x
0.23376116801456642,0.3532933709295156,319,650,450,x,x
0.8010306817257015,0.569319170853616,499,513,515,x,x
0.7747362088027437,0.6453348746629842,266,561,500,x,x
0.8248422141407772,0.5129042197817033,255,544,329,x,x
0.8064813424022171,0.699022330713697,587,815,608,x,x
0.8021491242241224,0.5365585989612678,520,343,344,x,x
0.7825690770073259,0.49506164159960014,609,588,819,x,x
0.8444222613575735,0.5544011771433707,522,541,296,x,x
0.7990441381435412,0.6671908135375002,434,302,536,x,x
0.8468537633346593,0.6686582546825981,432,783,471,x,x
0.7607879728629338,0.6929136735970803,463,537,359,x,x
0.9396622105229757,0.1990613479465028,359,537,504,x,x
0.9143817298147529,0.18119238011369676,558,686,715,x,x
0.885582726513748,0.17997608834541035,505,596,404,x,x
0.07796649757842541,0.8980775688023506,538,279,421,x,x
0.33064624849135255,0.5172846115120173,576,538,786,x,x
0.1455074190653117,0.07610107808249836,466,512,616,x,x
0.9236828981429105,0.24256830612429284,519,237,1062,x,x
0.8845988634319558,0.23798577009665645,689,858,475,x,x
0.8571802859517421,0.2818037728197753,521,295,540,x,x
0.8367269578146139,0.23851793318253803,805,591,569,x,x
0.9172272006594157,0.7359112497710609,523,246,381,x,x
0.8755105726748054,0.7318457134081467,514,518,480,x,x
0.8416100693578629,0.7141425139130335,1064,549,804,x,x
0.7494428374428831,0.9259262234587972,664,515,577,x,x
0.7521761650326959,0.8822368770673878,796,383,529,x,x
0.7212901084959753,0.8833926756136659,462,506,576,x,x
0.7355954534341221,0.8524128072681372,519,286,287,x,x
0.7839968032240449,0.8450251081687639,539,518,511,x,x
0.6929461821762576,0.8945606602150858,499,515,318,x,x
0.7897371046607256,0.8821449354638227,494,479,516,x,x
0.8229938982152311,0.8579982622534355,514,511,518,x,x
0.8506650854437663,0.8381766525305935,577,515,513,x,x
0.9060183014930501,0.5409687750740629,482,318,515,x,x
0.9040952056106116,0.6049560606715677,481,516,493,x,x
0.9335543676169457,0.6116428327083565,495,511,516,x,x
0.854865828730478,0.6025692210314256,480,518,517,x,x
0.3572953056863074,0.09398169850694946,579,694,543,x,x
0.4212825912838126,0.09590479438938887,511,482,664,x,x
0.42796936332060154,0.06644563238305469,315,548,449,x,x
0.41801571849770025,0.14686633135034285,283,534,237,x,x
0.901299832458314,0.41115552294215557,460,615,597,x,x
0.6412426202858632,0.3728245734673848,525,265,403,x,x
0.47974428527814406,0.09398169850694921,501,288,562,x,x
0.5437315708756495,0.09590479438938893,540,295,240,x,x
0.5504183429124383,0.06644563238305472,508,438,566,x,x
0.5404646980895368,0.14686633135034402,1023,1032,1026,x,x
0.6021932648699807,0.09398169850694892,291,563,502,x,x
0.6661805504674863,0.09590479438938893,542,307,244,x,x
0.6728673225042751,0.06644563238305462,509,386,567,x,x
0.6629136776813734,0.14686633135034544,543,314,246,x,x
0.7246422444618174,0.09398169850694855,539,549,518,x,x
0.9060183014930486,0.6634177546659001,329,544,525,x,x
0.16110545567158333,0.9106520558017801,811,587,810,x,x
0.16394096013180076,0.8493619580999245,545,1029,328,x,x
0.18344065557535252,0.8809747247127582,545,328,412,x,x
0.15216666848817628,0.878445071262041,571,594,1066,x,x
0.20565999911349486,0.8454487926310061,458,270,531,x,x
0.11983459385308978,0.8673480028592665,233,593,416,x,x
0.10508965551392987,0.8293384522680494,597,512,460,x,x
0.1778635167571447,0.7734490281322166,383,547,529,x,x
0.23905335400456892,0.8470436320009139,523,718,579,x,x
0.2238916399978393,0.8141065625028991,653,869,871,x,x
0.18458891370068933,0.8122180838587845,686,716,717,x,x
0.24792392134937125,0.7835225317708324,232,666,415,x,x
0.1432868772817433,0.8135695896146854,416,593,528,x,x
0.21260371850384185,0.7805027103615336,655,654,234,x,x
0.20773785034911527,0.7153910752045384,419,656,655,x,x
0.20098835808006446,0.748633106173844,470,294,688,x,x
0.14678368635698538,0.7213046716604037,586,472,508,x,x
0.24241618339813634,0.7397384225730668,671,670,443,x,x
0.25797705877089033,0.6807046703360626,644,635,641,x,x
0.23927478642036443,0.7073426288589436,574,535,497,x,x
0.21263062757662213,0.668751675012637,534,283,535,x,x
0.2815963569381413,0.7171718965646712,649,498,301,x,x
0.3029684598675754,0.6774469396998132,857,434,940,x,x
0.30559678027574605,0.7401854110228345,284,687,463,x,x
0.3289607027456509,0.707782329509508,745,585,723,x,x
0.34646934690783127,0.6664772656300175,235,538,421,x,x
0.36972306721593867,0.7186079744410131,532,786,420,x,x
0.378425027744367,0.6834746307231506,513,650,651,x,x
0.13593103490309222,0.5702332109615276,518,549,517,x,x
0.1273386733701804,0.25635873208621357,296,541,240,x,x
0.1895916558004338,0.12785374130890997,705,790,994,x,x
0.7798587161124895,0.09313249079575277,610,663,991,x,x
0.7974552262091299,0.06616338016273847,540,240,541,x,x
0.9395487422815504,0.46442037471636055,521,578,244,x,x
0.9140686868617066,0.44638694215334446,521,896,578,x,x
0.8587673467382846,0.46212199723391945,523,579,246,x,x
0.8818330434387867,0.43814043831549826,543,246,579,x,x
0.8277875068326148,0.4092421005755413,1009,544,1029,x,x
0.8646725618009569,0.40524686687178013,526,1008,1009,x,x
0.8489502881134025,0.4323585867413603,551,346,269,x,x
0.8408919459295752,0.3579618389054674,550,545,412,x,x
0.8129484851086395,0.4607340120981698,582,554,787,x,x
0.914545282935587,0.5081285088022641,550,551,553,x,x
0.28074690532860547,0.06045125771844948,245,670,668,x,x
0.26271347276558965,0.08593131313829296,444,668,547,x,x
0.2784403416211547,0.13766857086779086,316,665,315,x,x
0.25433938243806126,0.11673575486929226,247,447,581,x,x
0.22490727047970382,0.1394266014113869,797,800,802,x,x
0.32445503941450876,0.0854547170644128,801,547,669,x,x
0.0628273932319386,0.30998196134795847,787,269,546,x,x
0.36825890898853025,0.5952561722271134,346,551,550,x,x
0.23400627329878215,0.5642780353364246,555,553,787,x,x
0.1713752215853166,0.3743484110098017,1010,545,552,x,x
0.1958412861199742,0.3491798256136943,787,553,551,x,x
0.18197668255544244,0.3100458823313215,554,603,1063,x,x
0.1692794422227957,0.27518071450935455,551,269,787,x,x
0.21751438202457624,0.27735908625714945,545,553,552,x,x
0.7216938517973425,0.6848202386479165,582,546,527,x,x
0.13712467467017114,0.32884844940125596,628,415,556,x,x
0.4986528620594297,0.9012413430846113,603,761,1063,x,x
0.4787233068237274,0.7597013170776433,706,632,853,x,x
0.5191422716977652,0.7406975782657387,713,667,411,x,x
0.5509348970811773,0.7631924204531123,595,531,621,x,x
0.5932453470984631,0.734538124258597,443,504,575,x,x
0.5806421074053986,0.8165791140162421,675,677,679,x,x
0.5230183080571271,0.7932651840899311,630,613,633,x,x
0.29766082094549684,0.33972531089471164,227,686,401,x,x
0.7510644530040687,0.5096112882689376,585,465,507,x,x
0.7535283893594282,0.47356289483568936,574,534,535,x,x
0.7488838830711343,0.40717314196224436,560,688,586,x,x
0.7418434621794173,0.44102301403538247,941,606,813,x,x
0.7008598343690722,0.42620171211732816,410,501,815,x,x
0.782668873042287,0.43185717120360095,947,945,946,x,x
0.6751490806149842,0.4101376732264933,428,502,819,x,x
0.7822570084607566,0.46260272700950333,817,588,816,x,x
0.7888679313631665,0.38790978578835816,430,503,823,x,x
0.8545503059336018,0.5242544982012645,821,589,820,x,x
0.849580734781491,0.4927078453446037,857,241,434,x,x
0.8818270957079327,0.4857206541990788,1022,823,610,x,x
0.8746622497143183,0.6664847039144178,623,597,573,x,x
0.862651363023374,0.6917951501608941,616,624,699,x,x
0.7774868976653833,0.7419538649492902,379,858,490,x,x
0.8854794356657654,0.2892616413515493,586,508,606,x,x
0.8643106868204504,0.31216721461519165,478,510,824,x,x
0.8069194803363481,0.309625727419651,807,590,806,x,x
0.8608335527291728,0.2536023391201054,793,313,480,x,x
0.7632024978642502,0.19430345262052123,611,904,824,x,x
0.8156787711316965,0.19452562951350363,578,691,542,x,x
0.7584558038509326,0.8060923796875656,542,244,578,x,x
0.8634645009106453,0.5754887132366807,1009,1048,544,x,x
0.8355694328751591,0.5815367899050504,868,407,690,x,x
0.8255120605169995,0.6101320607379417,594,595,1066,x,x
0.847627462696722,0.6352218775946182,639,936,731,x,x
0.3639669280761971,0.1621914144670472,613,630,572,x,x
0.9317710976421187,0.4077599208879612,1011,1010,552,x,x
0.4792402082936182,0.18045859405777864,841,927,925,x,x
0.6016891878854548,0.1804585940577774,585,507,604,x,x
0.13874632014982005,0.7746967803896778,673,674,672,x,x
0.15754423933144596,0.7502255142090717,757,758,674,x,x
0.12604379056760598,0.7454836029335911,757,765,884,x,x
0.17801730658072512,0.7261458616009513,617,574,497,x,x
0.11454328137504298,0.7146343751002822,837,830,831,x,x
0.1674872547113108,0.6909073278458046,576,828,825,x,x
0.13554071805642837,0.6905550698202386,1068,513,651,x,x
0.25247230129613474,0.6373604907468968,548,802,803,x,x
0.21897195913929215,0.609071696842438,692,600,691,x,x
0.22191931092654507,0.6395617595217002,691,523,542,x,x
0.1823147721155428,0.6430318408985339,763,770,756,x,x
0.15406809782377728,0.6306747996509758,694,524,543,x,x
0.1811998389447466,0.6071177110153305,762,761,751,x,x
0.2789756862048743,0.6584002414186353,809,998,570,x,x
0.31544224202706617,0.7678909962359439,447,796,581,x,x
0.31967884273712444,0.6519754460293682,797,529,798,x,x
0.36729686180191823,0.6472509252798768,849,848,846,x,x
0.11342027033108536,0.2851174724649076,612,621,853,x,x
0.8177979125466431,0.09037157302397192,704,259,229,x,x
0.8659241153495034,0.3749950396824604,1011,552,1063,x,x
0.8687295925062117,0.34396171225916605,584,636,633,x,x
0.3027868736365501,0.11672750468782486,505,613,596,x,x
0.3219324203400712,0.15486011351197407,507,565,604,x,x
0.332315533378134,0.2194973265709617,574,619,534,x,x
0.33826438936181663,0.18538916017599585,606,508,566,x,x
0.3847642698344443,0.21107213102869013,540,814,898,x,x
0.2950158684311217,0.19541897897907115,608,501,562,x,x
0.20772691185814446,0.16679886478793424,947,1038,1039,x,x
0.19421440718252625,0.2581683871813254,502,563,609,x,x
0.23694338618364313,0.24780461768367404,587,1000,999,x,x
0.2787920094394852,0.2861754043543225,564,610,503,x,x
0.22062171078483633,0.31639945819555254,1003,1002,588,x,x
0.2462906903665699,0.29471254838861494,510,568,611,x,x
0.2701281886505371,0.3193274373857237,719,718,523,x,x
0.6141602591391504,0.7596289072942249,567,806,591,x,x
0.6269752867528771,0.7276842827001152,695,694,579,x,x
0.6034773621834011,0.6984683182772137,561,810,592,x,x
0.6045926416488927,0.6642427950580126,592,810,812,x,x
0.6374448770100758,0.6525517161782001,594,233,458,x,x
0.5798963786910606,0.7603918590675572,528,593,571,x,x
0.5719396413039903,0.7096688168304893,595,458,531,x,x
0.26823150561289144,0.35837985049013343,571,593,594,x,x
0.30553214568985126,0.3846841220156421,531,628,621,x,x
0.7158649622251884,0.3939559431499857,621,612,1067,x,x
0.7226508190537086,0.32879969076874577,505,717,613,x,x
0.7469078340750459,0.3642574877601479,596,572,614,x,x
0.7100691721092424,0.36042083545559983,460,275,615,x,x
0.6752142465039243,0.34223638382926713,623,616,512,x,x
0.7661217374263563,0.3250869489034198,598,623,635,x,x
0.6769858316179503,0.2698472621355377,619,627,534,x,x
0.7646685705155715,0.25969505672641013,617,497,1065,x,x
0.7984755145244139,0.3489019160740479,671,675,557,x,x
0.6658912986932357,0.3057919836136518,895,692,896,x,x
0.7769620214556777,0.292133958882852,914,779,591,x,x
0.7419902364820653,0.298889084056645,794,793,517,x,x
0.8047921365866579,0.26303822053035086,539,804,549,x,x
0.7043878792946853,0.2957838661433541,669,675,679,x,x
0.6077184899159821,0.26815207660798646,756,774,728,x,x
0.7876381805139525,0.2264678439210494,696,554,582,x,x
0.7194036533894151,0.2524762388427049,709,710,708,x,x
0.6421130957179513,0.27876815793539006,285,699,565,x,x
0.6408548569277278,0.2218197982090588,1062,627,519,x,x
0.8187226000235864,0.379611083685004,886,617,599,x,x
0.7434455992005611,0.734418707508281,703,604,702,x,x
0.7813195030214631,0.7132855914661994,813,566,919,x,x
0.8082549857167487,0.7314768669091561,591,779,901,x,x
0.8043050264158556,0.770294156748067,541,814,540,x,x
0.7710237951123002,0.7749288395010618,522,1058,541,x,x
0.8349446880288672,0.3260351699165248,562,816,608,x,x
0.7705205723702103,0.1498529882090354,608,816,818,x,x
0.7140912470851333,0.16840064627828882,563,820,609,x,x
0.8414423423573357,0.1817576308689732,820,822,609,x,x
0.8385949316559745,0.21059277737010845,659,661,536,x,x
0.7576232004906923,0.8344827741706996,785,993,662,x,x
0.7323684485531259,0.7956080610248631,793,611,568,x,x
0.791102853981733,0.8125191501919784,549,1064,517,x,x
0.3609325276013629,0.1311681367091089,554,696,603,x,x
0.45522580673807755,0.15163738431291265,721,527,729,x,x
0.4925348134971022,0.14496602439993422,636,622,633,x,x
0.4319097734472726,0.19548000590748285,572,596,613,x,x
0.5776747863299139,0.1516373843129121,572,630,637,x,x
0.614983793088938,0.1449660243999331,698,874,697,x,x
0.5529969068833971,0.19661472303870833,825,615,462,x,x
0.3247345937007735,0.6231821866686152,573,597,615,x,x
0.2627456334474256,0.19845711162851104,623,512,597,x,x
0.29286678268641136,0.16478185116456273,616,598,624,x,x
0.33302715606172195,0.356701878948276,617,1065,625,x,x
0.3672299100624055,0.36565991187669344,626,619,574,x,x
0.31208229285221906,0.4183779800907638,797,802,581,x,x
0.2797114035619183,0.43228164994116347,756,739,695,x,x
0.8263382945862339,0.2853966741114753,626,574,617,x,x
0.7466128525403093,0.22738762731183837,605,1070,619,x,x
0.706415344317985,0.211091287731705,1000,1025,920,x,x
0.7321437098445394,0.19368192778641255,994,790,792,x,x
0.6774705289506449,0.183851529220718,531,415,628,x,x
0.6737005738899545,0.21685564131684343,933,1067,612,x,x
0.6397962335220454,0.17732231513321192,652,1069,530,x,x
0.8058096511901276,0.15322444542006572,1028,951,634,x,x
0.7895061091710778,0.17894998581196422,833,635,623,x,x
0.69407839659563,0.1443819523201419,598,616,623,x,x
0.7272749322394859,0.13706884100647662,702,598,644,x,x
0.47580935787883866,0.25172505070233825,604,565,624,x,x
0.40007252671040616,0.17828692987581812,524,959,309,x,x
0.5182247113742365,0.1789215490042992,524,960,959,x,x
0.5159710560323014,0.22636592142143025,767,678,889,x,x
0.589556664607382,0.22534676835695272,605,619,626,x,x
0.238902008913346,0.2174093776644944,723,604,703,x,x
0.37183862142681967,0.3952090648284976,827,615,825,x,x
0.28415636987014037,0.4038905669498036,556,706,853,x,x
0.6905158245618601,0.24241081295579084,621,628,853,x,x
0.46429824138266335,0.21545508122262869,730,700,929,x,x
0.42258081545609627,0.24865671914952975,834,836,631,x,x
0.5187558025293523,0.27525813111609637,634,638,642,x,x
0.6141277586592481,0.20790422812948206,953,878,879,x,x
0.6162837628758617,0.23926233843652947,646,639,641,x,x
0.5528820085468997,0.23438696653294927,631,641,635,x,x
0.41377025464286177,0.21970439392943655,666,667,556,x,x
0.3912347483941122,0.24237898058242507,708,710,632,x,x
0.397350748122794,0.2932381267266037,716,636,584,x,x
0.4847705597882284,0.2863252694081011,622,630,633,x,x
0.4523946330710495,0.318329137486687,768,772,963,x,x
0.44762167369086875,0.27748600539514173,630,622,638,x,x
0.42725060552387883,0.30056703573642685,833,623,573,x,x
0.5038074313354035,0.25158413327780005,631,833,834,x,x
0.5462937564537196,0.3152806983755457,788,636,558,x,x
0.3419910628599706,0.27651314733430565,530,653,855,x,x
0.3952471706233066,0.32634722961135715,724,747,648,x,x
0.4746474713908545,0.3373523437533169,572,637,854,x,x
0.5505950618024364,0.3455143576399395,949,642,638,x,x
0.5208470528155653,0.3033043990350487,637,638,634,x,x
0.5608875417129824,0.2757541139366863,732,741,731,x,x
0.3740932681949989,0.27023761556281656,644,598,635,x,x
0.3525711876622443,0.24538883605152165,530,855,636,x,x
0.31850646468725924,0.25116958649977206,918,998,812,x,x
0.5813990183826657,0.25406355495166283,631,836,646,x,x
0.5900518411931799,0.30736767321994596,641,639,644,x,x
0.6069732792425697,0.33306967276778926,949,638,622,x,x
0.29894917666979753,0.22658587557777085,640,1006,1028,x,x
0.28736617243151674,0.2558717442135938,527,721,582,x,x
0.6216116328290577,0.30313295447408317,849,647,848,x,x
0.42992847006024343,0.6573832330484234,703,644,722,x,x
0.26609580703549607,0.4771862540206063,624,702,604,x,x
0.8454704055954126,0.7878102130221962,870,944,1007,x,x
0.5485725622707801,0.6559721409347908,1030,1010,1011,x,x
0.11327786242625576,0.6614783078888219,631,646,641,x,x
0.12628994221393766,0.6362998798918331,643,848,936,x,x
0.858047871672729,0.9012162717138459,643,842,846,x,x
0.2239030371264319,0.07055005327745985,741,701,722,x,x
0.4200183026109597,0.7352834272164531,874,698,405,x,x
0.3269021809593605,0.31308174537018385,632,706,708,x,x
0.3109671695957839,0.28510938878144104,471,783,784,x,x
x,x,659,536,657,x,x
x,x,651,248,449,x,x
x,x,450,650,513,x,x
x,x,449,548,651,x,x
x,x,1068,651,548,x,x
x,x,1069,262,408,x,x
x,x,530,338,652,x,x
x,x,408,263,868,x,x
x,x,949,855,872,x,x
x,x,234,278,655,x,x
x,x,532,276,654,x,x
x,x,656,419,528,x,x
x,x,654,655,831,x,x
x,x,928,571,1066,x,x
x,x,573,827,829,x,x
x,x,242,435,658,x,x
x,x,536,302,657,x,x
x,x,435,498,658,x,x
x,x,658,498,659,x,x
x,x,498,649,659,x,x
x,x,661,662,660,x,x
x,x,789,790,533,x,x
x,x,663,940,661,x,x
x,x,662,659,649,x,x
x,x,663,661,660,x,x
x,x,784,649,471,x,x
x,x,705,993,785,x,x
x,x,993,912,1019,x,x
x,x,856,610,564,x,x
x,x,664,482,515,x,x
x,x,539,511,664,x,x
x,x,581,665,247,x,x
x,x,548,315,665,x,x
x,x,667,666,411,x,x
x,x,415,666,556,x,x
x,x,713,411,258,x,x
x,x,708,667,736,x,x
x,x,245,668,444,x,x
x,x,669,668,557,x,x
x,x,675,671,673,x,x
x,x,679,683,669,x,x
x,x,671,443,575,x,x
x,x,668,670,557,x,x
x,x,671,575,673,x,x
x,x,557,670,671,x,x
x,x,884,765,537,x,x
x,x,753,737,754,x,x
x,x,673,575,765,x,x
x,x,673,672,675,x,x
x,x,743,745,723,x,x
x,x,746,758,733,x,x
x,x,677,675,672,x,x
x,x,669,557,675,x,x
x,x,677,680,676,x,x
x,x,755,685,727,x,x
x,x,672,889,680,x,x
x,x,677,676,679,x,x
x,x,889,674,767,x,x
x,x,888,957,956,x,x
x,x,679,676,684,x,x
x,x,684,683,679,x,x
x,x,672,680,677,x,x
x,x,680,678,956,x,x
x,x,676,685,684,x,x
x,x,913,997,995,x,x
x,x,961,678,767,x,x
x,x,727,685,682,x,x
x,x,797,581,796,x,x
x,x,683,798,801,x,x
x,x,685,676,682,x,x
x,x,683,684,681,x,x
x,x,714,727,753,x,x
x,x,681,684,685,x,x
x,x,399,686,227,x,x
x,x,716,686,558,x,x
x,x,585,687,465,x,x
x,x,463,687,559,x,x
x,x,586,688,472,x,x
x,x,688,560,789,x,x
x,x,902,569,901,x,x
x,x,858,859,490,x,x
x,x,653,872,855,x,x
x,x,408,868,869,x,x
x,x,692,691,578,x,x
x,x,691,600,719,x,x
x,x,863,813,861,x,x
x,x,813,606,566,x,x
x,x,763,693,769,x,x
x,x,774,780,782,x,x
x,x,579,718,695,x,x
x,x,694,601,960,x,x
x,x,754,882,753,x,x
x,x,601,694,695,x,x
x,x,730,740,721,x,x
x,x,712,710,711,x,x
x,x,404,697,228,x,x
x,x,697,614,698,x,x
x,x,614,572,854,x,x
x,x,704,724,648,x,x
x,x,616,699,466,x,x
x,x,565,699,624,x,x
x,x,844,846,842,x,x
x,x,932,934,930,x,x
x,x,701,703,722,x,x
x,x,733,744,746,x,x
x,x,598,702,624,x,x
x,x,703,702,644,x,x
x,x,722,644,639,x,x
x,x,703,701,723,x,x
x,x,724,229,405,x,x
x,x,726,725,648,x,x
x,x,790,705,533,x,x
x,x,910,792,790,x,x
x,x,556,667,706,x,x
x,x,726,736,713,x,x
x,x,748,648,749,x,x
x,x,603,709,761,x,x
x,x,667,708,706,x,x
x,x,709,708,707,x,x
x,x,750,751,707,x,x
x,x,711,710,709,x,x
x,x,711,709,603,x,x
x,x,632,710,712,x,x
x,x,603,696,711,x,x
x,x,712,612,853,x,x
x,x,696,876,711,x,x
x,x,696,582,740,x,x
x,x,258,259,725,x,x
x,x,713,725,726,x,x
x,x,739,601,695,x,x
x,x,681,685,755,x,x
x,x,399,451,715,x,x
x,x,254,715,451,x,x
x,x,636,716,558,x,x
x,x,717,716,584,x,x
x,x,717,584,613,x,x
x,x,401,686,717,x,x
x,x,523,691,719,x,x
x,x,695,718,693,x,x
x,x,600,892,769,x,x
x,x,693,718,719,x,x
x,x,893,892,600,x,x
x,x,779,773,777,x,x
x,x,527,875,729,x,x
x,x,721,700,730,x,x
x,x,639,731,722,x,x
x,x,647,732,731,x,x
x,x,723,701,743,x,x
x,x,604,723,585,x,x
x,x,698,759,405,x,x
x,x,883,747,759,x,x
x,x,648,725,704,x,x
x,x,258,725,713,x,x
x,x,748,726,648,x,x
x,x,748,750,726,x,x
x,x,957,753,682,x,x
x,x,714,738,755,x,x
x,x,728,739,756,x,x
x,x,794,618,795,x,x
x,x,851,849,852,x,x
x,x,721,729,1005,x,x
x,x,929,700,935,x,x
x,x,876,730,930,x,x
x,x,936,639,646,x,x
x,x,647,851,732,x,x
x,x,1070,732,851,x,x
x,x,742,741,732,x,x
x,x,741,742,744,x,x
x,x,733,757,745,x,x
x,x,879,880,881,x,x
x,x,750,736,726,x,x
x,x,749,877,735,x,x
x,x,707,751,709,x,x
x,x,708,736,707,x,x
x,x,667,713,736,x,x
x,x,957,682,956,x,x
x,x,958,959,737,x,x
x,x,986,985,782,x,x
x,x,602,800,997,x,x
x,x,756,695,693,x,x
x,x,739,882,754,x,x
x,x,721,740,582,x,x
x,x,876,740,730,x,x
x,x,731,741,722,x,x
x,x,732,1070,742,x,x
x,x,742,605,885,x,x
x,x,733,743,744,x,x
x,x,744,743,701,x,x
x,x,743,733,745,x,x
x,x,741,744,701,x,x
x,x,744,742,746,x,x
x,x,733,758,757,x,x
x,x,585,745,559,x,x
x,x,885,626,886,x,x
x,x,766,758,746,x,x
x,x,759,747,724,x,x
x,x,748,749,735,x,x
x,x,749,648,747,x,x
x,x,750,748,735,x,x
x,x,734,877,747,x,x
x,x,749,747,877,x,x
x,x,751,750,735,x,x
x,x,736,750,707,x,x
x,x,762,735,752,x,x
x,x,735,762,751,x,x
x,x,752,878,772,x,x
x,x,771,583,762,x,x
x,x,682,753,727,x,x
x,x,960,754,737,x,x
x,x,601,739,754,x,x
x,x,739,728,882,x,x
x,x,714,755,727,x,x
x,x,755,738,996,x,x
x,x,693,719,769,x,x
x,x,756,693,763,x,x
x,x,757,674,765,x,x
x,x,559,745,757,x,x
x,x,746,885,766,x,x
x,x,766,886,887,x,x
x,x,405,759,724,x,x
x,x,698,760,883,x,x
x,x,939,614,854,x,x
x,x,950,881,880,x,x
x,x,761,583,1063,x,x
x,x,709,751,761,x,x
x,x,771,762,752,x,x
x,x,583,761,762,x,x
x,x,916,773,915,x,x
x,x,763,773,770,x,x
x,x,764,781,780,x,x
x,x,770,774,756,x,x
x,x,673,765,674,x,x
x,x,537,765,575,x,x
x,x,617,886,626,x,x
x,x,767,890,887,x,x
x,x,674,758,767,x,x
x,x,766,890,758,x,x
x,x,768,771,772,x,x
x,x,963,891,964,x,x
x,x,600,769,719,x,x
x,x,720,763,769,x,x
x,x,773,763,720,x,x
x,x,770,764,774,x,x
x,x,772,771,752,x,x
x,x,583,771,768,x,x
x,x,877,878,752,x,x
x,x,526,964,1008,x,x
x,x,773,720,777,x,x
x,x,914,915,779,x,x
x,x,781,776,780,x,x
x,x,774,764,780,x,x
x,x,778,775,777,x,x
x,x,860,864,861,x,x
x,x,989,985,906,x,x
x,x,782,728,774,x,x
x,x,778,777,720,x,x
x,x,779,777,775,x,x
x,x,892,778,720,x,x
x,x,893,692,895,x,x
x,x,901,779,775,x,x
x,x,808,914,806,x,x
x,x,764,916,917,x,x
x,x,780,776,782,x,x
x,x,904,781,917,x,x
x,x,795,905,794,x,x
x,x,782,776,986,x,x
x,x,782,985,882,x,x
x,x,470,783,368,x,x
x,x,784,783,533,x,x
x,x,785,533,705,x,x
x,x,649,784,662,x,x
x,x,662,784,785,x,x
x,x,533,785,784,x,x
x,x,786,532,830,x,x
x,x,235,786,538,x,x
x,x,582,787,546,x,x
x,x,787,554,555,x,x
x,x,636,788,530,x,x
x,x,254,788,558,x,x
x,x,688,789,470,x,x
x,x,790,789,560,x,x
x,x,586,907,560,x,x
x,x,907,910,560,x,x
x,x,606,941,942,x,x
x,x,981,972,976,x,x
x,x,900,967,973,x,x
x,x,991,663,1019,x,x
x,x,517,618,794,x,x
x,x,313,793,568,x,x
x,x,987,795,618,x,x
x,x,611,793,794,x,x
x,x,776,781,795,x,x
x,x,905,781,904,x,x
x,x,383,796,447,x,x
x,x,797,796,529,x,x
x,x,681,799,683,x,x
x,x,798,799,797,x,x
x,x,529,547,801,x,x
x,x,799,798,683,x,x
x,x,996,913,995,x,x
x,x,995,681,996,x,x
x,x,803,802,800,x,x
x,x,799,995,797,x,x
x,x,683,801,669,x,x
x,x,529,801,798,x,x
x,x,803,800,602,x,x
x,x,548,581,802,x,x
x,x,804,803,602,x,x
x,x,803,577,1068,x,x
x,x,804,602,1064,x,x
x,x,577,804,539,x,x
x,x,805,569,867,x,x
x,x,509,591,805,x,x
x,x,807,806,567,x,x
x,x,806,590,808,x,x
x,x,312,807,567,x,x
x,x,590,807,478,x,x
x,x,590,904,917,x,x
x,x,773,916,770,x,x
x,x,809,570,873,x,x
x,x,500,592,809,x,x
x,x,811,810,561,x,x
x,x,812,810,587,x,x
x,x,231,811,561,x,x
x,x,587,811,410,x,x
x,x,1000,920,999,x,x
x,x,948,946,945,x,x
x,x,861,859,903,x,x
x,x,813,859,861,x,x
x,x,1058,814,541,x,x
x,x,969,814,620,x,x
x,x,410,815,587,x,x
x,x,501,608,815,x,x
x,x,817,816,562,x,x
x,x,818,816,588,x,x
x,x,238,817,562,x,x
x,x,588,817,428,x,x
x,x,1003,921,1002,x,x
x,x,587,999,812,x,x
x,x,428,819,588,x,x
x,x,502,609,819,x,x
x,x,821,820,563,x,x
x,x,822,820,589,x,x
x,x,239,821,563,x,x
x,x,589,821,430,x,x
x,x,992,1022,991,x,x
x,x,588,1002,818,x,x
x,x,430,823,589,x,x
x,x,503,610,823,x,x
x,x,478,824,590,x,x
x,x,510,611,824,x,x
x,x,462,576,825,x,x
x,x,828,827,825,x,x
x,x,828,576,830,x,x
x,x,832,838,835,x,x
x,x,829,827,826,x,x
x,x,573,615,827,x,x
x,x,576,786,830,x,x
x,x,826,827,828,x,x
x,x,826,837,835,x,x
x,x,833,829,834,x,x
x,x,654,831,532,x,x
x,x,826,828,830,x,x
x,x,655,656,831,x,x
x,x,832,835,837,x,x
x,x,924,841,923,x,x
x,x,838,832,840,x,x
x,x,635,833,631,x,x
x,x,573,829,833,x,x
x,x,835,834,829,x,x
x,x,836,643,646,x,x
x,x,829,826,835,x,x
x,x,826,830,837,x,x
x,x,834,838,836,x,x
x,x,840,842,838,x,x
x,x,831,656,837,x,x
x,x,837,656,922,x,x
x,x,835,838,834,x,x
x,x,923,925,840,x,x
x,x,844,845,843,x,x
x,x,836,838,842,x,x
x,x,832,923,840,x,x
x,x,840,839,842,x,x
x,x,832,837,922,x,x
x,x,841,928,927,x,x
x,x,844,842,839,x,x
x,x,836,842,643,x,x
x,x,927,839,925,x,x
x,x,846,843,847,x,x
x,x,845,844,839,x,x
x,x,844,843,846,x,x
x,x,932,930,931,x,x
x,x,930,730,929,x,x
x,x,847,843,935,x,x
x,x,647,731,936,x,x
x,x,850,937,729,x,x
x,x,850,849,847,x,x
x,x,643,846,848,x,x
x,x,849,846,847,x,x
x,x,937,850,847,x,x
x,x,849,850,852,x,x
x,x,729,938,850,x,x
x,x,851,852,627,x,x
x,x,851,627,1070,x,x
x,x,647,849,851,x,x
x,x,938,852,850,x,x
x,x,519,627,852,x,x
x,x,853,628,556,x,x
x,x,712,853,632,x,x
x,x,880,854,637,x,x
x,x,939,854,760,x,x
x,x,653,871,872,x,x
x,x,622,636,855,x,x
x,x,564,241,857,x,x
x,x,663,610,856,x,x
x,x,940,434,536,x,x
x,x,564,857,856,x,x
x,x,475,858,306,x,x
x,x,859,858,689,x,x
x,x,569,902,903,x,x
x,x,919,859,813,x,x
x,x,778,866,775,x,x
x,x,897,899,895,x,x
x,x,903,859,689,x,x
x,x,864,863,861,x,x
x,x,860,866,864,x,x
x,x,990,1012,908,x,x
x,x,862,984,941,x,x
x,x,813,863,941,x,x
x,x,902,866,860,x,x
x,x,862,863,864,x,x
x,x,862,897,900,x,x
x,x,908,791,907,x,x
x,x,893,778,892,x,x
x,x,862,864,866,x,x
x,x,805,867,475,x,x
x,x,903,867,569,x,x
x,x,407,868,230,x,x
x,x,869,868,690,x,x
x,x,943,871,690,x,x
x,x,1069,869,653,x,x
x,x,873,943,690,x,x
x,x,944,943,570,x,x
x,x,690,871,869,x,x
x,x,872,870,640,x,x
x,x,870,872,871,x,x
x,x,640,642,949,x,x
x,x,809,873,407,x,x
x,x,943,873,570,x,x
x,x,331,874,405,x,x
x,x,697,874,256,x,x
x,x,413,875,527,x,x
x,x,519,875,286,x,x
x,x,711,876,712,x,x
x,x,740,876,696,x,x
x,x,878,877,734,x,x
x,x,735,877,752,x,x
x,x,879,734,883,x,x
x,x,878,734,879,x,x
x,x,880,879,760,x,x
x,x,951,881,950,x,x
x,x,854,880,760,x,x
x,x,950,637,634,x,x
x,x,952,954,951,x,x
x,x,878,953,772,x,x
x,x,782,882,728,x,x
x,x,753,882,714,x,x
x,x,747,883,734,x,x
x,x,698,883,759,x,x
x,x,463,884,537,x,x
x,x,757,884,559,x,x
x,x,742,885,746,x,x
x,x,626,885,605,x,x
x,x,886,599,887,x,x
x,x,885,886,766,x,x
x,x,961,599,888,x,x
x,x,767,887,961,x,x
x,x,599,962,888,x,x
x,x,888,958,957,x,x
x,x,680,889,678,x,x
x,x,674,889,672,x,x
x,x,887,890,766,x,x
x,x,767,758,890,x,x
x,x,955,954,952,x,x
x,x,1054,1039,1053,x,x
x,x,769,892,720,x,x
x,x,893,600,692,x,x
x,x,894,895,896,x,x
x,x,778,893,899,x,x
x,x,1012,977,792,x,x
x,x,897,866,899,x,x
x,x,578,896,692,x,x
x,x,895,894,897,x,x
x,x,521,898,896,x,x
x,x,898,965,896,x,x
x,x,900,897,894,x,x
x,x,862,866,897,x,x
x,x,540,898,521,x,x
x,x,965,898,607,x,x
x,x,778,899,866,x,x
x,x,895,899,893,x,x
x,x,965,894,896,x,x
x,x,941,984,865,x,x
x,x,902,901,775,x,x
x,x,591,901,569,x,x
x,x,866,902,775,x,x
x,x,902,860,903,x,x
x,x,861,903,860,x,x
x,x,867,903,689,x,x
x,x,824,904,590,x,x
x,x,905,904,611,x,x
x,x,794,905,611,x,x
x,x,795,781,905,x,x
x,x,987,906,986,x,x
x,x,906,987,988,x,x
x,x,908,907,586,x,x
x,x,907,791,910,x,x
x,x,942,586,606,x,x
x,x,908,942,990,x,x
x,x,894,965,967,x,x
x,x,973,967,970,x,x
x,x,910,790,560,x,x
x,x,1012,910,791,x,x
x,x,909,975,977,x,x
x,x,589,1021,822,x,x
x,x,792,977,980,x,x
x,x,991,1019,1020,x,x
x,x,989,738,985,x,x
x,x,989,988,997,x,x
x,x,806,914,591,x,x
x,x,915,914,808,x,x
x,x,916,915,808,x,x
x,x,773,779,915,x,x
x,x,917,916,808,x,x
x,x,770,916,764,x,x
x,x,590,917,808,x,x
x,x,764,917,781,x,x
x,x,812,999,1001,x,x
x,x,943,944,870,x,x
x,x,378,919,566,x,x
x,x,859,919,490,x,x
x,x,818,1002,1004,x,x
x,x,1032,1033,1038,x,x
x,x,982,983,971,x,x
x,x,1036,982,979,x,x
x,x,924,656,528,x,x
x,x,923,922,924,x,x
x,x,923,841,925,x,x
x,x,832,922,923,x,x
x,x,656,924,922,x,x
x,x,926,528,571,x,x
x,x,926,928,841,x,x
x,x,840,925,839,x,x
x,x,841,924,926,x,x
x,x,528,926,924,x,x
x,x,932,927,629,x,x
x,x,839,927,845,x,x
x,x,571,928,926,x,x
x,x,629,927,928,x,x
x,x,843,845,929,x,x
x,x,930,712,876,x,x
x,x,929,931,930,x,x
x,x,932,931,845,x,x
x,x,929,845,931,x,x
x,x,845,927,932,x,x
x,x,629,933,932,x,x
x,x,933,934,932,x,x
x,x,629,1066,1067,x,x
x,x,934,933,612,x,x
x,x,612,712,934,x,x
x,x,930,934,712,x,x
x,x,929,935,843,x,x
x,x,937,935,700,x,x
x,x,643,936,646,x,x
x,x,647,936,848,x,x
x,x,935,937,847,x,x
x,x,700,721,1005,x,x
x,x,729,519,938,x,x
x,x,852,938,519,x,x
x,x,760,698,939,x,x
x,x,614,939,698,x,x
x,x,661,940,536,x,x
x,x,856,940,663,x,x
x,x,862,941,863,x,x
x,x,942,941,865,x,x
x,x,990,942,865,x,x
x,x,586,942,908,x,x
x,x,570,998,944,x,x
x,x,871,943,870,x,x
x,x,946,944,918,x,x
x,x,1007,1006,640,x,x
x,x,812,1001,1024,x,x
x,x,1072,1071,891,x,x
x,x,947,946,918,x,x
x,x,1055,1059,945,x,x
x,x,1053,580,1047,x,x
x,x,947,1024,1038,x,x
x,x,1006,948,645,x,x
x,x,944,946,948,x,x
x,x,855,949,622,x,x
x,x,640,949,872,x,x
x,x,637,950,880,x,x
x,x,951,950,634,x,x
x,x,1028,634,642,x,x
x,x,951,645,1060,x,x
x,x,645,948,1059,x,x
x,x,953,954,955,x,x
x,x,879,881,953,x,x
x,x,954,953,881,x,x
x,x,951,954,881,x,x
x,x,1072,955,952,x,x
x,x,963,955,891,x,x
x,x,953,955,772,x,x
x,x,680,956,682,x,x
x,x,961,956,678,x,x
x,x,888,962,958,x,x
x,x,753,957,737,x,x
x,x,959,958,625,x,x
x,x,737,957,958,x,x
x,x,309,959,625,x,x
x,x,694,960,524,x,x
x,x,754,960,601,x,x
x,x,737,959,960,x,x
x,x,599,961,887,x,x
x,x,956,961,888,x,x
x,x,617,962,599,x,x
x,x,958,962,625,x,x
x,x,955,963,772,x,x
x,x,891,1008,964,x,x
x,x,1010,964,526,x,x
x,x,963,964,1030,x,x
x,x,965,607,968,x,x
x,x,968,967,965,x,x
x,x,969,968,607,x,x
x,x,978,969,974,x,x
x,x,970,967,966,x,x
x,x,900,894,967,x,x
x,x,607,814,969,x,x
x,x,967,968,966,x,x
x,x,974,969,620,x,x
x,x,966,968,969,x,x
x,x,976,978,981,x,x
x,x,970,909,973,x,x
x,x,974,982,971,x,x
x,x,1014,992,1015,x,x
x,x,909,970,975,x,x
x,x,970,976,975,x,x
x,x,990,973,909,x,x
x,x,984,973,865,x,x
x,x,1061,982,974,x,x
x,x,974,971,978,x,x
x,x,976,970,966,x,x
x,x,977,975,972,x,x
x,x,978,976,966,x,x
x,x,972,975,976,x,x
x,x,1013,980,972,x,x
x,x,910,1012,792,x,x
x,x,978,966,969,x,x
x,x,978,971,981,x,x
x,x,1057,1061,1058,x,x
x,x,522,1050,1046,x,x
x,x,1020,980,911,x,x
x,x,980,912,994,x,x
x,x,1018,1017,983,x,x
x,x,980,1013,911,x,x
x,x,1061,974,620,x,x
x,x,1027,1035,1036,x,x
x,x,1018,921,1003,x,x
x,x,992,1014,1016,x,x
x,x,862,900,984,x,x
x,x,973,984,900,x,x
x,x,738,714,985,x,x
x,x,985,714,882,x,x
x,x,987,986,776,x,x
x,x,985,986,906,x,x
x,x,795,987,776,x,x
x,x,988,987,618,x,x
x,x,1064,988,618,x,x
x,x,988,602,997,x,x
x,x,989,913,996,x,x
x,x,906,988,989,x,x
x,x,973,990,865,x,x
x,x,990,909,1012,x,x
x,x,663,660,1019,x,x
x,x,911,1015,991,x,x
x,x,1021,1022,992,x,x
x,x,1013,1014,1015,x,x
x,x,993,660,662,x,x
x,x,994,993,705,x,x
x,x,980,994,792,x,x
x,x,993,994,912,x,x
x,x,797,995,800,x,x
x,x,681,995,799,x,x
x,x,755,996,681,x,x
x,x,989,996,738,x,x
x,x,995,997,800,x,x
x,x,997,913,989,x,x
x,x,812,998,592,x,x
x,x,944,998,918,x,x
x,x,1000,587,608,x,x
x,x,1001,999,920,x,x
x,x,608,818,1000,x,x
x,x,1025,1000,818,x,x
x,x,1032,1001,920,x,x
x,x,1038,1024,1001,x,x
x,x,1003,588,609,x,x
x,x,1004,1002,921,x,x
x,x,609,822,1003,x,x
x,x,1018,1003,822,x,x
x,x,921,1027,1004,x,x
x,x,1045,1023,1026,x,x
x,x,729,937,1005,x,x
x,x,700,1005,937,x,x
x,x,645,951,1028,x,x
x,x,1007,640,870,x,x
x,x,944,948,1007,x,x
x,x,1006,1007,948,x,x
x,x,1071,1008,891,x,x
x,x,1008,580,1009,x,x
x,x,1009,580,1048,x,x
x,x,544,255,1029,x,x
x,x,545,1010,526,x,x
x,x,1063,552,555,x,x
x,x,583,768,1011,x,x
x,x,1030,1011,768,x,x
x,x,1012,791,908,x,x
x,x,909,977,1012,x,x
x,x,972,981,1013,x,x
x,x,1013,981,1014,x,x
x,x,1031,981,971,x,x
x,x,1016,822,1021,x,x
x,x,991,1015,992,x,x
x,x,1013,1015,911,x,x
x,x,1017,1016,1014,x,x
x,x,983,1035,1018,x,x
x,x,1031,1014,981,x,x
x,x,983,1017,1031,x,x
x,x,822,1016,1018,x,x
x,x,1018,1016,1017,x,x
x,x,993,1019,660,x,x
x,x,1020,1019,912,x,x
x,x,980,1020,912,x,x
x,x,991,1020,911,x,x
x,x,1022,1021,589,x,x
x,x,1016,1021,992,x,x
x,x,823,1022,589,x,x
x,x,991,1022,610,x,x
x,x,920,1025,1026,x,x
x,x,1044,1033,1043,x,x
x,x,947,918,1024,x,x
x,x,918,812,1024,x,x
x,x,818,1004,1025,x,x
x,x,1025,1004,1026,x,x
x,x,1037,1004,1027,x,x
x,x,1051,1041,1034,x,x
x,x,1035,1027,921,x,x
x,x,1052,1046,1051,x,x
x,x,640,1028,642,x,x
x,x,645,1028,1006,x,x
x,x,328,1029,255,x,x
x,x,526,1009,1029,x,x
x,x,963,1030,768,x,x
x,x,1010,1030,964,x,x
x,x,983,1031,971,x,x
x,x,1014,1031,1017,x,x
x,x,1026,1032,920,x,x
x,x,1032,1023,1033,x,x
x,x,1041,1023,1045,x,x
x,x,1039,1054,947,x,x
x,x,1037,1026,1004,x,x
x,x,1057,1046,1052,x,x
x,x,1018,1035,921,x,x
x,x,1036,1035,983,x,x
x,x,982,1036,983,x,x
x,x,1056,1036,979,x,x
x,x,1027,1036,1056,x,x
x,x,1045,1037,1034,x,x
x,x,1032,1038,1001,x,x
x,x,1039,1038,1033,x,x
x,x,1040,1039,1033,x,x
x,x,1039,1040,1053,x,x
x,x,1023,1041,1043,x,x
x,x,1048,525,544,x,x
x,x,1042,1041,520,x,x
x,x,1043,1033,1023,x,x
x,x,1049,1042,520,x,x
x,x,525,1048,1044,x,x
x,x,1041,1042,1043,x,x
x,x,1044,1043,1042,x,x
x,x,525,1044,1042,x,x
x,x,1033,1044,1040,x,x
x,x,1037,1045,1026,x,x
x,x,1041,1045,1034,x,x
x,x,520,1051,1046,x,x
x,x,1034,1037,1052,x,x
x,x,1071,1047,580,x,x
x,x,945,1054,1055,x,x
x,x,580,1040,1048,x,x
x,x,1044,1048,1040,x,x
x,x,344,1049,520,x,x
x,x,525,1049,265,x,x
x,x,371,1050,522,x,x
x,x,520,1050,343,x,x
x,x,1041,1051,520,x,x
x,x,1052,1051,1034,x,x
x,x,1056,1037,1027,x,x
x,x,1057,1052,979,x,x
x,x,580,1053,1040,x,x
x,x,1054,1053,1047,x,x
x,x,1055,1054,1047,x,x
x,x,1054,945,947,x,x
x,x,1072,1055,1047,x,x
x,x,1055,1060,1059,x,x
x,x,979,1052,1056,x,x
x,x,1037,1056,1052,x,x
x,x,979,982,1061,x,x
x,x,1046,1057,522,x,x
x,x,1058,620,814,x,x
x,x,522,1057,1058,x,x
x,x,945,1059,948,x,x
x,x,1055,1072,1060,x,x
x,x,951,1060,952,x,x
x,x,645,1059,1060,x,x
x,x,1058,1061,620,x,x
x,x,979,1061,1057,x,x
x,x,237,534,1062,x,x
x,x,627,1062,534,x,x
x,x,1011,1063,583,x,x
x,x,554,1063,555,x,x
x,x,988,1064,602,x,x
x,x,517,1064,618,x,x
x,x,422,1065,497,x,x
x,x,309,625,1065,x,x
x,x,1067,595,621,x,x
x,x,928,1066,629,x,x
x,x,629,1067,933,x,x
x,x,595,1067,1066,x,x
x,x,803,1068,548,x,x
x,x,513,1068,577,x,x
x,x,262,1069,652,x,x
x,x,869,1069,408,x,x
x,x,619,1070,627,x,x
x,x,742,1070,605,x,x
x,x,1008,1071,580,x,x
x,x,891,955,1072,x,x
x,x,1072,952,1060,x,x
x,x,1047,1071,1072,x,x
