-5.0,0.0,684,685,674,0,56
-5.0,1.0,217,47,218,1,48
-9.0,1.0,49,46,47,2,680
-8.0,10.0,221,225,675,3,816
-7.0,10.0,61,53,51,819,4
-6.0,2.0,237,242,267,44,5
-5.0,2.0,177,167,154,6,97
-4.0,10.0,46,43,6,7,519
-3.0,10.0,43,53,6,515,8
-2.0,2.0,134,9,133,254,9
-1.0,2.0,845,842,838,10,265
0.0,10.0,769,765,766,11,576
1.0,10.0,772,769,766,12,572
2.0,2.0,373,421,402,361,13
3.0,2.0,828,18,827,14,426
4.0,10.0,50,66,95,15,653
5.0,10.0,250,260,258,648,16
6.0,2.0,480,462,475,700,17
7.0,2.0,195,164,163,871,18
8.0,10.0,828,832,888,19,986
9.0,10.0,433,37,420,20,976
10.0,1.0,920,928,914,21,849
6.0,1.0,275,279,269,22,589
6.0,0.0,251,243,249,23,588
0.5,0.0,434,438,440,24,282
-2.25,0.0,62,68,73,26,227
-7.0,1.0,790,791,805,27,785
-8.5,5.5,356,357,13,28,756
-6.5,6.0,830,835,837,29,728
-8.75,3.25,37,439,600,25,83
-2.5,6.0,53,52,51,30,156
-4.5,6.0,492,493,487,31,194
3.25,0.0,607,493,491,32,407
8.0,1.0,524,211,212,33,831
9.5,5.5,14,421,422,34,912
7.5,6.0,386,382,40,35,950
9.75,3.25,886,837,867,36,862
4.5,1.5,943,938,942,38,496
3.5038610616431662,6.030888493145329,53,50,100,39,504
5.5,6.0,95,117,100,40,378
1.4961389383568338,6.030888493145329,220,214,219,41,545
-0.5,6.0,258,260,264,44,6
-6.0,1.0,47,209,210,42,214
-5.0,1.5,382,386,380,48,42
-5.5,2.0,218,47,210,45,72
-3.625,0.0,447,426,598,56,1
-5.25,1.75,61,54,60,58,0
-5.75,1.5,52,49,1,72,58
-5.5,1.0,6,44,46,77,45
-5.375,1.375,44,5,209,83,77
-4.451049548536279,1.75,44,209,46,87,140
-4.592075439289501,1.25,217,49,47,91,116
-4.872645021606591,1.25,49,43,46,90,124
-4.690268301579834,1.5475837736029452,51,55,54,94,123
-4.331812118248603,1.0254114817652913,1,49,48,97,91
-4.6249156927756765,0.8457804894461707,60,66,50,124,94
-5.0,0.5,54,57,60,127,168
-3.989172243955305,0.9975741804167095,55,51,52,116,87
-4.3125,0.0,49,52,43,123,9
-4.220366939408998,0.5146227893566679,55,52,1,144,151
-4.126383777410498,1.4313215711991336,54,59,71,140,180
-4.408896999343613,1.4682224965424306,52,53,43,151,90
-3.288863543158943,1.4576860725715508,55,59,54,156,144
-3.7039055829944108,1.326391784826169,229,55,1,165,198
-3.7301385473756836,2.1597334878747363,55,229,59,173,185
-3.2968126728101312,0.6850663972133986,63,68,62,174,175
-4.032154046236929,1.8520437104439746,228,56,0,168,31
-3.6085079073614423,1.7464785796863456,61,60,50,180,127
-3.395279626177737,1.0724302087113589,229,1,56,175,30
-3.6623954402921806,0.7983330707174064,57,63,60,185,174
-2.6593569723700714,1.0533030475587286,74,69,71,197,522
-3.955766132152299,0.6847687194377512,74,88,45,186,199
-3.96875,0.0,60,67,66,198,197
-3.02434422572364,1.1772949054034014,53,61,50,199,165
-3.675958185372618,0.39765539377453646,54,61,51,194,186
-2.944947144575944,0.8118199768354456,69,68,63,213,528
-2.6308490695317,1.7364112821585418,73,79,62,215,216
-2.9375,0.0,69,65,68,214,26
-2.4578796391492346,0.5254074238134949,67,63,62,222,678
-2.9314234341380425,1.5299243527770188,67,89,64,227,222
-2.99730282507493,0.4053955513317529,98,128,102,233,241
-3.1147503788506556,2.118795912920693,86,80,77,236,238
-3.3347801126453165,0.23928344676198696,70,230,79,238,25
-2.59375,0.0,67,60,63,241,236
-2.753206450483619,0.5805354523748044,100,117,6,253,325
-3.167840781797273,1.7792954914385608,62,79,85,254,10
-2.6535601424782986,0.2957386526655631,66,67,64,263,539
-4.75,4.0,69,63,57,265,263
-3.978711557422513,0.3139529700442737,75,73,68,271,281
-3.430145385568303,2.0235016985360303,57,71,69,276,371
-2.25,4.0,88,74,71,281,233
-4.875,3.0,75,70,73,282,271
-3.399092257178428,2.490303355162504,9,134,535,289,351
-4.402914274555405,2.4632191710269344,54,71,57,309,321
-2.125,3.0,58,72,88,316,344
-4.314189132201182,2.098997183102856,71,59,88,324,334
-4.045864952020004,2.357279241543097,65,69,74,325,324
-4.9375,2.5,75,68,65,334,41
-4.036587343580331,3.043199157227344,230,134,76,344,24
-4.137958614894914,2.7015475823794852,77,80,82,351,309
-4.654437720380921,2.0310930812984584,80,75,65,321,13
-3.7623352100428535,2.6175769467486427,86,77,83,361,14
-4.453706819000192,2.9810977747939584,136,133,9,340,336
-3.362657062693439,3.1762809527561027,62,85,67,371,316
-3.4809711534599947,2.838608705435049,234,231,232,336,289
-2.8432833603047003,2.804738388319997,82,74,45,378,340
-3.698570698598112,3.1044152038627333,75,84,70,384,555
-3.658012028087945,3.735830287481349,70,79,73,385,387
-3.933264159796456,3.436500811240485,79,132,85,387,40
-3.589245488740693,3.4144029230355786,82,65,74,365,397
-3.0538267122633966,3.697020709143163,80,86,84,397,276
-3.157184967236654,2.914723687701156,146,148,113,407,365
-2.8554886065087235,3.2728395468425466,99,93,96,409,582
-4.18544950313541,3.9446214645357744,77,82,45,412,415
-3.9618125540082545,3.7389733347588585,65,82,80,415,32
-3.8058191569411837,4.133035788133914,86,235,78,424,468
-4.8125,3.5,84,86,78,425,449
-4.680267311581769,2.3353914134767075,84,78,232,426,425
-4.658428005485598,2.652811700582731,75,80,84,444,596
-3.0268005639687683,2.4806779157598116,132,79,76,449,424
-2.65800715940668,2.1994199702950548,85,81,89,460,485
-3.141969324703096,3.3973471700810998,25,86,83,468,460
-2.5235363336371774,3.047285155058108,58,88,59,482,498
-2.0625,2.5,92,89,81,485,38
-2.1875,3.5,45,88,72,494,637
-2.5262350747992475,3.400360498287891,85,89,67,495,618
-3.3323653804787146,4.083112674863761,121,112,110,498,444
-4.625,5.0,94,135,123,504,482
-4.279448249289023,3.2425408444295925,93,99,102,189,514
-4.230465267432661,3.561033460780644,95,66,96,514,173
-4.597081461805965,3.2654561407699125,92,64,89,515,189
-4.486053209420518,3.785463248837198,109,108,106,519,8
-2.8504960088937255,1.9558285735633731,93,95,96,522,7
-2.363960285883046,1.9843666576889492,96,66,64,216,5
-2.1607546928326107,1.4980330226636116,119,81,120,528,215
-2.460686496165635,2.6323977600608632,97,117,118,315,253
-2.343923084077641,2.3185917535231555,92,101,64,539,315
-3.3521356250386334,3.775330628141284,101,99,96,393,577
-3.0465546253901605,4.5769742695877795,96,64,101,544,566
-3.480592360991741,4.947377167175652,95,100,50,545,544
-4.6875,4.5,104,106,101,555,385
-2.7264659952112322,2.4920699656686867,130,102,128,559,561
-3.0316101022494424,4.006567639458241,117,95,93,561,384
-2.71146246531506,3.8280194785884056,102,99,98,566,393
-2.375,5.0,53,100,6,572,559
-2.679381261407489,4.539879932981841,104,101,92,571,694
-4.1019987161154745,4.253139024494053,98,99,101,577,571
-3.7955363152081705,4.583640855075581,129,108,114,582,412
-4.447255498217957,4.180982324107157,91,97,118,584,409
-2.410666554489399,3.726010430688825,103,104,111,588,584
-2.9545685572596,4.293985196909292,108,98,106,589,23
-2.3125,4.5,92,119,111,496,495
-2.8219033038533556,4.964899981574356,106,104,103,608,622
-3.5433225496200262,4.3524654567711485,81,119,92,611,616
-4.046122240015998,5.118829163399391,125,112,122,616,39
-2.579385111849982,4.178720311929866,106,103,109,622,632
-2.4375,5.5,101,106,98,618,494
-3.1496395693835817,4.895683373477264,109,121,137,632,611
-3.108473388237785,5.511277664885612,115,107,126,638,640
-3.2696081204189436,5.212879525019435,114,108,107,640,608
-3.716103608811118,5.646692071222192,129,128,108,648,638
-3.6332595034635773,5.285277318943681,109,103,121,643,654
-3.4247014572147036,5.52328555930991,108,109,107,654,15
-3.245300738486628,6.077866741693358,111,112,121,653,16
-3.4617403654251038,5.841574865236608,151,145,155,637,643
-4.25,8.0,92,111,104,532,737
-3.7790123438320844,5.992241567842309,111,105,112,676,2
-4.249569128551502,4.697312402394962,105,122,112,674,686
-4.5625,5.5,125,122,94,678,676
-3.8015646949176216,4.9070770844220375,113,114,115,680,684
-2.6173922661515503,5.2236072167310565,113,115,146,684,674
-2.7727210658141845,5.521442593720467,115,114,107,576,12
-2.950674014234397,5.849201092851315,131,116,130,694,11
-2.75,8.0,126,107,137,699,804
-2.625,7.0,167,180,140,602,701
-2.5625,6.5,114,113,129,596,602
-4.142180203799846,5.747624188057941,130,91,102,701,17
-4.321721043946689,4.9919924775698234,118,117,93,718,783
-4.302160596415021,5.31232792776163,6,117,97,686,29
-3.9986274222030507,5.447819382942799,93,102,118,728,718
-4.65625,4.75,91,118,102,700,18
-2.8779791861985906,6.247005845409848,120,81,132,737,213
-2.983133601687541,6.701327049789057,111,119,105,747,27
-3.283467045417069,7.425504119322866,76,133,120,756,532
-3.020507253314464,7.110193551766613,135,94,122,746,820
-2.6875,7.5,121,110,137,760,794
-4.375,7.0,111,121,103,768,770
-2.979139368938113,7.411998829498062,120,141,119,770,28
-2.9146445316813416,7.7255131835398325,138,150,145,767,776
-2.875,9.0,9,123,136,775,768
-3.2981152564288663,6.878676595799195,122,105,135,783,747
-3.4419810482286195,6.467041925444654,149,124,90,785,767
-3.274631259856151,7.791356085397315,94,124,125,794,775
-3.7577985315251214,7.916794577953401,112,125,143,798,799
-4.4375,6.5,149,155,143,799,760
-3.534748565125555,6.175872851381262,137,142,126,776,746
-3.1325153454111954,6.427422260249864,108,128,98,804,22
-4.125,9.0,126,142,150,797,814
-4.1875,8.5,129,131,130,814,818
-4.3125,7.5,129,130,128,806,865
-3.6934452914304665,6.785886147892066,129,113,131,818,3
-3.572616668668138,7.159639794037524,91,130,116,819,798
-3.8203380734451358,6.427225268237761,148,131,113,820,806
-3.655980256041514,7.54047397258342,116,131,87,816,4
-3.9923265824245724,7.651405651877543,85,132,81,831,699
-3.974469834024776,7.083144734216807,76,120,132,838,842
-3.96007069568298,8.217665086960373,134,133,76,843,892
-3.3767098233180297,8.391424623975862,141,105,119,842,33
-4.137552945329108,6.177633263537585,232,231,70,846,847
-5.75,1.8125,231,134,230,849,838
-6.0625,1.65625,123,135,136,847,21
-6.640623920923356,1.9389202583497012,136,120,133,862,846
-6.311698135488468,1.8791155700888122,136,135,141,865,797
-6.25,4.0,109,137,107,839,883
-6.5,1.0,142,137,110,871,839
-6.125,3.0,152,171,158,889,905
-6.0625,2.5,153,508,147,891,931
-5.75,1.1875,139,159,161,883,843
-6.0234375,1.34375,167,148,146,905,36
-6.460731907894737,1.447779605263158,167,147,169,912,889
-6.75,1.247535396201851,148,87,131,917,952
-6.785205002183682,1.6074487756622964,136,141,120,921,922
-8.0,1.0,105,141,135,922,929
-7.280802546086097,2.0208856846325536,143,142,110,929,34
-7.13969285869838,1.391095990094506,152,145,144,931,35
-6.972673865414024,1.8864862561879097,112,143,110,892,891
-6.882196279359303,2.391123830880636,125,124,149,936,971
-7.5,1.0,152,138,145,941,949
-4.65625,0.25,115,153,147,946,921
-4.7001097382511015,0.5510209849047358,147,146,115,949,936
-2.511389690518967,1.3892769559853204,155,150,142,950,941
-2.21674612480074,1.0589417824150948,167,146,147,952,946
-2.435252845824699,0.8364390582473156,153,115,126,954,956
-0.875,0.0,147,139,169,956,917
-2.022974949771413,0.6501080069086586,151,144,145,966,980
-2.16828601742553,0.3361584132455989,140,87,148,971,966
-1.5625,0.0,125,149,143,976,954
-1.768927054875275,0.3419190502493617,126,150,138,980,19
-1.90625,0.0,142,143,155,986,20
-1.21875,0.44080516413872955,155,149,90,x,x
-1.4749270033040378,0.2861432221373718,152,158,159,x,x
-1.21875,0.0,126,138,153,x,x
-1.549015733680673,0.6983539752434054,508,157,139,x,x
-0.9273198738163217,1.1550496062863271,508,153,138,x,x
-1.1737618955775642,0.8390265783499056,159,139,157,x,x
-0.5958900859158961,0.5720909850836751,178,179,176,x,x
-1.5313918532379291,1.3720167311435527,151,155,90,x,x
-0.8297258851299173,0.8248414796729971,150,155,145,x,x
-0.26475108398628805,1.112992596943557,138,152,157,x,x
-0.5999547162752991,1.0722771877103678,152,144,170,x,x
-0.5018385740047628,1.6646996391456628,170,171,152,x,x
-0.6932452886573062,1.3920639881306973,164,160,162,x,x
-0.8406394868012188,1.6990509989020626,159,158,162,x,x
-0.75,4.0,152,159,157,x,x
-1.5,2.0,162,161,159,x,x
-1.4605090949883524,1.0331004378178386,164,158,172,x,x
-1.835706708902128,1.1315001564009648,195,191,202,x,x
0.02109388503297216,2.074963356099186,179,161,160,x,x
-0.6391447435311863,1.9984151522306948,169,161,154,x,x
-1.25,1.6749510210792378,171,172,158,x,x
-0.29823015061299374,1.9435785134619938,160,161,162,x,x
-0.035768673550222674,1.5381900589546733,206,165,193,x,x
-0.37147721412157103,2.5753443592072123,164,166,160,x,x
-0.875,3.0,158,164,162,x,x
-0.42394902351096486,2.249131703958248,174,184,182,x,x
-0.9375,2.5,193,203,192,x,x
-1.1997080215349993,1.346077612300796,31,168,176,x,x
-1.8030396640807658,0.8416711719009293,148,167,140,x,x
-0.3190129570922525,1.4164702491457914,181,182,196,x,x
0.6034979236822862,0.9196686828002967,161,169,139,x,x
0.1966370970439519,1.138776229573989,166,164,195,x,x
-0.1875,0.0,178,127,177,x,x
0.7787984857132092,1.7324880441298287,176,160,166,x,x
-0.02157179138780771,0.9024665279047305,144,156,170,x,x
-0.3361031316228244,0.7848620341495267,167,169,154,x,x
0.2951455289059544,0.7590906686981865,170,156,171,x,x
1.875,0.0,156,30,171,x,x
-0.03342900305857188,0.45477168129397877,172,163,164,x,x
0.3982177867704532,1.523390954667504,171,30,172,x,x
0.6529024309159761,0.4484507048598369,30,181,172,x,x
-0.35690853657754185,0.3108780186606159,181,175,182,x,x
-0.53125,0.0,191,196,190,x,x
0.15625,0.0,181,30,175,x,x
0.328125,0.3088939271299141,172,181,163,x,x
0.5042528332206054,1.2226841931539691,168,127,178,x,x
1.0776426401103254,1.2427231987470055,177,154,178,x,x
0.4166646840764553,1.940714303208734,180,177,127,x,x
0.145094597941816,1.7904289722864466,179,178,154,x,x
1.5026902190506775,0.7913820023199998,176,168,178,x,x
1.7480694691784169,4.015444246572665,161,179,154,x,x
0.767612795421138,2.1320477175714725,160,176,179,x,x
0.29218508041297,2.2238376141357477,182,175,174,x,x
0.005323489773023993,2.48449575607903,177,180,167,x,x
1.3712686799074287,1.949010681433032,187,183,184,x,x
1.3761281350937233,1.3983056868633603,184,190,182,x,x
1.5250011303041555,1.1126923752172937,187,192,183,x,x
1.0388694543812207,1.9397051507771623,166,208,176,x,x
1.1020099104512329,1.5936482071778297,185,188,187,x,x
1.132871212563831,2.3597188961639866,205,203,204,x,x
1.7119195068082063,1.374989254759252,989,186,194,x,x
2.0834403270869273,0.9124860979471051,174,185,187,x,x
-0.022027350905530763,3.1978837589927354,200,202,191,x,x
0.6108292639339413,2.862693149836333,174,187,184,x,x
-0.10895810912982101,2.83733258086634,188,185,173,x,x
0.36141200118865346,2.5882024618004187,513,189,518,x,x
0.24769110611271006,2.9420979234233893,187,188,192,x,x
-0.4512203920423652,3.110609108942235,509,510,197,x,x
0.7279744149778018,2.5056862218223954,511,512,206,x,x
0.5700229434837647,3.5461393128288665,183,190,184,x,x
1.8740347345892086,3.0077221232863325,200,190,201,x,x
0.32194673483030584,3.290496157717226,208,194,31,x,x
0.8761316310679041,3.2214747678130036,163,181,196,x,x
-0.014216542326660031,3.8539611214702485,517,188,173,x,x
1.055949040890758,2.811027925494852,513,516,189,x,x
0.07440194783032071,3.5248209139941538,206,193,511,x,x
-0.8125,3.5,200,191,190,x,x
1.1875,0.0,201,190,183,x,x
1.0347118786057403,0.7266801184063116,202,166,195,x,x
-0.600342407989598,2.814820666129838,163,191,195,x,x
0.5868258850172748,3.1579227425495064,208,989,194,x,x
1.154972451666704,3.791017695057397,190,196,182,x,x
1.9370173672946043,2.5038610616431662,163,196,191,x,x
1.3941961150329363,3.2038270696276423,165,199,204,x,x
-0.3772584507436251,3.9514152706796977,198,509,197,x,x
-0.625,5.0,198,165,206,x,x
-0.6875,4.5,31,176,208,x,x
-0.03325492657056317,4.507977788800846,203,201,183,x,x
-0.121802619249543,4.1781147342580764,165,204,193,x,x
0.4724426472219359,4.19541317676472,200,205,989,x,x
-0.3593373912259692,4.418694329978698,200,201,205,x,x
-0.28906980113333847,4.802165427272267,192,203,183,x,x
0.3603511626717213,5.1085608099066215,204,203,193,x,x
0.3604004863385366,4.5795062022521265,204,199,205,x,x
0.07885036252787564,4.863777948695019,205,201,203,x,x
-0.5625,5.5,199,186,205,x,x
-0.27501549755301635,5.210158187194127,511,192,207,x,x
1.6850868364730212,4.519305308215831,192,188,517,x,x
-0.07775080108881172,5.693312600136101,192,511,193,x,x
0.7297835241680699,4.478869188027255,510,509,512,x,x
0.8718502277885902,4.0913473703052485,166,202,208,x,x
1.6221042037676254,5.023166369858997,208,202,989,x,x
0.6043750739759074,3.8832718165894735,210,209,5,x,x
0.30012654023471536,3.7620955686362922,46,209,47,x,x
0.9028678926216683,5.237274257383018,212,210,5,x,x
0.84375,0.0,210,219,218,x,x
1.015625,0.3379799361469882,736,667,668,x,x
1.4585206535721056,0.35051607682606645,672,227,673,x,x
1.2396100646701815,0.9694414791130104,216,525,524,x,x
0.8973109399265771,0.9979180979214519,212,211,219,x,x
0.9085177361779906,3.5586488372152623,42,218,214,x,x
1.2199877962236612,3.475179568694587,717,665,716,x,x
1.8110521018838126,3.5115831849294987,219,214,218,x,x
1.5029155852508476,3.6980310877464797,525,216,215,x,x
1.3994465727567662,2.23991022774547,5,216,524,x,x
1.6687730369297038,2.067007510186605,225,226,716,x,x
1.3828851762981444,2.5595315884059833,42,48,217,x,x
1.6352189139463238,1.7175612608804909,49,217,48,x,x
2.0025431311408175,1.619931290151166,212,219,210,x,x
1.3707383224572942,2.881991857962016,42,217,218,x,x
1.6755572778353285,2.732015259239087,211,221,219,x,x
2.0513300630199165,1.2671621924109802,214,220,26,x,x
2.5,2.0,220,219,221,x,x
2.6961280673188304,1.1467467852267479,222,227,672,x,x
2.428277818059482,1.499051055387983,221,224,220,x,x
2.356747375110805,1.1160212759067096,221,211,225,x,x
2.5625,0.0,220,224,26,x,x
2.5515051009987837,0.8545005910015617,211,226,225,x,x
3.1418884656131496,0.7442470654464798,534,677,672,x,x
1.130934429966424,3.0884917096407185,227,26,224,x,x
0.5075654038586022,4.844047228537634,524,212,5,x,x
1.2920937108596777,0.5898356908638747,225,223,675,x,x
1.53125,0.0,525,215,527,x,x
1.8595767915669947,0.5329805799518645,527,533,525,x,x
2.8777480933425696,1.5628019087565677,58,59,228,x,x
2.2769759953794244,1.7763221357909345,675,534,673,x,x
0.907559133065337,4.837250290558908,0,58,228,x,x
1.0946649053541289,4.521152614978687,56,228,229,x,x
1.2359682714214633,5.041141166810049,59,229,228,x,x
1.5591215710622297,5.527027431502162,79,230,76,x,x
1.2230545234078456,5.400134395471172,231,230,70,x,x
0.7742551108252375,5.886306894076293,238,235,25,x,x
0.9300919074410344,5.579928307844748,232,78,234,x,x
1.2453171236958307,5.7649886966704695,84,232,70,x,x
0.4800772327156503,5.543854074214745,235,234,78,x,x
1.2480694691784169,8.015444246572665,242,237,240,x,x
1.3721042037676254,7.023166369858997,267,255,256,x,x
1.0953128057809902,6.157736261160859,235,86,25,x,x
1.4341215710622297,6.527027431502162,134,231,256,x,x
0.835209178305558,7.111128616853562,240,241,239,x,x
0.7133385476393135,6.283956215973678,235,237,234,x,x
1.0189838658110149,6.567831600641113,238,236,237,x,x
0.21512328092150323,6.12614814706903,237,236,240,x,x
1.2470123984836023,6.755584339564164,244,247,243,x,x
-0.25,8.0,235,238,237,x,x
0.5133951556469727,6.049835938173101,244,255,242,x,x
0.29319889332943544,5.810247542107721,241,233,536,x,x
1.7404539566137007,0.2628199986644256,242,240,239,x,x
2.21875,0.0,242,239,244,x,x
2.06245094987194,0.2821836676206835,240,236,241,x,x
2.390625,0.2795782178939076,237,267,234,x,x
2.1907406277589767,0.5934122524003445,247,239,536,x,x
2.8532055707415958,0.37133621684173684,247,249,243,x,x
2.75,1.83421502833272,275,283,279,x,x
3.146743362458793,1.1977089943307635,255,244,266,x,x
0.6074599416887673,5.274706077580313,370,346,288,x,x
0.14323834398780258,5.402388796518294,270,261,248,x,x
2.8263336445720055,0.6903337018485703,254,259,10,x,x
2.90625,0.0,10,259,252,x,x
3.2308389794559753,0.37719244703604793,239,247,244,x,x
4.625,0.0,274,249,247,x,x
3.8370503029383185,0.7184044788261365,270,273,275,x,x
3.485824910478233,0.6332899548098795,251,252,266,x,x
3.9375,0.0,274,247,245,x,x
3.566878214853141,1.0660468907157694,251,249,268,x,x
3.7430587145567378,0.33903741886122724,260,261,287,x,x
3.59375,0.0,250,258,252,x,x
4.26250238090547,0.4116677552012756,268,249,248,x,x
2.9439534067649005,0.9731231698498283,252,251,250,x,x
3.386728715121053,1.6561691928038034,258,10,252,x,x
0.00805133064820468,5.145395625241544,535,259,254,x,x
4.078936362328121,1.1851914934609593,261,260,250,x,x
3.109451995355394,1.7337029431609055,257,264,260,x,x
3.3275139683676613,1.978971327711668,535,254,9,x,x
3.929360476671588,1.9225416708922016,266,252,259,x,x
3.2519305308215833,4.015444246572665,266,244,243,x,x
3.125965265410792,3.0077221232863325,256,255,246,x,x
3.062982632705396,2.5038610616431662,256,246,535,x,x
3.423552697668066,1.344851921530251,267,231,234,x,x
3.771308299393186,1.3473806668950086,292,303,262,x,x
4.085435659760963,1.5703561841686604,301,314,538,x,x
4.354692700390369,1.9003566703133639,266,259,246,x,x
3.8503759770458488,1.0075646147104222,264,257,292,x,x
4.15726896898484,0.8485346199867191,261,250,268,x,x
4.471521139144853,1.099095716889921,287,286,257,x,x
5.196453267503353,1.2490626945097414,270,248,273,x,x
4.812837976721699,1.276313404837218,270,278,261,x,x
4.94477294715348,0.6049172562971413,291,257,286,x,x
5.052208691114542,1.9322456621691497,265,258,264,x,x
4.9832242959896265,0.961134506635039,258,265,10,x,x
4.83610966493668,1.639463972998806,306,318,303,x,x
5.501380289289296,0.7250190052017742,255,266,246,x,x
3.7156696103733573,1.6719665659281813,264,262,265,x,x
4.181354474460908,2.6654458683847855,318,265,262,x,x
4.160126201761948,2.258456091635789,266,243,251,x,x
5.75,4.0,255,267,242,x,x
3.6358660214158314,2.489849611629938,231,267,256,x,x
4.405999355160765,2.449680051220121,251,268,250,x,x
3.4434583488585098,2.810365835638154,248,261,268,x,x
4.676170186103531,2.955796361307709,275,277,283,x,x
3.188947898116188,3.5115831849294987,278,286,287,x,x
3.6206468950648443,1.9507073891208375,277,274,280,x,x
3.942013366719677,2.4738812023394487,284,278,270,x,x
3.8099257052550413,2.8842105308243893,357,374,13,x,x
3.774337660306238,2.2019142990939455,275,273,277,x,x
4.2231267426493115,3.1610655677187176,537,285,297,x,x
3.877313702029926,3.230410171179894,290,286,272,x,x
4.173149074429836,3.8087689922672334,274,273,248,x,x
3.790419242435743,3.6396979574624035,274,277,273,x,x
4.106794956148707,3.477869134814555,249,274,248,x,x
4.6483451413239765,3.496968377411806,536,280,245,x,x
3.377895796232375,5.023166369858997,297,294,356,x,x
3.895829926899538,3.918809965343381,270,275,269,x,x
4.168899729024718,4.202522669781023,280,274,245,x,x
3.5694673927746514,3.9377232292533777,24,283,282,x,x
3.4737519357834925,3.213158604110372,283,24,279,x,x
4.64558276508573,4.010767211511367,284,270,269,x,x
4.100423927800188,4.72342690698147,278,272,286,x,x
3.47643636973086,3.637833332911147,346,370,345,x,x
3.314913163526979,4.519305308215831,281,280,536,x,x
4.625807552905473,4.724912221073024,271,277,280,x,x
4.377190170618279,2.8985104606784713,536,239,241,x,x
4.522489409931062,3.2191960075292605,271,280,281,x,x
4.854295632047904,3.2362562447806265,277,271,282,x,x
4.8717454520879615,2.72077451616707,277,282,283,x,x
5.147230906418305,2.853412055388044,284,269,348,x,x
4.017371164921977,4.4475562688433135,278,284,537,x,x
4.364233295848588,4.492686142783116,317,269,279,x,x
3.68797257345926,4.697161115441428,13,354,356,x,x
4.70718710450208,4.369819382008039,347,295,294,x,x
3.864188185679868,5.174679980548323,352,350,322,x,x
3.7501713844615594,4.230634334587244,260,287,257,x,x
5.055690374262381,4.12521400479174,278,287,261,x,x
5.625,5.0,253,323,329,x,x
5.173438696463967,4.6635457315631275,307,304,291,x,x
3.6582848660604177,4.97938984323457,310,305,319,x,x
3.4408784289377703,5.527027431502162,291,292,257,x,x
3.557941864436612,5.256527556699137,296,290,272,x,x
3.791989514342521,5.5183962068033905,354,13,321,x,x
4.437402899401827,5.474526420769081,290,291,286,x,x
4.108509431219533,5.405441316254194,302,304,307,x,x
4.200528637453381,5.063295265753491,294,299,356,x,x
4.150487333265192,6.02302125694022,292,262,264,x,x
4.042403620995793,5.720151257625147,296,272,297,x,x
3.826456139184072,5.967936011251051,346,372,288,x,x
3.7519305308215833,8.015444246572665,300,295,288,x,x
3.627895796232375,7.023166369858997,296,353,298,x,x
3.5658784289377703,6.527027431502162,398,372,396,x,x
5.39666041561988,4.028312544675798,318,306,263,x,x
5.6875,4.5,272,537,297,x,x
5.001825790116067,4.419039009446283,308,311,349,x,x
5.295598442997305,4.321044212694406,297,285,294,x,x
4.58806097716847,5.113908654864496,293,296,297,x,x
4.928351501251017,4.950599412972154,348,317,347,x,x
5.275034585720825,4.9984434611625606,347,294,285,x,x
5.5625,5.5,295,299,294,x,x
5.033293068449853,5.470154963494509,360,295,300,x,x
4.734721629365182,5.386959890812724,292,291,304,x,x
4.738848469046904,5.949505294122563,363,373,402,x,x
-3.3719671837746463,4.635160102897001,301,305,310,x,x
-3.973918823986095,8.727208602998262,313,302,307,x,x
-3.5658755190909126,9.131429548350926,307,290,298,x,x
-3.641287173242923,8.213551979252085,292,304,305,x,x
-3.678205071588276,8.554175270260398,303,301,306,x,x
-3.3557028250995513,8.790975043132983,307,291,290,x,x
-2.8125,8.5,304,302,305,x,x
-2.9375,9.5,301,303,305,x,x
-3.1201123177453876,8.578261050093099,305,303,292,x,x
-3.0515955446047247,8.214540230308625,306,301,538,x,x
-3.2109829566154,9.115415103851435,539,540,315,x,x
-3.5,10.0,298,290,296,x,x
-3.370603517539368,9.518454171279005,353,296,293,x,x
-3.1447299246618257,9.728002509417271,320,581,339,x,x
-4.0625,9.5,310,314,301,x,x
-3.7149566501961124,9.44942217787578,313,311,302,x,x
-6.408963337295257,2.27860521422786,319,308,310,x,x
-6.4386710538701575,2.70688486826623,319,305,302,x,x
-6.801447794881474,3.409494681338989,341,342,308,x,x
-6.520973249635275,3.1093506878482815,307,298,313,x,x
-6.1875,3.5,313,368,311,x,x
-7.02957681711828,2.9151966754929126,355,298,353,x,x
-6.489354082123215,3.420016792554792,312,538,314,x,x
-6.4089667220419475,3.7262229097447563,322,368,358,x,x
-6.375,5.0,342,310,308,x,x
-6.716999658320767,2.8596161945018688,323,538,312,x,x
-7.75,1.5876533729037592,315,541,253,x,x
-1.801110670402545,1.6595814872208645,263,306,539,x,x
-0.8752394422308403,0.35424793548854655,345,279,344,x,x
0.7850915314071968,1.400271312345187,344,316,345,x,x
-0.29819317297140235,3.457027547785444,317,370,347,x,x
-0.84375,3.25,265,318,263,x,x
-0.5889631184518572,3.3451047648064822,303,318,262,x,x
-0.5407291344043516,3.65345969882309,302,311,319,x,x
-0.3734090117944996,5.7302698764743125,308,319,311,x,x
-0.1920597160150193,5.979952761718296,324,325,330,x,x
-0.375,7.0,335,334,324,x,x
-0.4375,6.5,358,359,309,x,x
0.5884303473872741,6.7249234876697495,358,309,579,x,x
-0.09313968957285423,6.344581158807442,352,320,350,x,x
0.2588756517501661,6.514627685578508,311,350,349,x,x
0.1568161424073367,7.0379358084265045,330,325,329,x,x
-0.059420469000956745,6.72415743821577,329,323,327,x,x
0.8667098212758831,6.819053810176553,326,327,328,x,x
0.4981690675387962,7.054545390894776,314,342,312,x,x
0.5663826727083663,7.680316142220013,338,332,328,x,x
0.6205257477365359,7.357810882126867,327,323,312,x,x
1.3100868364730212,7.519305308215831,328,327,312,x,x
0.2113582545621734,7.454916186361453,329,327,326,x,x
0.933097919022597,7.57608383737093,341,349,339,x,x
0.8470004766145266,7.970385564522943,580,377,375,x,x
1.1240347345892086,9.007722123286332,329,326,330,x,x
0.38870494627280494,8.44892988955361,329,325,253,x,x
1.1860521018838126,8.5115831849295,326,332,333,x,x
0.5318503585410124,7.994495045511661,335,337,542,x,x
0.7228387707772949,8.419207160802804,333,419,330,x,x
0.16797497775760808,7.845654743038692,330,326,333,x,x
1.019902902942639,8.238868980427522,542,41,334,x,x
-0.3125,7.5,335,324,330,x,x
-0.03787134687969787,7.625022172236597,332,326,328,x,x
-0.06422727260735711,7.318775470044193,289,336,581,x,x
0.9020694712437098,8.728030910733816,405,335,419,x,x
0.6016489636413416,9.194369456552177,333,332,369,x,x
-0.125,9.0,419,331,405,x,x
1.0620173672946043,9.503861061643166,404,369,375,x,x
0.26036366014024115,8.138998659187532,343,404,375,x,x
0.4640749540641679,8.775806342067279,381,383,404,x,x
0.2428079457800995,9.080423327089747,404,383,331,x,x
0.5,10.0,339,338,328,x,x
-0.1875,8.5,340,379,377,x,x
0.11910489167777166,8.683220809770239,341,339,328,x,x
1.6891684102266367,3.240480778106681,352,289,581,x,x
1.3905007707194914,4.719954614955746,379,381,343,x,x
1.3889566106317197,4.226422084619998,369,338,375,x,x
4.28125,0.0,342,328,312,x,x
4.640288411267544,0.37889643523037253,341,308,349,x,x
5.3125,0.0,342,314,310,x,x
4.601230461102832,0.7496174312331734,328,342,341,x,x
4.993940325507148,0.2205773178639135,40,382,378,x,x
5.339947719872913,0.3799622155370882,347,370,288,x,x
5.65625,0.0,345,316,346,x,x
6.0,0.5,279,24,344,x,x
5.670794492426108,0.4354686923789714,317,279,345,x,x
5.601091638578925,1.1337746635694799,276,396,371,x,x
5.945790960985094,1.5,288,372,300,x,x
5.506189308879318,1.5684307696957722,295,347,288,x,x
5.1725621051719655,1.6172730655202983,348,347,285,x,x
5.763120692066491,1.7727433793802636,348,285,537,x,x
5.8125,3.5,269,317,348,x,x
5.434859882666032,1.9218375286897988,311,368,350,x,x
3.3450229940909173,2.316898904993713,349,320,339,x,x
4.692957544029408,2.1458205299458317,579,352,322,x,x
4.6433459535772,1.8583812766376302,320,349,350,x,x
5.0735178017935505,2.3770223761036307,351,289,352,x,x
5.875,3.0,579,351,352,x,x
4.717731357460808,2.4566446030289146,377,580,340,x,x
4.47641618132008,3.7529508653421075,354,353,293,x,x
4.869683465955779,3.7550652185291113,354,321,353,x,x
3.4475746968208636,4.246855671188425,356,354,293,x,x
3.9273167268668177,6.355214357488276,360,299,295,x,x
5.25,8.0,355,353,321,x,x
4.2449003664110885,6.327509524451428,313,298,355,x,x
4.125357956880865,6.791282376801901,356,293,297,x,x
5.375,7.0,356,299,357,x,x
4.780699019169045,6.712910446895792,313,355,358,x,x
4.437771346894639,6.624517174131966,357,299,360,x,x
4.614438849822127,6.298665586962329,358,355,359,x,x
4.495721921962032,7.109096174169016,355,321,359,x,x
5.4375,6.5,321,309,359,x,x
4.9449239953939195,7.131622893628705,364,360,300,x,x
3.6899131635269793,7.519305308215831,363,357,360,x,x
5.125486703989966,5.883367662524609,366,362,364,x,x
4.986578111260214,6.234518464935544,360,364,363,x,x
5.088892952111092,6.833594312438334,417,366,406,x,x
5.3125,7.5,363,362,373,x,x
4.690820098322646,7.708671829770488,374,363,402,x,x
3.9189251015925666,6.997967016410589,398,396,276,x,x
3.7513500169441767,6.755789037635691,363,364,362,x,x
4.2235169041992,7.0516014754758825,398,397,399,x,x
4.267861645216691,7.514770178425619,399,401,406,x,x
4.021947984788496,7.304607286330906,300,366,364,x,x
5.28973306071687,5.629830756389588,398,400,372,x,x
5.307453694613379,5.315611596772542,408,367,401,x,x
5.122344324977028,6.519606239751246,403,427,421,x,x
5.34375,7.25,358,368,313,x,x
5.098197965602153,7.346259120700269,350,368,322,x,x
5.025148692325001,7.674313819370915,333,369,331,x,x
4.786905252077498,7.406511112257365,338,369,332,x,x
4.890484812736122,8.00774567890008,346,396,372,x,x
3.8139478981161874,8.5115831849295,345,370,317,x,x
5.125,9.0,346,316,371,x,x
4.580340152608283,7.998615366356338,399,397,365,x,x
5.1875,8.5,417,403,362,x,x
4.290079078752993,7.843247189725267,373,362,403,x,x
3.980316891537969,7.699208921540421,13,374,361,x,x
3.8759652654107914,9.007722123286332,357,363,374,x,x
4.95944666647505,8.301868950032826,376,375,338,x,x
4.929339910260297,8.721636238782537,375,376,580,x,x
4.384512361278384,8.789292095235052,339,376,338,x,x
4.567135716122557,9.184173214515319,336,580,581,x,x
5.0625,9.5,377,379,343,x,x
4.646780363718331,8.673761023941491,343,375,377,x,x
4.572542392356183,8.396956657743791,382,380,381,x,x
4.7452199420722465,8.950541487310057,340,378,379,x,x
4.880809271953451,9.238581170140954,392,691,551,x,x
4.5,10.0,389,394,380,x,x
3.9379826327053955,9.503861061643166,382,381,379,x,x
4.30882733747802,9.454754185508527,381,380,383,x,x
4.667259105900234,9.538342062002641,378,382,379,x,x
4.21808116633952,9.109537239309716,542,543,41,x,x
4.290018657969118,8.192179124370975,380,394,395,x,x
4.75,9.82944720071801,405,383,395,x,x
4.059100998951932,8.732884601959361,575,571,578,x,x
5.476855709672266,4.727575713709033,41,543,547,x,x
4.423458644040435,5.81652187342829,380,386,389,x,x
-3.75,9.780354415977586,386,390,389,x,x
-7.791766310151206,3.566755501708617,567,568,556,x,x
-7.3847970217728305,2.532541417676091,386,40,387,x,x
-6.774638879942908,3.7778138882931507,548,550,547,x,x
-7.331009339990783,3.90267379452032,390,386,387,x,x
-7.103018351050163,3.616580426567469,548,394,389,x,x
-7.446323128099146,3.5768879912050924,387,392,390,x,x
-7.603552151869249,3.043639434212227,392,385,691,x,x
-7.234383895712353,3.2482883192882803,545,41,547,x,x
-7.75,1.2406490796501266,383,380,395,x,x
-7.469073125194185,1.414151226276943,387,385,392,x,x
-8.875,2.125,554,552,388,x,x
-7.2843100906929905,1.6893965352481664,556,553,564,x,x
-8.5,1.0,558,557,384,x,x
-8.157836486685165,1.414151226276943,390,551,546,x,x
-8.25,1.0,394,391,395,x,x
-8.375,1.2451474447719666,543,395,391,x,x
-8.9375,1.5625,405,395,337,x,x
-8.730606784676281,1.2720280563628918,371,396,346,x,x
-8.516674111191556,1.6512187288586277,400,300,372,x,x
-8.11229802058549,1.8731919407765139,401,367,406,x,x
-8.90625,1.84375,398,276,397,x,x
-8.60980910276544,1.9531732336406047,399,365,401,x,x
-8.8125,2.6875,400,366,300,x,x
-7.708298636935401,2.0131804284280452,398,399,400,x,x
-7.498623629938288,2.2430097092771555,366,400,399,x,x
-7.912452292078475,2.572843242704567,32,408,407,x,x
-8.006700093899266,2.2213965885592932,401,407,408,x,x
1.1328283402209753,7.245202441549996,14,361,402,x,x
0.909955874253472,9.232907820378694,402,361,374,x,x
0.7176339393091824,9.51898647557123,367,411,413,x,x
-0.0625,9.5,413,427,403,x,x
0.49557818658886266,9.708258498657564,369,404,331,x,x
0.7735864754795828,9.809525508540391,381,404,343,x,x
-0.037818278573061914,8.227383534821632,335,405,337,x,x
5.81273738081457,0.75,331,383,405,x,x
7.0,1.0,406,367,417,x,x
6.5,2.0,399,406,366,x,x
5.9375,2.5,409,583,582,x,x
5.349035165519521,3.3113162499067914,401,365,407,x,x
5.290270398216174,2.5873813987713867,367,408,411,x,x
5.393136940194817,2.2645386110722283,408,32,415,x,x
5.485899029261639,2.8640371952826564,367,413,403,x,x
5.750840000722194,2.7305737500902745,410,414,416,x,x
5.637053013780775,2.447616198958341,414,415,412,x,x
5.687427331695788,2.126477311429038,411,410,413,x,x
5.1222931662871645,3.1378233992988025,410,431,413,x,x
5.077838382601665,3.430836154949134,411,414,410,x,x
5.345883864114259,3.671605429895643,14,402,421,x,x
5.632751485262658,3.7314376856578324,408,414,411,x,x
5.293940693863549,6.228148836732943,416,414,412,x,x
4.25,9.781517209740132,434,435,438,x,x
3.976465988359526,8.239322869014751,408,415,414,x,x
-7.176654083743666,2.308450301419912,433,420,432,x,x
-7.090298173515928,2.615360817825726,417,362,366,x,x
-8.625,4.375,367,403,417,x,x
-7.3451011955267935,2.8518953479970732,413,428,427,x,x
-8.179471684049114,3.131844113068289,427,428,441,x,x
-6.905432819409329,4.497013196858097,330,419,335,x,x
-8.527289067739828,2.3710876741933142,331,419,333,x,x
-8.328647367065278,2.114760235837528,420,431,432,x,x
-8.399848177465492,2.772710944401838,423,441,429,x,x
-8.488845745814524,3.074504811788839,403,421,373,x,x
-8.441603322928783,3.426865541032635,422,421,418,x,x
-8.086298619056397,3.4390514935801524,450,418,441,x,x
-8.6875,3.8125,14,422,598,x,x
-8.154514393031617,3.9998839044249075,430,423,429,x,x
-8.273140275217164,3.700890220107175,470,454,442,x,x
-8.22815052199623,2.497197730595726,413,431,428,x,x
-8.091419045933664,2.830630087449102,423,430,443,x,x
0.2816775808762453,9.429575177052609,443,453,423,x,x
0.17597379434397864,9.732137364528587,451,453,443,x,x
5.6538046429947535,3.226256830374344,421,427,418,x,x
-6.992350070357669,4.109713603598418,429,428,420,x,x
-6.3125,4.5,428,429,441,x,x
-7.406080534702981,4.405965157478334,420,37,429,x,x
-6.61119571595538,4.122379406878968,430,429,37,x,x
-6.608607596141711,4.427275811726159,37,435,439,x,x
-6.525310563919345,4.7273049295100815,452,455,464,x,x
-6.9335684145296,5.13011162894917,432,431,410,x,x
-6.839541894274733,4.817115867049211,428,431,420,x,x
-7.296256118214095,4.850536183822416,410,416,432,x,x
-7.180222736573688,4.586021198759596,583,585,416,x,x
-8.25,7.75,416,582,583,x,x
-8.5625,4.9375,433,585,438,x,x
-7.343003647649395,5.286222350786987,434,440,591,x,x
-7.651871472326895,4.702534745802417,37,433,435,x,x
-7.74570357835752,5.125752564772438,432,416,585,x,x
-7.931959081116218,4.371787256593021,594,434,593,x,x
-6.956630358422589,5.684599561637096,698,590,589,x,x
-7.661831968261154,4.2782804545680335,591,440,698,x,x
-7.736725820321802,4.002412569434823,593,591,592,x,x
-7.064227941824038,5.402400868783272,474,448,473,x,x
-6.4375,5.5,433,438,435,x,x
-7.2826629578225175,5.647298356627451,438,436,440,x,x
-6.749760023433618,5.444111490848851,594,435,434,x,x
-7.672198561352516,5.52681515450813,710,711,605,x,x
-6.75,8.0,436,586,587,x,x
-7.774952778411418,6.317803691877766,589,22,698,x,x
-8.082253999024392,5.39470120610657,423,453,450,x,x
-8.278695815659916,4.3267395771320745,427,441,418,x,x
-8.157932916865,4.754173249668617,599,430,600,x,x
-7.301300209303143,5.956500987271178,443,446,442,x,x
-6.989047581930944,5.99791386623363,599,600,437,x,x
-8.375,6.625,443,442,451,x,x
-6.625,7.0,603,470,446,x,x
-7.182314892110517,6.257250109822654,452,442,454,x,x
-6.5625,6.5,451,452,445,x,x
-6.96157701085553,6.606302291534768,445,447,598,x,x
-6.8585664266427795,6.2968366509947655,599,443,430,x,x
-7.301872377458468,7.237945750198115,599,603,446,x,x
-7.226636764448023,6.8709905256774375,423,450,441,x,x
-6.6875,7.5,457,467,464,x,x
-8.3125,7.1875,426,447,425,x,x
-6.964507910452316,7.115924201903288,445,452,447,x,x
-7.523515550391356,7.001312718926661,475,477,480,x,x
-7.784696528841587,7.468066764117252,598,450,453,x,x
-7.616458723708455,6.647501355194181,459,604,458,x,x
-7.469793159320851,6.374050593170397,447,464,425,x,x
-8.353721092922045,5.199024565880228,452,451,442,x,x
-8.59375,4.65625,451,445,453,x,x
-7.890276348816494,4.871688449522115,424,467,463,x,x
-8.4375,6.0625,464,447,452,x,x
-8.214095082283611,5.752955009142624,598,453,445,x,x
-8.068855021330112,6.093168148716063,450,422,418,x,x
-8.095102164711887,6.432090124555851,452,454,455,x,x
-7.872833524696304,5.808376085532178,457,455,458,x,x
6.75,1.5252085794931425,455,454,458,x,x
6.25,1.7199568605816273,471,458,454,x,x
-7.135015201547126,7.697966849806609,477,475,466,x,x
-6.988236105428767,7.4249691843411965,461,457,456,x,x
-6.71875,7.75,462,461,456,x,x
-7.115376031458725,8.069346565965027,454,470,471,x,x
-7.448693045468573,7.551471470586568,457,458,456,x,x
-8.125,8.875,472,459,471,x,x
-6.875,9.0,604,462,456,x,x
-6.8125,8.5,462,604,465,x,x
-7.420066867888905,7.899249984546299,460,468,477,x,x
-8.0025416430177,6.865898910052651,487,479,489,x,x
-7.821639860803774,7.140943050321158,480,461,462,x,x
-7.623928894046722,6.024669020830324,463,461,480,x,x
6.5,1.0,467,424,449,x,x
6.297991473712725,1.3332377564728495,457,461,463,x,x
-8.1875,8.3125,457,464,455,x,x
-7.440402669839797,8.293618926907302,449,425,464,x,x
-7.127374099014659,8.399616920697913,465,604,605,x,x
-7.057135747082373,8.723326781614704,502,505,506,x,x
-7.456533164892261,9.184539825250669,465,478,476,x,x
-7.3776083802409795,8.623387655928566,446,470,442,x,x
-7.7199931935696755,8.517721306956423,464,467,449,x,x
-7.656245238183509,8.870324392432588,457,463,467,x,x
-8.0625,9.4375,476,466,475,x,x
-7.810482411659983,9.188931120356102,468,424,606,x,x
-7.5,10.0,476,478,469,x,x
-7.81968080344957,8.076352505605495,493,485,487,x,x
-8.03125,9.71875,471,470,448,x,x
-6.9375,9.5,472,471,448,x,x
-8.21875,8.03125,458,471,459,x,x
-7.7131511383474445,7.7773304409405775,705,474,703,x,x
-7.711915330619564,9.540907258957729,735,602,596,x,x
-7.7595879787315685,9.830926442081285,601,473,603,x,x
-7.323156898835834,9.549811190025194,497,711,712,x,x
-7.25,9.838376817404733,478,481,499,x,x
-8.113632359826012,7.450125817758446,448,474,709,x,x
6.75,1.8284226652484694,476,475,462,x,x
7.03792689298692,1.676815622370806,484,466,479,x,x
7.03264050729484,1.3376413861735623,465,476,462,x,x
7.591880192317682,1.9056417296955988,466,476,469,x,x
7.5,1.0,466,484,477,x,x
7.4347899858751525,1.5010017804016438,606,463,480,x,x
7.310584323486315,1.2300905316554973,481,465,605,x,x
7.963771111988766,1.5284524967146957,478,465,481,x,x
7.693115602140142,1.633526970925944,469,501,490,x,x
7.710241752984278,1.282109641451413,484,486,460,x,x
7.945409880893361,1.882277314650728,606,477,468,x,x
9.0,1.0,481,605,711,x,x
7.125,3.0,498,482,661,x,x
8.24325816329112,1.7203448999401063,500,499,481,x,x
8.368454586004805,2.3055112038429026,469,478,499,x,x
8.5,1.0,629,630,504,x,x
7.25,4.0,460,486,485,x,x
8.301974381961431,1.3353464596232127,460,477,484,x,x
8.75,1.3737689711743606,484,479,486,x,x
9.875,2.125,485,486,487,x,x
9.9375,1.5625,487,486,479,x,x
9.124967038619321,1.3540780315321115,490,489,479,x,x
9.5,1.0,489,492,487,x,x
8.967094645812287,1.927796867307224,490,501,488,x,x
8.95065231139676,1.6146917765501718,506,507,662,x,x
8.615143222244319,1.7892948998038252,490,479,466,x,x
8.68118356085613,2.137905894000666,488,662,492,x,x
8.38446388666714,1.9961099623371563,469,490,466,x,x
9.196604445639874,2.539692861018116,488,489,490,x,x
8.995556368164674,2.2661116881199495,628,626,627,x,x
9.413621529797188,2.06058611227033,623,641,627,x,x
8.707311777313791,2.68859878187411,488,492,489,x,x
9.247121973289929,1.8033130725222242,493,492,491,x,x
9.614941299554047,1.7477845373030279,38,607,496,x,x
9.610024523942762,1.3658142591556288,493,38,485,x,x
9.8125,2.6875,609,607,491,x,x
9.36336967807617,1.5304777087168584,612,614,620,x,x
9.604263487038693,2.3796403874487435,493,607,38,x,x
-8.15625,8.59375,609,610,607,x,x
-7.124365489750092,9.222735563781239,709,472,448,x,x
8.044657090164744,2.2061192159314658,497,444,498,x,x
8.030361262428167,2.829818845160558,500,481,497,x,x
8.125466972070942,2.519985112386617,500,483,499,x,x
8.36994958390188,2.76454438164614,469,499,483,x,x
7.0625,2.5,497,498,500,x,x
8.673261278164077,3.324621683784037,661,500,498,x,x
8.600590831457637,3.001808230855893,483,502,469,x,x
9.064887730094984,2.985223305196138,501,469,502,x,x
8.21200486994229,3.2588714798078984,503,483,661,x,x
9.446429593718351,2.855786822109674,502,483,503,x,x
8.326076100675873,4.109426948426178,614,662,507,x,x
7.640280522847668,3.247939933336412,502,503,630,x,x
8.388990827906,3.6680622171935178,629,39,619,x,x
7.928580928880614,3.1258851513102988,482,504,630,x,x
7.921235514747711,3.5100533118013315,501,506,488,x,x
7.649156836394219,2.8673878451960397,502,506,501,x,x
7.1875,3.5,507,506,505,x,x
7.715549090022049,2.4581892831324943,713,619,39,x,x
7.397829756632422,2.616624822046707,625,624,495,x,x
7.748742287746343,2.1606468133749503,157,508,138,x,x
7.425966518197935,2.275261358756821,147,508,139,x,x
7.303156576891328,1.9980876124261706,206,509,198,x,x
9.625,4.375,520,518,515,x,x
8.06782821056283,3.8474482903658775,512,513,510,x,x
7.375,5.0,520,523,510,x,x
7.3125,4.5,512,207,513,x,x
7.993268855651037,4.179220320008122,512,511,207,x,x
8.278450968620286,4.710714700892217,206,512,509,x,x
7.630391394129106,4.053292959347644,516,513,207,x,x
7.552745872173244,3.6233990684995603,189,515,518,x,x
9.057965837269494,3.9324144815654565,521,520,515,x,x
7.780349463058233,3.804249260316619,514,516,517,x,x
8.76656034983509,3.6912141541076444,513,518,510,x,x
9.092757742444567,3.4130270657087336,517,516,207,x,x
8.702685455383003,4.065014943431698,189,516,514,x,x
9.068639659171163,4.503270077212219,192,517,207,x,x
8.554812038517156,4.4300739858709095,514,517,173,x,x
8.962811400685787,4.219721260263199,520,521,519,x,x
9.6875,3.8125,663,520,519,x,x
8.75016250988794,4.898839151338815,520,510,518,x,x
9.304105277867087,4.253864373233902,515,8,521,x,x
9.385017093056149,3.9369474287755026,523,663,522,x,x
9.413913930968311,3.577351921916216,519,521,8,x,x
9.391712527239791,3.2119139141793656,510,523,197,x,x
7.33260499684602,3.2279556253942476,519,7,663,x,x
9.5625,4.9375,197,523,522,x,x
8.791822544393195,4.606390797691297,226,211,524,x,x
8.216033920430734,5.552679342581913,530,526,527,x,x
9.157170448181349,4.900536539877945,226,524,525,x,x
9.334495250750095,5.196888361194455,530,666,526,x,x
9.25,7.75,533,226,525,x,x
8.952312535098251,5.2243429952175475,528,531,530,x,x
9.169954261163065,5.4834710848637656,526,529,533,x,x
8.702912014434398,5.65477724044009,526,668,671,x,x
9.375,6.625,527,215,528,x,x
9.4375,6.0625,688,716,665,x,x
8.5279260504617,5.26237955381692,527,528,530,x,x
8.868018766805278,6.7927497449775895,531,528,213,x,x
9.053598720845052,5.888559719191793,673,227,224,x,x
8.105460466578819,5.121186351678346,530,531,666,x,x
8.450313613920931,4.965236109968483,745,744,738,x,x
8.377656462117644,5.993889744405006,726,725,720,x,x
9.46875,5.78125,526,533,527,x,x
9.094412769249235,6.30910141880547,533,529,717,x,x
7.4375,5.5,534,687,683,x,x
7.890171604917088,4.788765652345523,222,672,677,x,x
7.728853595810527,5.129166771840969,256,535,134,x,x
8.034029949775222,4.499606063319201,535,246,259,x,x
7.6732653492910154,4.500488784682141,281,536,233,x,x
7.75,8.0,247,536,245,x,x
8.74084346137746,5.977793973420207,278,537,272,x,x
8.672579468375032,6.295785532603318,348,537,284,x,x
7.828075979732811,5.50699402180318,540,541,315,x,x
7.989536286150536,5.80598389267428,306,538,540,x,x
7.625,7.0,540,539,306,x,x
8.877189477381465,6.502231257887361,541,540,538,x,x
8.534927994426578,6.63683117965803,538,323,541,x,x
8.425072776998402,7.305268513191402,253,541,323,x,x
8.574267356086743,6.986542276316413,335,542,334,x,x
9.3125,7.1875,543,542,337,x,x
8.09913957427964,6.958418544624741,395,543,337,x,x
8.879017110597717,7.323476350697557,389,390,546,x,x
7.6875,7.5,547,543,391,x,x
7.5625,6.5,548,389,546,x,x
9.032809791280078,7.054812013860547,550,545,547,x,x
9.28125,7.46875,391,548,547,x,x
9.013238425263676,7.58133204725152,549,550,548,x,x
9.125,8.875,548,391,394,x,x
8.640119436918068,7.611690346366886,548,546,549,x,x
9.1875,8.3125,551,552,546,x,x
8.158159416709651,7.721258875861301,556,552,554,x,x
7.883328486814742,7.2216151891481575,549,544,550,x,x
7.995652491244024,6.28813554799574,545,550,544,x,x
8.333378922918618,6.357180762134046,392,551,390,x,x
8.104870962133552,6.614403312651069,552,551,388,x,x
8.89667277302788,7.995463641447542,553,554,557,x,x
7.865961647307364,7.731598544086579,549,546,552,x,x
8.131489429035165,7.410521057160764,558,553,557,x,x
7.698390500934428,6.229107437383196,556,549,552,x,x
7.875,9.0,691,557,388,x,x
8.474911156504138,7.999772361309919,554,553,556,x,x
8.864705165513843,8.316699083992651,553,562,564,x,x
8.112484686596307,8.092581159165643,691,388,551,x,x
8.405605071507974,8.483183964874605,568,544,549,x,x
7.8125,8.5,388,557,554,x,x
8.585228083427978,8.262262316696681,384,557,555,x,x
8.747942712853218,8.710965533886865,560,562,563,x,x
8.792974850654158,9.122830538961573,553,558,562,x,x
8.342494312265273,8.949178385997838,558,565,563,x,x
9.0625,9.4375,569,574,563,x,x
8.45747978871169,9.65064409210789,569,559,692,x,x
8.740082344902984,9.440898260251167,563,562,558,x,x
8.408905822640016,9.302078332792393,558,384,565,x,x
7.9375,9.5,574,560,563,x,x
8.106522027036066,8.402340411368213,559,569,561,x,x
8.05019610550033,8.724194236812458,563,561,569,x,x
9.391700263269048,4.633800029252116,564,562,573,x,x
7.798414450469388,6.724416943691327,567,393,566,x,x
8.099639097437425,9.225826362820323,384,561,565,x,x
8.5,10.0,563,565,561,x,x
8.7647537173255,9.769395621438191,393,567,564,x,x
8.153577005381445,9.726896624327319,564,567,556,x,x
-4.100155364879448,6.707541298637879,568,567,566,x,x
x,x,544,568,566,x,x
x,x,549,556,568,x,x
x,x,574,569,570,x,x
x,x,572,692,559,x,x
x,x,564,573,697,x,x
x,x,577,393,697,x,x
x,x,734,576,11,x,x
x,x,733,734,694,x,x
x,x,575,574,570,x,x
x,x,570,693,733,x,x
x,x,560,578,697,x,x
x,x,577,697,578,x,x
x,x,695,733,693,x,x
x,x,560,574,578,x,x
x,x,570,692,693,x,x
x,x,733,694,575,x,x
x,x,575,578,574,x,x
x,x,562,560,573,x,x
x,x,571,577,578,x,x
x,x,358,579,322,x,x
x,x,309,351,579,x,x
x,x,581,580,376,x,x
x,x,340,580,336,x,x
x,x,339,581,376,x,x
x,x,352,581,320,x,x
x,x,586,409,584,x,x
x,x,416,412,582,x,x
x,x,585,583,436,x,x
x,x,438,585,436,x,x
x,x,583,586,436,x,x
x,x,432,585,433,x,x
x,x,409,586,583,x,x
x,x,587,586,584,x,x
x,x,23,589,590,x,x
x,x,436,587,440,x,x
x,x,587,588,590,x,x
x,x,587,584,588,x,x
x,x,440,587,590,x,x
x,x,23,590,588,x,x
x,x,22,592,591,x,x
x,x,593,434,591,x,x
x,x,791,790,827,x,x
x,x,17,708,595,x,x
x,x,595,593,592,x,x
x,x,439,594,437,x,x
x,x,594,439,435,x,x
x,x,597,594,593,x,x
x,x,791,595,592,x,x
x,x,602,705,706,x,x
x,x,701,707,708,x,x
x,x,595,597,593,x,x
x,x,707,705,703,x,x
x,x,594,597,437,x,x
x,x,14,598,426,x,x
x,x,598,422,450,x,x
x,x,601,599,437,x,x
x,x,443,599,446,x,x
x,x,37,600,430,x,x
x,x,437,600,439,x,x
x,x,437,597,704,x,x
x,x,474,473,703,x,x
x,x,448,603,473,x,x
x,x,448,470,603,x,x
x,x,601,603,599,x,x
x,x,473,601,703,x,x
x,x,458,604,456,x,x
x,x,605,604,459,x,x
x,x,710,459,472,x,x
x,x,472,709,710,x,x
x,x,463,606,424,x,x
x,x,477,606,480,x,x
x,x,607,610,625,x,x
x,x,613,609,614,x,x
x,x,623,636,639,x,x
x,x,491,662,614,x,x
x,x,620,507,619,x,x
x,x,626,613,615,x,x
x,x,615,627,626,x,x
x,x,612,617,615,x,x
x,x,613,610,609,x,x
x,x,609,491,614,x,x
x,x,615,613,612,x,x
x,x,39,616,713,x,x
x,x,612,613,614,x,x
x,x,612,621,617,x,x
x,x,642,627,641,x,x
x,x,617,621,611,x,x
x,x,620,614,507,x,x
x,x,635,634,623,x,x
x,x,632,633,617,x,x
x,x,617,633,635,x,x
x,x,495,624,628,x,x
x,x,507,505,619,x,x
x,x,629,619,505,x,x
x,x,713,631,620,x,x
x,x,631,612,620,x,x
x,x,616,611,621,x,x
x,x,623,634,636,x,x
x,x,632,622,633,x,x
x,x,639,641,623,x,x
x,x,625,495,496,x,x
x,x,626,624,610,x,x
x,x,607,625,496,x,x
x,x,610,624,625,x,x
x,x,613,626,610,x,x
x,x,615,635,627,x,x
x,x,626,628,624,x,x
x,x,642,628,627,x,x
x,x,495,628,618,x,x
x,x,630,629,505,x,x
x,x,39,629,504,x,x
x,x,502,630,505,x,x
x,x,482,630,503,x,x
x,x,616,621,631,x,x
x,x,612,631,621,x,x
x,x,634,633,622,x,x
x,x,617,611,632,x,x
x,x,633,634,635,x,x
x,x,622,608,634,x,x
x,x,636,634,608,x,x
x,x,627,635,623,x,x
x,x,615,617,635,x,x
x,x,644,649,650,x,x
x,x,644,639,636,x,x
x,x,646,660,658,x,x
x,x,715,641,658,x,x
x,x,608,640,644,x,x
x,x,646,658,650,x,x
x,x,649,646,650,x,x
x,x,648,652,638,x,x
x,x,659,648,16,x,x
x,x,658,639,650,x,x
x,x,642,618,628,x,x
x,x,715,642,641,x,x
x,x,494,618,642,x,x
x,x,608,644,636,x,x
x,x,659,16,653,x,x
x,x,645,644,640,x,x
x,x,640,638,645,x,x
x,x,639,644,650,x,x
x,x,641,639,658,x,x
x,x,646,647,657,x,x
x,x,656,652,648,x,x
x,x,651,649,645,x,x
x,x,638,651,645,x,x
x,x,655,654,657,x,x
x,x,651,646,649,x,x
x,x,645,649,644,x,x
x,x,657,660,646,x,x
x,x,647,651,652,x,x
x,x,646,651,647,x,x
x,x,638,652,651,x,x
x,x,653,15,714,x,x
x,x,714,654,655,x,x
x,x,655,647,656,x,x
x,x,647,652,656,x,x
x,x,657,654,643,x,x
x,x,657,643,660,x,x
x,x,714,656,653,x,x
x,x,647,655,657,x,x
x,x,653,656,659,x,x
x,x,494,715,637,x,x
x,x,648,659,656,x,x
x,x,643,637,660,x,x
x,x,660,637,715,x,x
x,x,503,661,482,x,x
x,x,500,661,483,x,x
x,x,492,662,491,x,x
x,x,506,662,488,x,x
x,x,522,663,7,x,x
x,x,520,663,523,x,x
x,x,666,736,668,x,x
x,x,666,668,526,x,x
x,x,671,670,719,x,x
x,x,719,665,717,x,x
x,x,213,737,739,x,x
x,x,739,721,736,x,x
x,x,666,531,739,x,x
x,x,749,751,753,x,x
x,x,669,667,754,x,x
x,x,668,667,669,x,x
x,x,669,664,670,x,x
x,x,526,671,529,x,x
x,x,730,664,729,x,x
x,x,686,674,722,x,x
x,x,668,669,671,x,x
x,x,670,671,669,x,x
x,x,680,2,681,x,x
x,x,675,673,224,x,x
x,x,534,672,673,x,x
x,x,722,674,685,x,x
x,x,681,679,682,x,x
x,x,675,224,221,x,x
x,x,675,223,687,x,x
x,x,682,680,681,x,x
x,x,222,677,678,x,x
x,x,676,678,679,x,x
x,x,679,678,677,x,x
x,x,682,679,677,x,x
x,x,683,682,677,x,x
x,x,679,681,676,x,x
x,x,683,677,534,x,x
x,x,2,676,681,x,x
x,x,684,680,682,x,x
x,x,534,675,687,x,x
x,x,732,724,731,x,x
x,x,683,723,682,x,x
x,x,685,684,682,x,x
x,x,683,687,690,x,x
x,x,690,731,723,x,x
x,x,686,724,725,x,x
x,x,223,688,687,x,x
x,x,689,690,688,x,x
x,x,716,688,223,x,x
x,x,688,665,689,x,x
x,x,719,689,665,x,x
x,x,670,664,727,x,x
x,x,688,690,687,x,x
x,x,724,720,725,x,x
x,x,385,555,691,x,x
x,x,557,691,555,x,x
x,x,693,692,572,x,x
x,x,569,692,570,x,x
x,x,696,572,12,x,x
x,x,576,695,696,x,x
x,x,696,695,693,x,x
x,x,697,573,560,x,x
x,x,591,698,22,x,x
x,x,572,696,693,x,x
x,x,576,696,12,x,x
x,x,571,575,694,x,x
x,x,564,697,393,x,x
x,x,590,698,440,x,x
x,x,699,829,804,x,x
x,x,17,595,791,x,x
x,x,596,702,735,x,x
x,x,709,705,702,x,x
x,x,711,702,712,x,x
x,x,704,703,601,x,x
x,x,705,707,706,x,x
x,x,437,704,601,x,x
x,x,704,708,707,x,x
x,x,703,704,707,x,x
x,x,705,602,735,x,x
x,x,704,597,708,x,x
x,x,701,602,706,x,x
x,x,701,706,707,x,x
x,x,595,708,597,x,x
x,x,701,708,17,x,x
x,x,705,709,474,x,x
x,x,710,709,702,x,x
x,x,711,710,702,x,x
x,x,459,710,605,x,x
x,x,712,702,596,x,x
x,x,711,497,481,x,x
x,x,596,444,712,x,x
x,x,497,712,444,x,x
x,x,631,713,616,x,x
x,x,619,713,620,x,x
x,x,654,714,15,x,x
x,x,656,714,655,x,x
x,x,715,494,642,x,x
x,x,660,715,658,x,x
x,x,225,716,223,x,x
x,x,717,716,226,x,x
x,x,533,717,226,x,x
x,x,719,717,529,x,x
x,x,671,719,529,x,x
x,x,754,664,669,x,x
x,x,689,719,670,x,x
x,x,723,722,685,x,x
x,x,670,720,732,x,x
x,x,28,752,758,x,x
x,x,730,726,727,x,x
x,x,731,690,689,x,x
x,x,682,723,685,x,x
x,x,690,723,683,x,x
x,x,686,722,724,x,x
x,x,731,724,722,x,x
x,x,720,727,726,x,x
x,x,686,725,29,x,x
x,x,728,29,726,x,x
x,x,29,725,726,x,x
x,x,670,727,720,x,x
x,x,728,726,730,x,x
x,x,728,729,763,x,x
x,x,667,753,754,x,x
x,x,667,736,738,x,x
x,x,664,730,727,x,x
x,x,728,730,729,x,x
x,x,731,722,723,x,x
x,x,732,731,689,x,x
x,x,670,732,689,x,x
x,x,720,724,732,x,x
x,x,570,733,575,x,x
x,x,734,733,695,x,x
x,x,576,734,695,x,x
x,x,694,734,11,x,x
x,x,705,735,702,x,x
x,x,213,739,531,x,x
x,x,736,721,745,x,x
x,x,740,737,741,x,x
x,x,739,736,666,x,x
x,x,721,741,743,x,x
x,x,744,749,738,x,x
x,x,740,739,737,x,x
x,x,741,737,532,x,x
x,x,721,739,740,x,x
x,x,743,532,742,x,x
x,x,721,740,741,x,x
x,x,759,750,748,x,x
x,x,744,745,743,x,x
x,x,532,743,741,x,x
x,x,743,742,744,x,x
x,x,748,744,742,x,x
x,x,763,783,718,x,x
x,x,736,745,738,x,x
x,x,743,745,721,x,x
x,x,755,748,742,x,x
x,x,778,774,773,x,x
x,x,750,749,744,x,x
x,x,751,754,753,x,x
x,x,756,758,532,x,x
x,x,782,764,784,x,x
x,x,750,744,748,x,x
x,x,762,782,784,x,x
x,x,759,748,757,x,x
x,x,758,756,28,x,x
x,x,753,667,738,x,x
x,x,751,729,754,x,x
x,x,812,811,813,x,x
x,x,755,757,748,x,x
x,x,763,764,783,x,x
x,x,664,754,729,x,x
x,x,749,753,738,x,x
x,x,751,763,729,x,x
x,x,796,800,821,x,x
x,x,757,755,752,x,x
x,x,752,755,758,x,x
x,x,752,766,765,x,x
x,x,755,742,758,x,x
x,x,532,758,742,x,x
x,x,769,781,765,x,x
x,x,765,803,757,x,x
x,x,789,759,803,x,x
x,x,787,761,788,x,x
x,x,782,762,27,x,x
x,x,27,786,785,x,x
x,x,750,759,762,x,x
x,x,763,751,764,x,x
x,x,728,763,718,x,x
x,x,749,784,751,x,x
x,x,750,784,749,x,x
x,x,752,765,757,x,x
x,x,771,774,781,x,x
x,x,752,28,766,x,x
x,x,28,770,772,x,x
x,x,775,793,777,x,x
x,x,802,776,801,x,x
x,x,801,767,788,x,x
x,x,770,768,771,x,x
x,x,762,786,27,x,x
x,x,771,769,772,x,x
x,x,777,771,768,x,x
x,x,28,772,766,x,x
x,x,770,771,772,x,x
x,x,792,795,800,x,x
x,x,781,774,780,x,x
x,x,821,826,779,x,x
x,x,780,801,788,x,x
x,x,792,794,760,x,x
x,x,771,777,774,x,x
x,x,773,774,777,x,x
x,x,775,777,768,x,x
x,x,802,773,779,x,x
x,x,801,778,802,x,x
x,x,777,793,773,x,x
x,x,778,801,780,x,x
x,x,781,780,761,x,x
x,x,774,778,780,x,x
x,x,781,761,803,x,x
x,x,781,769,771,x,x
x,x,27,747,782,x,x
x,x,764,782,747,x,x
x,x,784,750,762,x,x
x,x,764,747,783,x,x
x,x,751,784,764,x,x
x,x,759,789,762,x,x
x,x,785,787,788,x,x
x,x,803,787,789,x,x
x,x,785,786,787,x,x
x,x,789,787,786,x,x
x,x,788,761,780,x,x
x,x,785,788,767,x,x
x,x,762,789,786,x,x
x,x,757,803,759,x,x
x,x,827,18,700,x,x
x,x,17,791,700,x,x
x,x,22,804,805,x,x
x,x,592,805,791,x,x
x,x,792,760,795,x,x
x,x,779,773,796,x,x
x,x,794,793,775,x,x
x,x,793,792,796,x,x
x,x,814,815,822,x,x
x,x,793,794,792,x,x
x,x,807,812,817,x,x
x,x,793,796,773,x,x
x,x,795,799,808,x,x
x,x,812,807,811,x,x
x,x,817,812,806,x,x
x,x,808,807,795,x,x
x,x,813,811,810,x,x
x,x,795,760,799,x,x
x,x,821,779,796,x,x
x,x,773,802,778,x,x
x,x,776,767,801,x,x
x,x,802,779,826,x,x
x,x,781,803,765,x,x
x,x,787,803,761,x,x
x,x,22,805,592,x,x
x,x,804,829,790,x,x
x,x,790,805,804,x,x
x,x,800,796,792,x,x
x,x,807,800,795,x,x
x,x,798,809,799,x,x
x,x,811,807,808,x,x
x,x,809,808,799,x,x
x,x,798,866,809,x,x
x,x,808,809,811,x,x
x,x,824,823,822,x,x
x,x,813,815,797,x,x
x,x,809,810,811,x,x
x,x,797,812,813,x,x
x,x,807,817,800,x,x
x,x,806,812,865,x,x
x,x,815,813,810,x,x
x,x,820,746,817,x,x
x,x,810,824,822,x,x
x,x,822,815,810,x,x
x,x,797,815,814,x,x
x,x,810,866,824,x,x
x,x,818,823,3,x,x
x,x,746,826,821,x,x
x,x,800,817,821,x,x
x,x,818,814,822,x,x
x,x,866,819,824,x,x
x,x,817,806,820,x,x
x,x,746,821,817,x,x
x,x,822,823,818,x,x
x,x,825,4,816,x,x
x,x,816,3,823,x,x
x,x,825,819,4,x,x
x,x,823,824,816,x,x
x,x,816,824,825,x,x
x,x,819,825,824,x,x
x,x,746,776,826,x,x
x,x,802,826,776,x,x
x,x,791,827,700,x,x
x,x,828,827,790,x,x
x,x,829,828,790,x,x
x,x,829,832,828,x,x
x,x,835,832,836,x,x
x,x,830,888,832,x,x
x,x,830,832,835,x,x
x,x,867,841,869,x,x
x,x,829,833,832,x,x
x,x,699,831,833,x,x
x,x,836,33,834,x,x
x,x,699,833,829,x,x
x,x,836,833,831,x,x
x,x,848,851,845,x,x
x,x,834,840,837,x,x
x,x,832,833,836,x,x
x,x,837,835,834,x,x
x,x,33,836,831,x,x
x,x,834,835,836,x,x
x,x,852,844,845,x,x
x,x,837,840,854,x,x
x,x,854,853,841,x,x
x,x,869,884,867,x,x
x,x,895,893,935,x,x
x,x,868,884,869,x,x
x,x,33,844,834,x,x
x,x,844,33,842,x,x
x,x,844,842,845,x,x
x,x,890,881,879,x,x
x,x,834,844,840,x,x
x,x,853,858,841,x,x
x,x,884,887,886,x,x
x,x,851,852,845,x,x
x,x,846,857,860,x,x
x,x,861,21,847,x,x
x,x,838,848,845,x,x
x,x,854,852,853,x,x
x,x,859,851,863,x,x
x,x,851,848,863,x,x
x,x,859,860,857,x,x
x,x,848,838,849,x,x
x,x,876,874,855,x,x
x,x,861,849,21,x,x
x,x,852,851,850,x,x
x,x,852,850,853,x,x
x,x,852,840,844,x,x
x,x,850,856,853,x,x
x,x,856,858,853,x,x
x,x,854,841,867,x,x
x,x,840,852,854,x,x
x,x,856,857,855,x,x
x,x,875,870,873,x,x
x,x,857,856,850,x,x
x,x,856,855,858,x,x
x,x,859,857,850,x,x
x,x,846,862,864,x,x
x,x,873,874,872,x,x
x,x,868,869,870,x,x
x,x,851,859,850,x,x
x,x,849,861,848,x,x
x,x,847,860,861,x,x
x,x,846,860,847,x,x
x,x,860,859,863,x,x
x,x,848,861,863,x,x
x,x,846,864,857,x,x
x,x,860,863,861,x,x
x,x,876,864,862,x,x
x,x,855,857,864,x,x
x,x,809,866,810,x,x
x,x,812,797,865,x,x
x,x,798,819,866,x,x
x,x,854,867,837,x,x
x,x,870,869,841,x,x
x,x,870,841,858,x,x
x,x,868,875,880,x,x
x,x,868,882,884,x,x
x,x,874,873,858,x,x
x,x,870,858,873,x,x
x,x,868,880,882,x,x
x,x,837,886,830,x,x
x,x,903,913,894,x,x
x,x,875,868,870,x,x
x,x,874,858,855,x,x
x,x,873,872,875,x,x
x,x,855,864,876,x,x
x,x,899,900,897,x,x
x,x,879,875,872,x,x
x,x,878,911,882,x,x
x,x,862,36,876,x,x
x,x,910,876,36,x,x
x,x,907,908,889,x,x
x,x,894,927,926,x,x
x,x,875,879,881,x,x
x,x,878,881,896,x,x
x,x,899,879,872,x,x
x,x,881,878,880,x,x
x,x,881,880,875,x,x
x,x,882,880,878,x,x
x,x,877,890,879,x,x
x,x,893,895,898,x,x
x,x,839,885,882,x,x
x,x,839,871,885,x,x
x,x,839,911,883,x,x
x,x,911,896,883,x,x
x,x,887,18,888,x,x
x,x,885,884,882,x,x
x,x,886,887,830,x,x
x,x,867,884,886,x,x
x,x,887,884,885,x,x
x,x,885,871,887,x,x
x,x,18,887,871,x,x
x,x,828,888,18,x,x
x,x,830,887,888,x,x
x,x,890,877,893,x,x
x,x,899,901,879,x,x
x,x,893,898,890,x,x
x,x,934,894,932,x,x
x,x,926,932,894,x,x
x,x,892,843,895,x,x
x,x,877,903,934,x,x
x,x,893,934,935,x,x
x,x,879,901,877,x,x
x,x,913,927,894,x,x
x,x,898,881,890,x,x
x,x,843,883,896,x,x
x,x,843,896,895,x,x
x,x,900,899,872,x,x
x,x,904,901,897,x,x
x,x,895,896,898,x,x
x,x,881,898,896,x,x
x,x,900,872,874,x,x
x,x,899,897,901,x,x
x,x,910,874,876,x,x
x,x,908,909,905,x,x
x,x,889,983,907,x,x
x,x,877,901,903,x,x
x,x,918,915,916,x,x
x,x,903,894,934,x,x
x,x,904,903,901,x,x
x,x,913,906,927,x,x
x,x,897,909,908,x,x
x,x,904,902,913,x,x
x,x,904,897,907,x,x
x,x,907,902,904,x,x
x,x,906,913,915,x,x
x,x,891,932,933,x,x
x,x,909,897,900,x,x
x,x,908,907,897,x,x
x,x,889,908,905,x,x
x,x,910,909,900,x,x
x,x,36,905,909,x,x
x,x,909,910,36,x,x
x,x,874,910,900,x,x
x,x,882,911,839,x,x
x,x,896,911,878,x,x
x,x,904,913,903,x,x
x,x,907,983,902,x,x
x,x,915,913,902,x,x
x,x,906,915,918,x,x
x,x,918,920,923,x,x
x,x,983,915,902,x,x
x,x,916,915,912,x,x
x,x,912,34,916,x,x
x,x,34,919,916,x,x
x,x,971,982,966,x,x
x,x,914,923,920,x,x
x,x,919,918,916,x,x
x,x,919,920,918,x,x
x,x,930,925,922,x,x
x,x,938,943,960,x,x
x,x,923,914,926,x,x
x,x,920,919,925,x,x
x,x,34,929,919,x,x
x,x,929,922,925,x,x
x,x,906,918,923,x,x
x,x,959,961,984,x,x
x,x,921,942,930,x,x
x,x,930,922,921,x,x
x,x,938,937,930,x,x
x,x,926,939,933,x,x
x,x,891,892,935,x,x
x,x,906,923,927,x,x
x,x,926,927,923,x,x
x,x,937,920,925,x,x
x,x,930,942,938,x,x
x,x,948,944,945,x,x
x,x,919,929,925,x,x
x,x,974,979,975,x,x
x,x,933,932,926,x,x
x,x,35,931,939,x,x
x,x,935,934,932,x,x
x,x,939,926,914,x,x
x,x,931,891,933,x,x
x,x,891,935,932,x,x
x,x,877,934,893,x,x
x,x,895,935,892,x,x
x,x,928,937,938,x,x
x,x,35,939,940,x,x
x,x,930,937,925,x,x
x,x,947,958,941,x,x
x,x,928,920,937,x,x
x,x,921,924,942,x,x
x,x,939,914,940,x,x
x,x,931,933,939,x,x
x,x,928,940,914,x,x
x,x,959,950,965,x,x
x,x,945,944,947,x,x
x,x,943,942,924,x,x
x,x,943,924,945,x,x
x,x,940,928,959,x,x
x,x,951,945,924,x,x
x,x,944,948,955,x,x
x,x,951,948,945,x,x
x,x,964,944,957,x,x
x,x,965,940,959,x,x
x,x,921,946,951,x,x
x,x,943,945,947,x,x
x,x,917,953,952,x,x
x,x,953,948,952,x,x
x,x,921,951,924,x,x
x,x,963,949,964,x,x
x,x,941,950,984,x,x
x,x,946,948,951,x,x
x,x,917,956,962,x,x
x,x,948,946,952,x,x
x,x,948,953,955,x,x
x,x,978,974,976,x,x
x,x,955,953,962,x,x
x,x,957,967,969,x,x
x,x,956,968,962,x,x
x,x,955,967,957,x,x
x,x,944,955,957,x,x
x,x,962,953,917,x,x
x,x,964,947,944,x,x
x,x,949,941,958,x,x
x,x,960,928,938,x,x
x,x,960,943,961,x,x
x,x,961,943,947,x,x
x,x,928,960,959,x,x
x,x,947,941,984,x,x
x,x,959,960,961,x,x
x,x,955,962,967,x,x
x,x,936,949,963,x,x
x,x,964,949,958,x,x
x,x,963,964,957,x,x
x,x,947,964,958,x,x
x,x,950,35,965,x,x
x,x,940,965,35,x,x
x,x,969,972,970,x,x
x,x,972,969,967,x,x
x,x,972,962,968,x,x
x,x,963,957,969,x,x
x,x,954,968,956,x,x
x,x,973,968,954,x,x
x,x,972,973,970,x,x
x,x,971,936,969,x,x
x,x,962,972,967,x,x
x,x,936,963,969,x,x
x,x,973,972,968,x,x
x,x,970,981,969,x,x
x,x,988,19,980,x,x
x,x,970,973,975,x,x
x,x,979,974,978,x,x
x,x,971,981,982,x,x
x,x,954,976,974,x,x
x,x,954,974,973,x,x
x,x,976,987,978,x,x
x,x,975,973,974,x,x
x,x,980,966,985,x,x
x,x,987,976,20,x,x
x,x,987,977,978,x,x
x,x,985,979,988,x,x
x,x,975,979,985,x,x
x,x,982,970,975,x,x
x,x,986,977,987,x,x
x,x,971,969,981,x,x
x,x,970,982,981,x,x
x,x,975,966,982,x,x
x,x,889,912,983,x,x
x,x,915,983,912,x,x
x,x,959,984,950,x,x
x,x,947,984,961,x,x
x,x,975,985,966,x,x
x,x,977,979,978,x,x
x,x,986,19,988,x,x
x,x,988,979,977,x,x
x,x,986,987,20,x,x
x,x,988,980,985,x,x
x,x,986,988,977,x,x
x,x,200,989,202,x,x
x,x,186,989,205,x,x
