0.0,0.0,116,355,113,0,558
0.0,1.0,38,33,82,1,322
1.0,1.0,60,56,157,2,409
1.0,0.0,32,19,7,3,831
0.5,0.5,4,63,292,5,132
0.0,0.5,268,280,53,23,442
0.24933353806345313,0.615820189230899,154,13,14,11,267
0.25,0.5,47,22,24,12,568
0.31044976225443677,0.36677730227568417,20,7,14,78,317
0.31415816101775274,0.4016643398350678,40,58,59,76,83
0.1875,0.4375,37,41,286,83,5
0.0,0.25,290,63,25,128,151
0.5,0.0,49,53,155,131,128
0.26274764252220306,0.4354422149555938,10,154,31,132,131
0.234375,0.453125,19,31,7,148,288
0.30106195686402126,0.43591040704497525,118,82,33,151,148
0.3444266489353345,0.41094500263732703,22,47,27,81,200
0.36198737520846813,0.437287609866417,254,256,26,176,188
0.3432189682328361,0.379308732784722,257,135,136,190,204
0.1953125,0.4921875,16,52,17,204,212
0.265625,0.46875,14,13,20,200,190
0.31228298611111116,0.4725477430555556,41,33,38,212,23
0.28666261735723153,0.49880005867861577,286,249,10,288,78
0.5,1.0,16,18,155,188,446
0.3208907303705117,0.5065762562054203,13,154,43,189,312
0.40779164676760604,0.5279063066201146,47,54,27,168,189
0.2776988145874253,0.4055398708251495,13,26,15,317,168
0.26931027975142385,0.5293111934991994,253,254,43,312,1
0.25317815175854097,0.5733606051040101,51,49,337,322,327
0.353451764305059,0.49833972081241396,50,9,16,327,176
0.21326958465681814,0.5487049264843479,21,22,20,231,378
0.205078125,0.462890625,27,32,7,267,76
0.2378367377445427,0.5290296088106728,10,31,37,279,528
0.11675441843580607,0.4768270076696003,15,26,9,236,777
0.13982607095714802,0.523259866542852,43,26,13,354,443
0.1631872773090577,0.4998986601909423,58,57,29,369,362
0.18646684892681153,0.5261094320007391,7,20,22,352,679
0.1708984375,0.4677734375,9,8,18,362,354
0.09356624509859865,0.4552653927043343,22,21,24,374,403
0.05868019866391143,0.3783836491807099,21,50,293,384,397
0.35177235240617893,0.5601797191795019,22,27,7,394,352
0.14147028553950527,0.4582095359085674,291,294,158,397,394
0.18143370246928964,0.5592741676395485,120,137,286,400,384
0.22427166376030022,0.4053100087190994,46,28,6,403,408
0.30242825892483505,0.5664186491381069,6,28,55,408,2
0.28905824048597506,0.3389697420179586,337,49,8,409,400
0.2114113806926454,0.5963392416400731,57,44,47,442,369
0.29825494687205395,0.5368108459703285,21,20,15,378,374
0.03184218291886471,0.44696369887336806,27,54,32,443,465
0.3370581218145832,0.3463082896230623,118,33,34,446,81
0.33129662151691197,0.44668736111166946,54,28,32,342,471
0.34904913453547914,0.314952255253542,21,29,24,448,449
0.39990518764872895,0.3929859829840284,219,97,92,449,11
0.3854254760142677,0.3468338956535526,131,133,145,465,231
0.2759469701827006,0.5567204596767534,19,35,37,471,448
0.2801202822354816,0.5863282628445321,135,120,134,467,611
0.3265685232880964,0.6159193446402159,46,30,28,524,662
0.33002934632420616,0.537008760690465,57,58,40,558,635
0.36125501162148277,0.529494439901188,32,30,36,568,574
0.3853784293945653,0.5537571405332649,19,36,35,574,524
0.37785869652393644,0.6055432314549603,59,60,40,580,693
0.44241143523248877,0.5805641749253947,7,31,14,581,646
0.4176754182171294,0.5591175272787029,34,35,36,586,12
0.45845927882533977,0.5290317775451328,41,35,33,528,605
0.4100678964150229,0.5928801188595865,55,28,54,605,467
0.4480724368639032,0.6440583187200861,19,32,36,610,688
0.4362876178619365,0.6131095946203661,37,31,19,611,610
0.4970435774784735,0.6076927236153882,256,9,26,533,660
0.4026290884157885,0.6436443725810066,42,139,36,635,342
0.0266151254973408,0.40625,122,73,248,646,586
0.2879389171530769,0.6253053363415106,35,34,33,647,690
0.05911115179800531,0.5178303847023478,30,46,42,660,279
0.32389249422719624,0.6890919755576902,119,122,121,662,533
0.2570427519689582,0.6677492235550665,49,51,53,668,733
0.04699310032339331,0.4765261059337781,30,32,28,679,668
0.31491127330375274,0.6521282707169581,35,41,37,688,0
0.0,0.375,46,6,119,690,581
0.06351942559427498,0.4369617737643006,50,17,293,693,647
0.0,0.75,291,293,294,716,719
0.28262831162626245,0.7029748815584577,276,421,51,719,236
0.25675879850024347,0.7229176227107442,44,54,47,630,814
0.25,1.0,141,46,123,619,783
0.08868210537162909,0.4865502101363443,74,38,82,727,744
0.0,0.4375,42,36,30,733,716
0.35860857291391474,0.6462154039071543,264,259,274,744,580
0.28906877334628295,0.6713923135386994,55,56,70,770,619
0.3124704462549759,0.723408454337134,13,15,20,775,794
0.37901512035341417,0.7264983550428494,16,9,18,777,770
0.344643245531705,0.7486332538818861,127,123,125,783,775
0.3828302741331443,0.682793635950087,126,124,125,793,825
0.3469404764375972,0.714446080267233,16,17,50,794,630
0.40106825230920856,0.7984976564757253,21,15,50,800,816
0.443149412223344,0.7100780058556355,55,54,44,814,800
0.35236895658869516,0.6766559964353914,337,8,45,816,793
0.37988792071313027,0.7656080683372517,50,15,9,821,828
0.40819907235446273,0.7070270556602893,18,8,49,825,830
0.42853379664015956,0.6757947372671375,53,280,155,828,727
0.42206823038978986,0.7498614127048037,255,264,45,830,3
0.3416753465810459,0.813480991277097,44,57,157,831,821
0.46897613792870957,0.6788104838016016,265,337,264,x,x
0.28400066761124004,0.7928497291166221,57,47,24,x,x
0.27079911372767157,0.7577203072700149,44,157,55,x,x
0.30806383610773996,0.7621585242717032,41,38,120,x,x
0.31632583727326885,0.7934151333710712,29,57,24,x,x
0.48647767584187734,0.6446202179015046,70,56,75,x,x
0.5114914660189335,0.7402279047782641,57,40,157,x,x
0.481572355472822,0.7155149563045221,291,58,29,x,x
0.6202279004921193,0.7756177642727597,59,58,25,x,x
0.5181982500609875,0.6824320878624877,63,61,62,x,x
0.46857592456072766,0.7617167744908527,59,62,64,x,x
0.5634604143213657,0.6883520015091885,59,25,62,x,x
0.6816731801240888,0.7389484436069965,68,60,64,x,x
0.6540136907786285,0.7576202103277729,66,304,305,x,x
0.7058493738422472,0.8288643639012295,68,64,66,x,x
0.6374493101423347,0.8079465427644789,63,62,25,x,x
0.7004160347431487,0.9297989201057069,64,62,61,x,x
0.6908312658377941,0.782337432876284,290,25,291,x,x
0.5476041256731665,0.48296506104421416,4,300,63,x,x
0.10190174879806638,0.5131554061450249,66,64,61,x,x
0.22168457598451907,0.6229917922085806,59,64,60,x,x
0.0961087104903452,0.4237038576916241,302,63,300,x,x
0.20863252068205027,0.6483992880649834,84,60,68,x,x
0.2417539545039782,0.6434821887675786,66,61,304,x,x
0.1868048247907418,0.621129981618156,66,65,68,x,x
0.14937771509170156,0.6734591181288694,425,429,284,x,x
0.175471033029992,0.6525727413571384,88,94,160,x,x
0.1992007600139137,0.7072905121187251,86,72,90,x,x
0.13276738417754727,0.6259654985181408,5,48,74,x,x
0.0,0.625,55,70,6,x,x
0.1063832540196083,0.5725568085126609,38,74,77,x,x
0.031158396229418663,0.5036015349378442,93,75,84,x,x
0.0,0.5625,260,263,340,x,x
0.0,0.53125,122,70,73,x,x
0.03462610011105872,0.546875,139,138,34,x,x
0.05633488428653898,0.4080663493245335,90,88,86,x,x
0.08429860393518415,0.3953418371301724,173,179,178,x,x
0.10155159033960359,0.3414483778668331,85,70,75,x,x
0.1404816955395739,0.3885867865002332,79,80,73,x,x
0.11450493118558705,0.5420743196722998,122,119,6,x,x
0.14606150776175308,0.5580979904735333,134,69,39,x,x
0.07855116171345942,0.5488180923172923,84,75,56,x,x
0.16263762780155733,0.592067388271632,72,79,85,x,x
0.05567746037594846,0.603821023420818,46,119,123,x,x
0.07598702056597846,0.5800093922755549,5,130,132,x,x
0.0992774167491316,0.6092884074597679,144,147,142,x,x
0.029283195824373963,0.5812141858071027,82,118,71,x,x
0.09139248430326713,0.6670873227307927,73,85,79,x,x
0.07387774491966834,0.635260671463857,126,248,80,x,x
0.0,0.6875,101,79,86,x,x
0.03610424345680768,0.6361397386063257,193,192,184,x,x
0.10511896447477984,0.6395226010271262,86,79,72,x,x
0.0,0.65625,134,48,69,x,x
0.03235609520883245,0.671875,68,65,96,x,x
0.03504162055908439,0.71875,80,101,163,x,x
0.2153159060641338,0.43217728180759857,94,835,160,x,x
0.3740723746997111,0.37574327586481504,249,43,154,x,x
0.42375465863057654,0.2664078570221981,38,77,120,x,x
0.32968752093308473,0.5837616341088373,130,5,74,x,x
0.4346764702113775,0.4586441614301656,60,84,56,x,x
0.5017320862026873,0.5754344377073924,84,68,89,x,x
0.34659989563448035,0.7812145891664175,70,85,73,x,x
0.29932713064103483,0.840935005897059,72,85,75,x,x
0.21512511676272822,0.798687731363678,93,72,75,x,x
0.2262310351348627,0.7554667805499302,88,102,86,x,x
0.24873958271987376,0.7860554943306198,94,87,97,x,x
0.25908190859326735,0.8272773898416256,102,103,100,x,x
0.25499333402830665,0.9054498742553181,87,94,88,x,x
0.2680619655576204,0.8669402269184063,160,103,102,x,x
0.0,0.8125,65,99,96,x,x
0.1997838748520661,0.8652416869563924,89,87,90,x,x
0.29294571173901535,0.8968570821382276,90,72,93,x,x
0.23422987037381515,0.8537521412793341,87,88,90,x,x
0.2261816205709242,0.8870030780652259,87,89,95,x,x
0.20785416806056203,0.832056836948176,101,102,100,x,x
0.19230435371567228,0.9012063940910483,65,305,104,x,x
0.1449914369770115,0.8343428584163939,96,99,92,x,x
0.125,1.0,84,89,93,x,x
0.22553767483489653,0.919732487271111,90,93,89,x,x
0.1754892379447902,0.8075279895741346,87,95,97,x,x
0.17674519073262318,0.842065120328523,103,160,98,x,x
0.25991575301745545,0.9531167501930299,96,89,68,x,x
0.16408420070645202,0.8776898815977484,95,92,97,x,x
0.321980080626653,0.8718451336779597,92,95,96,x,x
0.11270497232503743,0.7668712361980994,96,95,89,x,x
0.1876060082131708,0.7685791623759308,109,219,106,x,x
0.3509963834598765,0.934885648652681,91,94,97,x,x
0.13861032999639186,0.936949443466359,326,195,186,x,x
0.16014867555107343,0.9111031192168877,103,98,834,x,x
0.1875,1.0,99,65,104,x,x
0.0,0.875,92,99,106,x,x
0.375,1.0,325,318,315,x,x
0.13836345027492436,0.7960538198704296,101,80,79,x,x
0.19910744307669032,0.7390139464732115,160,102,88,x,x
0.15085015544636915,0.7372606850428289,83,76,69,x,x
0.10313486437285296,0.8011569168407813,101,100,164,x,x
0.12356713354252814,0.9025162312965735,100,103,161,x,x
0.08313406900857945,0.7770956414927024,170,209,166,x,x
0.07020025467985193,0.7387632162514577,178,175,191,x,x
0.3274333285076135,0.9075331842618939,106,99,108,x,x
0.38682202910916585,0.8801977393941404,159,423,433,x,x
0.3125,1.0,67,433,237,x,x
0.3610540397602454,0.9023958324201731,221,224,228,x,x
0.4125739848429067,0.936146168123746,108,99,104,x,x
0.38196624044859795,0.9266711322834542,106,105,109,x,x
0.4375,1.0,300,422,302,x,x
0.06926548062589202,0.6995159608295896,112,116,438,x,x
0.3750298365112035,0.9630075042824381,677,714,676,x,x
0.40625,0.9815289449769099,106,108,234,x,x
0.43836172454637123,0.9628716346711211,108,104,237,x,x
0.2990272372728259,0.9382532870797411,219,220,97,x,x
0.3374358054066543,0.9708054095712216,117,478,432,x,x
0.4728447342247626,0.9037943528742304,553,739,550,x,x
0.46875,1.0,295,456,298,x,x
0.44727180309688125,0.9284699966169286,347,303,301,x,x
0.42228345822059155,0.8977763170291384,300,432,422,x,x
0.4928246511666815,0.9500900504496375,364,466,354,x,x
0.11526273933746331,0.7071379609137877,298,346,292,x,x
0.2897110481621158,0.9726292182184733,245,114,238,x,x
0.4263577632408724,0.8449995582340983,111,235,116,x,x
0.44960759277052426,0.7389773388564737,227,439,241,x,x
0.4377522015672687,0.7854851484289039,114,245,107,x,x
0.4944917804698863,0.8271963027563092,301,107,245,x,x
0.42733740297587525,0.8143391406806423,425,427,429,x,x
0.46281563741068077,0.8108383501354965,710,373,243,x,x
0.4938556360477445,0.789579753847797,212,329,23,x,x
0.46358580449857856,0.8481953726086368,108,110,234,x,x
0.5608574723314997,0.8072603197324704,48,5,83,x,x
0.5013157743521337,0.8704826168667091,138,118,34,x,x
0.524863136636715,0.8078690304341518,70,122,6,x,x
0.5422131474772954,0.7692969290323902,125,123,121,x,x
0.5435888630902219,0.8506458677900827,134,120,77,x,x
0.75,1.0,48,83,69,x,x
0.5135715536766984,0.7687982187891587,287,139,141,x,x
0.5487896366942785,0.7315778869822984,123,119,121,x,x
0.5247071335105392,0.7124744416327556,248,125,121,x,x
0.7338263767275344,0.7714794697464492,139,42,141,x,x
1.0,0.5,131,145,128,x,x
0.5312293779766607,0.6374494910998251,122,248,121,x,x
0.6340207826912663,0.8499131133866905,127,125,124,x,x
0.6505233535033974,0.7269747004651217,101,86,102,x,x
0.6781958947101592,0.9017458776837766,164,163,101,x,x
0.5166011504408177,0.9123695511457398,142,147,149,x,x
0.8395945104387413,0.8343521638631503,340,263,136,x,x
0.7706715345915092,0.8220648291569372,77,74,48,x,x
0.8066945397952215,0.8723933137920475,71,74,82,x,x
0.6008258572648801,0.8086170414147674,74,71,130,x,x
0.5925813521887403,0.8573777935471615,138,140,118,x,x
0.5581823553565742,0.3727379992798415,133,131,132,x,x
0.22367060227440677,0.6810086081677382,140,71,118,x,x
0.18276653189861786,0.3949950834038136,130,133,132,x,x
0.17207173487098557,0.32285281342052646,133,130,71,x,x
0.21515559748314453,0.353329671656451,143,133,140,x,x
0.16635658913118612,0.36056392543852406,134,39,135,x,x
0.20819441714211764,0.3813400255015838,48,134,77,x,x
0.24327411858641595,0.3751879129640364,39,338,135,x,x
0.25034419474257164,0.3370779367347322,137,120,135,x,x
0.2768049630560029,0.37052752875918316,340,338,339,x,x
0.13265673714919174,0.35540440038009974,249,253,43,x,x
0.13221977823093783,0.31473674672900764,249,137,252,x,x
0.21530370346086472,0.3074289420102046,286,10,37,x,x
0.07005046352549527,0.27432005612704324,34,36,139,x,x
0.27277936682144505,0.27503236225760663,138,129,140,x,x
0.1665333038448854,0.24814825476796426,46,141,42,x,x
0.09537238658521147,0.30339269082158277,129,138,139,x,x
0.2710949562144377,0.3095022677328374,140,129,143,x,x
0.31133290907207195,0.2941924324023134,133,71,140,x,x
0.15876724243063156,0.2862815962630764,123,127,141,x,x
0.0,0.3125,287,141,127,x,x
0.42274286183545356,0.3152720767168414,144,143,129,x,x
0.11731948291774585,0.2587131619062777,127,150,144,x,x
0.19561149843868117,0.2739276574697561,129,287,144,x,x
0.3537148206743017,0.26183455611582773,143,142,145,x,x
0.3076878643406822,0.2531585237571188,330,150,127,x,x
0.45764979009607976,0.3136150267926409,142,143,144,x,x
0.234205451050404,0.27378018476038535,143,145,133,x,x
0.3396628455204736,0.2873640351921201,145,142,149,x,x
0.3756173232566602,0.2905221597179474,148,153,288,x,x
0.4411660840339749,0.3444294209859708,128,145,149,x,x
0.26554461141535907,0.22469421762793468,150,147,144,x,x
0.25,0.0,148,151,152,x,x
0.41371518008700275,0.36330578010695774,152,147,146,x,x
0.49105152427624116,0.3151970992990161,148,152,153,x,x
0.5203571403506887,0.29909245195253026,151,128,149,x,x
0.5025540217424062,0.35896327066582884,330,127,124,x,x
0.5565728737780989,0.5998750132273758,147,150,146,x,x
0.4778363874452395,0.37881039875600997,147,152,149,x,x
0.15340232237341395,0.4232217167592844,152,151,149,x,x
0.13050460024053323,0.5938620400723923,146,205,152,x,x
0.0,0.71875,330,331,216,x,x
0.47448025085802686,0.34424140505688156,178,162,173,x,x
0.4337988808537464,0.49815240076519596,31,154,14,x,x
0.39360437820718086,0.4892623991843057,249,154,10,x,x
0.46745594487422043,0.47913615249220065,16,155,52,x,x
0.36797729987643474,0.46924778435179726,49,155,18,x,x
0.39862684237844703,0.4469620979469111,273,281,289,x,x
0.48632554838547853,0.4124884795310946,277,299,280,x,x
0.4270766478317937,0.42063269459333996,60,157,40,x,x
0.545752384241311,0.5334914203035506,55,157,56,x,x
0.4672071884153177,0.4430706613376272,285,410,299,x,x
0.44312304657550217,0.37768659102164004,290,292,63,x,x
0.4892426500022486,0.5288432126980125,302,422,159,x,x
0.5820171793121635,0.7733085738963809,436,110,437,x,x
0.4740305375122274,0.5582529557012001,218,199,838,x,x
0.6258901927954441,0.7455364116624458,835,94,91,x,x
0.4721795631685425,0.5891904366204256,173,165,171,x,x
0.46763229463172146,0.619922394386975,164,100,165,x,x
0.1887120120058423,0.9467216745110526,162,164,165,x,x
0.1320663528014152,0.8659142213535613,184,162,178,x,x
0.10822726912920827,0.8377232767867409,80,163,192,x,x
0.09174222511461319,0.875838494033438,165,100,161,x,x
0.08124481513966367,0.822843205138383,163,164,162,x,x
0.06752367949676813,0.8530984325410821,166,167,170,x,x
0.0,0.9375,167,171,165,x,x
0.04002207771711816,0.8223871319678638,186,187,306,x,x
0.03928751959030049,0.77054176293505,165,161,167,x,x
0.08423625502234763,0.9171141101380188,182,170,167,x,x
0.031653833394862475,0.8575501222828921,171,167,172,x,x
0.0,0.78125,198,209,170,x,x
0.0433886925406247,0.9325571393463165,217,209,210,x,x
0.025305357593962456,0.796667753913391,169,171,172,x,x
0.05589512159971811,0.796234350503076,194,196,183,x,x
0.05518106179884348,0.890510135420895,182,167,161,x,x
0.0625,1.0,198,170,182,x,x
0.018415877817418602,0.90625,172,167,166,x,x
0.025535907778357677,0.96875,173,171,169,x,x
0.07691279876752052,0.9594866207469147,306,411,188,x,x
0.10572675215612108,0.9426475523040635,172,166,177,x,x
0.09375,1.0,169,179,173,x,x
0.1555437403355049,0.76898008001341,165,173,162,x,x
0.4685664740561291,0.9691501537587487,187,181,174,x,x
0.119600422463605,0.6774140163371603,181,175,179,x,x
0.14725419625016162,0.7054258998886946,177,174,172,x,x
0.12029584830357777,0.7372748768229824,191,194,183,x,x
0.45015683182552374,0.8790021445892867,177,306,174,x,x
0.57666220825001,0.3184908824337283,181,179,169,x,x
0.6526086360929004,0.9185415443537238,411,177,180,x,x
0.7418742068641935,0.8802034029928336,187,174,306,x,x
0.3158514026398825,0.32436914727973365,308,175,307,x,x
0.07360859783815901,0.35236288465558735,162,184,163,x,x
0.031150414230980823,0.34529683289776303,172,174,169,x,x
0.05554472773998,0.3125182474817516,178,179,175,x,x
0.02867188572287005,0.28045993792830215,209,180,166,x,x
0.0,0.125,198,201,185,x,x
0.2147145025087182,0.2230909337844777,181,169,174,x,x
0.4767314041995643,0.2641421980387031,187,186,195,x,x
0.5185191334388138,0.33137275449413556,834,161,103,x,x
0.502130419791043,0.46086338690671713,203,185,201,x,x
0.6041743630219943,0.7239639276551534,183,196,197,x,x
0.7395511975775969,0.8438883256561269,193,126,192,x,x
0.6690254938593337,0.8265118731137481,178,191,328,x,x
0.7063581847232627,0.7164910891041729,80,192,126,x,x
0.6532743409300433,0.6962539941383596,308,191,175,x,x
1.0,0.75,194,191,308,x,x
0.6706150195921418,0.8667710561022829,306,177,411,x,x
0.625,1.0,181,307,175,x,x
0.7354473591057494,0.8077820480321694,313,319,320,x,x
0.7085144635610362,0.8656669405323841,166,180,177,x,x
0.7620956963098244,0.9104568751690456,186,306,412,x,x
0.578125,0.9679927884402316,309,307,195,x,x
0.6366044509291954,0.8924519242016345,320,310,313,x,x
0.7138711819230943,0.898920688400405,208,202,213,x,x
0.7744089680740559,0.8598903756337981,161,834,182,x,x
0.59375,1.0,181,195,307,x,x
0.6095345916517155,0.9270109613280242,332,328,183,x,x
0.6476737055237666,0.9487483098659776,163,184,192,x,x
0.8185796644218648,0.8066111878449501,184,328,193,x,x
0.8151576337397948,0.7719777472193589,197,216,332,x,x
0.8782641851072525,0.7832281511561456,193,331,126,x,x
0.5339616923353714,0.9662509755447274,197,314,153,x,x
0.5625,1.0,319,317,314,x,x
0.600770106615883,0.8922644625650281,310,194,308,x,x
0.5629755210837905,0.9202764292695175,308,311,310,x,x
0.5642115031801211,0.8824412759144237,197,196,314,x,x
0.8034001901931985,0.8379284205722625,153,205,197,x,x
0.875,1.0,205,216,197,x,x
0.6135497803281107,0.9642931728471098,182,833,201,x,x
0.794671592510704,0.9034659771347655,185,206,210,x,x
0.8517195383421127,0.803336732194384,223,225,222,x,x
0.8125,1.0,202,208,207,x,x
0.9353624172179782,0.7866192643616975,210,190,200,x,x
0.783511821551695,0.930857492928994,180,217,81,x,x
0.8335015306060475,0.9352550549908185,182,201,198,x,x
0.7440899787901177,0.9544430778767413,199,214,203,x,x
0.8304036349648425,0.8994294267389903,218,214,199,x,x
1.0,0.875,207,204,190,x,x
0.8611808901190543,0.9148148254277734,199,203,201,x,x
0.8638657140103316,0.8709676371025251,208,204,207,x,x
0.8819381698704399,0.9551609745076605,202,206,203,x,x
0.835081019196651,0.8636960415022471,203,206,185,x,x
0.8697887272643496,0.8406894332711521,152,205,153,x,x
0.8849074481877979,0.8135637231446592,216,205,146,x,x
0.9205021232911308,0.8663284037258406,190,206,207,x,x
0.9016387823546254,0.8406651816735196,214,213,202,x,x
0.9168071160317928,0.8125855210385381,202,207,206,x,x
1.0,0.8125,198,185,209,x,x
0.9584140042701788,0.8227046345478315,204,208,329,x,x
0.8943292687781177,0.8948387545289888,209,185,210,x,x
1.0,0.84375,190,210,206,x,x
0.9659744816906364,0.859375,210,200,217,x,x
0.9325378901080142,0.838502439987441,223,224,221,x,x
1.0,0.9375,204,329,212,x,x
0.9300605562503429,0.9013718407656433,202,203,214,x,x
0.917599591240132,0.9386445383802681,329,213,215,x,x
0.9375,1.0,213,211,215,x,x
0.9687790244025757,0.89812778343782,835,838,833,x,x
0.9124244982361461,0.9742281014112344,213,214,333,x,x
0.9510980449076437,0.9616844848098864,225,218,222,x,x
0.9517557322122199,0.9276297421922323,439,230,372,x,x
0.96875,1.0,330,216,146,x,x
1.0,0.96875,331,332,216,x,x
0.45534920676206353,0.40672562134234314,81,217,200,x,x
0.22377289260707564,0.9559426758684606,180,209,217,x,x
0.15764737720919694,0.9726679434109713,220,91,97,x,x
0.12581646272425334,0.9678110240767634,218,225,333,x,x
0.5705272767058318,0.836238619008628,106,219,92,x,x
0.08375188093354385,0.23643198581434594,220,219,109,x,x
0.1308610977206497,0.20188596004728399,109,224,223,x,x
0.11365204192063373,0.22781218284788549,222,218,838,x,x
0.08697012519230472,0.19142697871685588,232,228,224,x,x
0.23953829908250657,0.24263766724515837,227,211,333,x,x
0.24297173692433813,0.13378481493413075,91,220,222,x,x
0.3919362825170722,0.31668982907754084,223,222,220,x,x
0.5162298700145188,0.5465785044724387,109,223,220,x,x
0.5433673349854684,0.5679538454511118,223,221,225,x,x
0.6056522323746902,0.5549506672529767,105,232,109,x,x
0.5768754804539936,0.5727838845564781,228,229,226,x,x
0.6228772311079067,0.6148805185210289,227,225,221,x,x
0.6058130710835132,0.5873447636765777,333,211,213,x,x
0.6631584482452296,0.5708625928040304,301,229,233,x,x
0.5873580421670387,0.6178368002132351,240,359,353,x,x
0.6091262233940608,0.6645211030099287,230,221,228,x,x
0.5386079352719784,0.42217627917311124,230,227,221,x,x
0.5295700771674412,0.5076012427642503,224,109,232,x,x
0.5272908417907215,0.6074588319473588,228,226,230,x,x
0.5434483057895403,0.6653680341550781,105,233,229,x,x
0.5635842678948462,0.6399220971083691,457,431,456,x,x
0.5749106501148302,0.7163407470356435,423,159,422,x,x
0.5944258759683072,0.6920205135733425,241,211,227,x,x
0.6605515175443234,0.7876612285994594,229,301,226,x,x
0.5314811498283134,0.8832071070424254,211,241,215,x,x
0.583904417825125,0.9398947940885752,105,229,232,x,x
0.5563969316351383,0.9482671462752782,228,232,229,x,x
0.53125,1.0,234,233,105,x,x
0.6875,1.0,351,111,239,x,x
0.7332823698685125,0.9243405771420005,106,234,105,x,x
0.8464518096547903,0.9726262918348818,237,104,67,x,x
0.21875,1.0,284,429,435,x,x
0.0413264111328294,0.23982388889577633,245,226,301,x,x
0.0,0.1875,233,234,110,x,x
0.0,0.21875,235,711,709,x,x
0.03400416345458448,0.203125,114,349,238,x,x
0.034951400295742764,0.15625,112,107,303,x,x
0.24143759467711148,0.18242287601298962,355,116,235,x,x
0.3460815544536283,0.17590344364793267,336,356,348,x,x
0.5880535651735908,0.5097446051479234,441,241,371,x,x
0.6530654101607382,0.649967873388594,359,363,370,x,x
0.5098267749188049,0.4315795537830811,348,113,355,x,x
0.5155906332927603,0.4004735973635079,336,361,357,x,x
0.5328440768980229,0.4532822355926844,414,230,226,x,x
0.5835331991880761,0.4465878144574868,240,335,359,x,x
0.5284404343781861,0.37363574313520714,359,335,363,x,x
0.5798966232115828,0.6641789245380774,357,382,444,x,x
0.78125,0.9727841816996067,353,113,356,x,x
0.806740367324329,0.9531349583532971,368,358,369,x,x
0.7079473130769124,0.9674732983703608,110,436,233,x,x
0.71875,1.0,336,348,361,x,x
0.674403686607626,0.9690769787535075,111,116,112,x,x
0.125,0.0,438,349,114,x,x
0.06382509821273619,0.21238948023891077,349,116,113,x,x
0.057031585906027055,0.18163001210387109,246,414,245,x,x
0.08143001414834686,0.13810908606342312,434,110,108,x,x
0.0,0.15625,380,382,357,x,x
0.24053792932052256,0.21094564086312637,80,248,73,x,x
0.1827761681275676,0.17299022934971403,125,248,126,x,x
0.33777967588476476,0.21994548805000713,257,250,252,x,x
0.29384564393771867,0.1805446665988005,251,253,252,x,x
0.6484152153319902,0.5122744865615678,258,250,257,x,x
0.5772174871540883,0.5399916790205229,269,263,260,x,x
0.559653239856254,0.5087037611243443,256,255,45,x,x
0.6363760974504491,0.6731867391435795,43,254,26,x,x
0.6233983578359868,0.7004169165880576,257,252,137,x,x
0.662849506650881,0.6110197003234872,251,252,250,x,x
0.7341914510831743,0.5914888147839319,252,253,249,x,x
0.6957661183366126,0.5911931962920784,254,253,251,x,x
0.7130491162685493,0.52715893931548,255,254,251,x,x
0.7145296264549945,0.649723873578999,8,256,45,x,x
0.7152038222238507,0.5620899891349076,250,259,251,x,x
0.7760495842729163,0.5408047649774296,251,259,255,x,x
0.7490008952855335,0.56109281392267,256,8,9,x,x
0.7954798974758939,0.6025438734959548,255,256,254,x,x
0.7663947237817262,0.5883730863945289,135,257,137,x,x
0.7937497352175642,0.5691613101451367,257,136,258,x,x
0.7609891036978885,0.6364016582825037,136,338,340,x,x
0.8351679917094175,0.5236055528134276,258,136,263,x,x
0.8537928920399955,0.5827854914301691,266,250,258,x,x
0.6837464124984868,0.6369721809722635,272,261,278,x,x
0.6858158307528316,0.6755084469551687,341,447,260,x,x
0.7147785261564767,0.6173711821420986,259,250,270,x,x
0.579576007631418,0.4786112103818216,250,266,270,x,x
0.6272925675930996,0.4682514390957864,265,275,51,x,x
0.5753382114985979,0.40812488286556636,262,266,269,x,x
0.6213262610043063,0.3639774002898435,239,111,112,x,x
0.6251142095039703,0.41762399691980956,338,39,339,x,x
0.591174654293384,0.3785951505624933,266,258,269,x,x
0.594039564801529,0.34609922325642634,259,264,255,x,x
0.639375988794744,0.3066665268883905,264,261,265,x,x
0.044037312259898514,0.1109173028023133,272,265,261,x,x
0.11797838870348144,0.1608263343632156,271,275,272,x,x
0.15412754704041506,0.14693038173430328,269,258,263,x,x
0.20998983707739055,0.1908724057662164,266,262,270,x,x
0.15174644500887038,0.1783252262442378,39,76,339,x,x
0.1732100254279803,0.21025701675229652,11,341,267,x,x
0.19557770930675367,0.1301397839817772,274,261,264,x,x
0.121115645454238,0.11502016331915488,559,271,474,x,x
0.21187997791409713,0.15834752406262959,11,447,341,x,x
0.3013224649350007,0.21715284691061026,271,561,276,x,x
0.3993709100436755,0.2087519003943376,417,262,269,x,x
0.26813347493269085,0.19520811622921652,259,270,274,x,x
0.26699102626559224,0.16333014481096053,472,517,278,x,x
0.31093493332326005,0.12433157685902937,51,275,276,x,x
0.2771578840591605,0.1305287818859217,155,280,52,x,x
0.25429276212740554,0.07155419034948966,419,261,274,x,x
0.25740837879005024,0.10426606030531246,281,344,837,x,x
0.22135430387510813,0.10492282867155327,410,285,295,x,x
0.375,0.0,270,262,343,x,x
0.16781023239218384,0.07597325954856024,280,268,277,x,x
0.1900932379453631,0.09875079128633577,272,275,265,x,x
0.15624011421421563,0.10958055118566362,276,275,271,x,x
0.1875,0.0,561,271,559,x,x
0.29547889273873507,0.08413575653176249,156,268,421,x,x
0.33971262247410305,0.04785694972343317,274,270,419,x,x
0.37272893490897946,0.07750115612798728,644,837,689,x,x
0.3350629020644518,0.09198444636968825,373,365,242,x,x
0.3125,0.0,268,156,639,x,x
0.37126506293865724,0.1299139436129187,510,511,416,x,x
0.34157285656170033,0.12201245278501625,299,277,289,x,x
0.32830405566322185,0.15025666608859065,343,419,270,x,x
0.6176798865767613,0.5242397141636241,421,268,53,x,x
0.8382550127880793,0.6806154284063551,260,415,269,x,x
0.7506532757589439,0.6880285870493476,284,423,425,x,x
0.7180817689938409,0.6825597334833634,474,272,515,x,x
0.6936839448785732,0.4634752091533585,283,285,289,x,x
0.6122858748569999,0.4435365499303182,281,282,345,x,x
0.6422654272817296,0.44224661313465935,272,474,271,x,x
0.6773389243891671,0.3995309273520532,363,440,371,x,x
0.6608025907828058,0.4702326915447461,281,283,289,x,x
0.6840397820086495,0.49992522991127886,460,431,457,x,x
0.7205630303168029,0.49008790245086015,273,639,281,x,x
0.67707076951495,0.5364158379000451,120,286,41,x,x
0.7543004512661369,0.42913235235679176,249,286,137,x,x
0.74864418868138,0.5150766761121173,144,287,127,x,x
0.7288354300431013,0.4548522775627297,139,287,129,x,x
0.7033554208770681,0.4269419048063162,277,273,289,x,x
0.7734419230269476,0.4735504019710953,153,78,288,x,x
0.6738322721567963,0.4386730490502705,361,244,376,x,x
0.7311285569689727,0.37452970654590206,25,58,291,x,x
0.7084348480654855,0.3960689164836054,290,158,292,x,x
0.6877361908157288,0.3515361643835232,293,291,29,x,x
0.0,0.0625,158,290,291,x,x
0.37161080369622945,0.23105119015450906,158,294,296,x,x
0.36865135452004255,0.19893825984698768,292,158,298,x,x
0.40270187005695857,0.24132731988684814,293,29,21,x,x
0.3804302659543092,0.164822641755591,293,17,294,x,x
0.44978822525801193,0.22005455035683985,17,52,294,x,x
0.43773115611638896,0.131120916109109,296,294,52,x,x
0.4043278951561332,0.13989086985629012,282,334,836,x,x
0.3969990154550632,0.10440584799497354,456,346,298,x,x
0.43178624315491626,0.1764763989522304,299,296,52,x,x
0.4375,0.0,296,410,298,x,x
0.40681414440380476,0.07115277817114113,281,345,283,x,x
0.38319636084144193,0.039024036401431,111,351,350,x,x
0.44611876495573516,0.08884280846066331,296,298,158,x,x
0.5168723822871983,0.12485077889755172,836,247,460,x,x
0.44250905006369107,0.04435352850044599,280,299,52,x,x
0.40625,0.0,285,299,289,x,x
0.47641751751638883,0.11682488558728975,346,4,292,x,x
0.4988172995122318,0.06217594123942293,304,159,67,x,x
0.48668708240397457,0.17103089704616378,454,477,478,x,x
0.4774361484952195,0.08532726775442233,4,346,117,x,x
0.5091252047478475,0.09314451866220874,159,304,302,x,x
0.75,0.0,61,63,302,x,x
0.625,0.0,457,285,283,x,x
0.5692052462227658,0.09526404018862619,245,238,246,x,x
0.46556753690383595,0.1469562742765092,104,305,67,x,x
0.5401739781617492,0.0656101359438742,61,302,304,x,x
0.5221837467390554,0.03152119475389814,66,305,65,x,x
0.5625,0.0,67,305,304,x,x
0.5899292544197475,0.04593736447381158,195,181,187,x,x
0.5691902400431984,0.06624092655176057,306,188,412,x,x
0.5553366548418096,0.035816537314642516,310,196,194,x,x
0.6036877762985792,0.08073465056157594,323,318,312,x,x
0.6386631270376831,0.04678708502251664,308,307,309,x,x
0.6122031108989525,0.14912735862791834,311,308,309,x,x
0.5983003010226848,0.11613188724182653,168,313,316,x,x
0.663743574386294,0.10798377634242677,313,310,311,x,x
0.5608876052334932,0.15132266267133704,309,315,321,x,x
0.6321710323020333,0.12128702771203628,316,311,321,x,x
0.671540298102354,0.17060480933895106,315,309,195,x,x
0.6449005811182851,0.1514980043032843,316,321,323,x,x
0.6243493452076945,0.20827627603092305,314,78,153,x,x
0.21320622272425774,0.06393855938919324,316,313,311,x,x
0.23953494562141153,0.03653369506322745,326,325,315,x,x
0.2052907953415944,0.029984105093687603,325,324,318,x,x
0.16372539039660503,0.034376503455332476,321,318,323,x,x
0.11492051065040615,0.06016813599937302,309,321,311,x,x
0.15625,0.0,168,316,189,x,x
0.14459780401859232,0.057253796862114764,78,314,317,x,x
0.1324356080888958,0.08596579522134773,317,319,168,x,x
0.12706484437920093,0.03127424330616034,312,189,323,x,x
0.09914102173490119,0.0897261749334469,320,319,314,x,x
0.0625,0.0,168,319,313,x,x
0.09375,0.0,314,196,320,x,x
0.06374178953051501,0.05183743804140405,310,320,196,x,x
0.09315126329182769,0.034019221025851365,321,315,318,x,x
0.2868728495578346,0.038605100461453455,324,312,318,x,x
0.8058573445582583,0.6476120496901278,325,413,327,x,x
0.7424857270231009,0.6595453328624138,327,322,325,x,x
0.7741370288074242,0.6658819950869634,322,1,324,x,x
0.7969296218591947,0.7135748737362594,323,189,316,x,x
1.0,0.375,324,1,312,x,x
0.6568177079742217,0.3699617686051082,322,324,325,x,x
0.6436993810179013,0.3395259195771202,195,326,315,x,x
0.6729641869722028,0.3189613600014193,186,412,413,x,x
0.6779654352614651,0.2532713339317447,178,328,184,x,x
0.7380109183108543,0.30910080727076084,413,325,326,x,x
0.6662008166767557,0.28541104147171076,183,328,191,x,x
0.7068802057502774,0.3232179451728747,213,329,208,x,x
0.6232683875424051,0.25878396213705745,23,329,215,x,x
0.7070877470342923,0.2821544970643613,150,330,146,x,x
0.7437284714876358,0.2160870905922781,331,330,124,x,x
1.0,0.25,126,331,124,x,x
0.7160908944134833,0.24395350302444357,332,331,193,x,x
0.6878168271340868,0.21092269403044783,328,332,193,x,x
0.6554115495934885,0.22570455066915812,197,332,183,x,x
0.7193525895395915,0.1747471512124124,218,333,214,x,x
0.0,0.09375,227,333,225,x,x
0.0314560451919006,0.078125,239,112,303,x,x
0.029448900120676087,0.042689809216620314,444,360,336,x,x
0.4496086236040151,0.2504409940602369,242,365,377,x,x
0.4509372452719109,0.2815074751901483,361,376,357,x,x
0.40380684383910503,0.1807914165887944,368,215,241,x,x
0.46875,0.018930404195270062,264,337,45,x,x
0.4138310977232065,0.030800113210459695,51,337,265,x,x
0.46084604695971076,0.18997924918249506,135,338,136,x,x
0.5025946138740465,0.2198196602406881,76,267,339,x,x
0.6146089775835496,0.028423015483085096,76,39,69,x,x
0.59375,0.0,415,260,447,x,x
0.6875,0.0,267,340,339,x,x
0.6391817258434536,0.0823122939336872,260,340,341,x,x
0.6841331460310299,0.06388970109502833,267,341,340,x,x
0.5491918986982988,0.12094095213708922,514,509,473,x,x
0.5241566978617238,0.1625673794719787,639,156,638,x,x
0.5581717235524183,0.20806440361437367,269,415,417,x,x
0.5493369765756193,0.1792056712326646,452,517,472,x,x
0.5877674549143378,0.17879167681196972,444,336,357,x,x
0.5277704905941482,0.2015896773176299,273,277,268,x,x
0.5356881520235,0.23902320613317757,233,436,301,x,x
0.5798120687430569,0.24742417760147256,537,428,424,x,x
0.07461116051326508,0.10817988845595519,836,460,345,x,x
0.061102692053560004,0.08156622671408267,579,576,584,x,x
0.28125,0.0,455,481,495,x,x
0.3156293639483317,0.029885921228370596,113,353,349,x,x
0.34375,0.0,709,710,235,x,x
0.8330896030961351,0.6176126711310053,480,303,347,x,x
0.8909986478077688,0.7191566841266267,301,303,107,x,x
0.8718549715285637,0.6170898413759608,235,111,350,x,x
0.8398482757166703,0.6487716745243445,349,353,238,x,x
0.8706277912023521,0.6570894010481229,375,354,362,x,x
1.0,0.625,480,239,303,x,x
0.9236360808204803,0.567918582190765,643,563,567,x,x
0.9348166761133015,0.639040101457002,359,238,353,x,x
0.87082753426469,0.6914004047023095,235,710,355,x,x
0.9100195222109585,0.6740161635350304,390,377,367,x,x
0.8438018015840278,0.7322481544917682,356,240,353,x,x
0.8908111055484722,0.5852017347212803,356,360,240,x,x
0.8749379038087405,0.543610057754938,370,371,372,x,x
0.9219956982877919,0.6046160344818637,23,368,442,x,x
0.9546314571647774,0.5876894697703582,243,348,355,x,x
0.8998832219045221,0.6379683484656443,361,243,373,x,x
1.0,0.6875,113,348,356,x,x
0.9551619213956446,0.6797426841360501,364,354,375,x,x
0.8047988356506615,0.6810543583278217,455,351,479,x,x
0.8001096138996061,0.4357248242451813,238,359,370,x,x
0.6041159688520542,0.29187736354832744,703,377,365,x,x
0.6124351689773682,0.3214705871093642,388,373,242,x,x
0.9317764209447019,0.3498053223784627,711,728,709,x,x
0.7166313541615705,0.2042082398094276,360,115,240,x,x
0.6986732862274092,0.1354306890197825,115,335,240,x,x
0.03125,0.0,395,393,379,x,x
0.4762546709947605,0.23415685869165204,115,364,335,x,x
0.65625,0.0,378,463,445,x,x
0.671875,0.031210158732769937,488,490,482,x,x
0.7154440052083079,0.033506154419014965,336,360,356,x,x
0.71875,0.0,464,115,444,x,x
0.7397136152756004,0.08984148837040473,383,381,376,x,x
0.7168608043027506,0.0662912045998551,386,389,392,x,x
0.7592331037453253,0.04803695610257651,438,107,112,x,x
0.7054303530449063,0.10024626719009824,363,335,364,x,x
0.5912370239998547,0.21551372633467575,370,246,238,x,x
0.5516817528389774,0.27509616089305083,361,348,243,x,x
0.35776576814830563,0.025281197012785098,387,445,381,x,x
0.8738777934869829,0.7490550916683363,215,368,23,x,x
0.9141380558718636,0.7522583015373799,368,241,441,x,x
0.8481144572150489,0.7697300709070931,371,370,363,x,x
0.9324998685290247,0.714784117093153,372,246,370,x,x
0.9565432319743451,0.7498006247663833,363,364,375,x,x
0.9784145304534524,0.71875,440,375,358,x,x
0.9781277868075906,0.78125,439,371,241,x,x
0.8133617659634382,0.7404922600289072,414,372,230,x,x
0.7745730588322507,0.7584986484369763,357,376,380,x,x
0.7862695945875048,0.7911193738865485,244,361,373,x,x
0.7437445353374882,0.7321703348237364,710,365,373,x,x
0.8263007098855423,0.7080139551768001,369,358,362,x,x
0.8851614287337467,0.4737507058304501,375,362,358,x,x
0.9654293174624501,0.6228321441620641,377,390,389,x,x
0.9807666631513742,0.6549806546963107,703,365,366,x,x
1.0,0.5625,392,391,396,x,x
0.9603514369258946,0.5445404913975872,462,231,382,x,x
0.9179240533668958,0.5184279978732201,387,381,385,x,x
1.0,0.53125,381,380,376,x,x
0.9727105674982387,0.515625,231,462,378,x,x
0.7641989643966599,0.2640279991306746,383,376,244,x,x
0.7373905407896716,0.27859610992519734,381,383,385,x,x
0.7841382160708786,0.3842519202246075,464,465,443,x,x
0.8205996275912404,0.47848402269587403,444,115,360,x,x
0.6696725517702227,0.13638811565891917,388,244,373,x,x
0.745205521028382,0.1360526853491585,383,386,385,x,x
0.875,0.0,391,401,396,x,x
0.7669520615312162,0.7131910790548045,405,387,402,x,x
0.8684457783836419,0.5069822177849016,388,383,244,x,x
0.8530491869590462,0.47841784741135573,386,392,396,x,x
0.8367550752539124,0.44445344557700855,389,386,388,x,x
0.8282738347885388,0.3987715046102454,399,392,393,x,x
1.0,0.59375,385,386,396,x,x
0.9046422882500802,0.5450358551454516,387,374,445,x,x
0.8389497234946444,0.2037690080550595,389,388,242,x,x
0.7798880613778635,0.4137850044524861,383,388,386,x,x
0.7527637592279092,0.3975663958658453,377,389,242,x,x
0.8065373791479873,0.3187715652460039,379,393,367,x,x
0.799234444520968,0.5102947928380724,393,392,390,x,x
0.8083542699504174,0.5408332741619108,397,398,395,x,x
0.836792700126113,0.5556149809313462,402,396,401,x,x
0.7637487076053527,0.17642573546910206,390,392,389,x,x
0.823179056016374,0.10335409103308182,667,671,538,x,x
0.8125,0.0,367,393,390,x,x
0.8901214359090168,0.41091724964887166,398,397,384,x,x
0.793076266053323,0.22335671120659423,395,379,707,x,x
0.8169346832039182,0.35889948769402813,352,707,705,x,x
0.8828717677306025,0.32040397464573994,392,399,391,x,x
0.8656350598424902,0.3665980220702845,384,400,404,x,x
0.8444743614496232,0.3303528950908379,385,396,402,x,x
0.8430779501119128,0.26700133778349705,400,406,407,x,x
0.8333377886500182,0.29890720161309847,395,394,397,x,x
0.7991253076888815,0.28076007842847567,399,398,391,x,x
0.866009354230357,0.2914414541468898,393,395,399,x,x
0.8978692362763966,0.23857034246720266,398,399,395,x,x
0.9127889104191491,0.2835957306204234,403,405,406,x,x
0.7734658345425949,0.30549196591746447,387,405,374,x,x
0.7767430334620118,0.345150947124858,398,401,391,x,x
0.7596047437702171,0.3686421321425341,398,404,401,x,x
0.7393146302092324,0.3423143645740914,401,404,407,x,x
0.7922402765212219,0.13889473530974106,402,387,385,x,x
0.7833623613428237,0.08476276922128305,408,403,406,x,x
0.8044462038934256,0.04462095741165008,404,398,384,x,x
0.7642209734096715,0.11036088276776874,406,405,402,x,x
0.8567897622086604,0.4171055580653588,374,405,403,x,x
0.8785811407370786,0.44161876781808157,402,401,407,x,x
0.9209551849230047,0.44002692999849236,408,409,2,x,x
0.9427905088651883,0.3860135686923713,400,407,404,x,x
0.9245198918330781,0.47942387675619214,402,407,406,x,x
1.0,0.4375,298,410,295,x,x
0.9213210422511112,0.4087545997546127,409,408,406,x,x
0.9032870720341137,0.3747192588899746,406,400,409,x,x
0.9539107755585663,0.4904750456596326,296,299,410,x,x
0.9496141375142203,0.4572935601370717,180,81,411,x,x
1.0,0.3125,188,411,446,x,x
0.9497053367472453,0.42472497495476874,188,176,412,x,x
1.0,0.46875,413,412,176,x,x
0.9018072192145382,0.3442811280114102,327,413,176,x,x
0.914014130560237,0.3151537754003896,186,413,326,x,x
0.9565093769005696,0.29770111909924424,245,414,226,x,x
0.9672171849205676,0.35880398869608243,372,414,246,x,x
0.9558437805605023,0.3293074250444704,418,417,415,x,x
1.0,0.34375,507,418,470,x,x
0.9751864769218495,0.4002001203980491,525,600,526,x,x
0.7661747446842837,0.23484350649721392,418,416,417,x,x
0.7706049619238288,0.2047702108168444,447,449,450,x,x
0.8044450022159644,0.1815831640524772,262,417,416,x,x
0.8486200532995832,0.15080434433666717,448,451,450,x,x
0.8328734067851861,0.17529444933289498,469,470,418,x,x
0.8194748446270379,0.14937200098932352,472,419,343,x,x
0.8704656587288292,0.18215807215014218,261,419,278,x,x
0.8710192658909708,0.21675124353995784,509,452,472,x,x
1.0,0.125,529,532,519,x,x
1.0,0.28125,51,421,53,x,x
0.9151243659873289,0.12775497628598165,156,421,276,x,x
0.92251710998228,0.22365564293217127,432,300,4,x,x
0.8851227673041029,0.14865849024704458,423,422,297,x,x
0.9293607621027592,0.25552583993474925,477,425,423,x,x
0.9636645558771153,0.26326971862880927,423,284,433,x,x
1.0,0.1875,537,424,477,x,x
0.8646340944521619,0.11167286475855939,495,496,455,x,x
0.9258718559699299,0.1751617564517815,477,423,297,x,x
0.8531520777465577,0.06144026149959738,427,425,424,x,x
0.8257563311819127,0.2363812842612097,427,428,426,x,x
0.8860375658793798,0.2674754968191458,435,461,434,x,x
0.8647901759923886,0.24618095116269567,428,427,424,x,x
0.7797884775993075,0.019180223911965964,427,426,429,x,x
0.9679967122662627,0.21875,537,477,454,x,x
0.9005825116342457,0.1977752532543179,483,481,428,x,x
0.9580995844828358,0.1429338165385804,430,429,426,x,x
0.8225214063202055,0.07120987198820064,430,437,461,x,x
0.8375925579560708,0.02756635341219118,455,430,426,x,x
0.9037029080257682,0.07631406939882601,480,437,430,x,x
1.0,0.21875,247,500,431,x,x
0.9430467697535343,0.2007128771463898,346,456,458,x,x
1.0,0.15625,422,432,297,x,x
0.9719681026230363,0.171875,4,117,432,x,x
0.8742590424269142,0.08304425925063888,159,433,67,x,x
0.8829773323883234,0.05341386472423117,284,237,433,x,x
0.8948309812903344,0.10527231936096092,108,237,434,x,x
0.9375,0.0,435,434,237,x,x
0.9248047936772267,0.0986172143318916,284,435,237,x,x
0.9221107308567572,0.03882544576317608,461,429,430,x,x
0.9345956248133904,0.068219486698457,110,461,437,x,x
1.0,0.0625,301,436,347,x,x
0.9680315764902025,0.09576453469179166,430,479,480,x,x
0.964905023731036,0.037997349390465854,347,436,437,x,x
0.90625,0.0,349,438,116,x,x
0.9476665059916681,0.11610673734147046,107,438,114,x,x
1.0,0.03125,230,439,227,x,x
0.96875,0.0,371,439,372,x,x
0.8671256987692009,0.028478660259906797,375,440,363,x,x
0.3575787325036574,0.8513528700368496,441,358,368,x,x
0.3293879349018187,0.8409158565715908,371,440,441,x,x
0.37531727874656595,0.8216289317013205,358,441,440,x,x
0.550928106158824,0.3399955258391824,444,382,464,x,x
0.5119022739330742,0.26494355039950823,368,369,442,x,x
0.39393645305210545,0.8483858927377884,466,115,464,x,x
x,x,374,378,445,x,x
x,x,463,378,462,x,x
x,x,451,471,342,x,x
x,x,411,81,446,x,x
x,x,447,450,468,x,x
x,x,449,448,450,x,x
x,x,447,11,449,x,x
x,x,415,468,418,x,x
x,x,610,612,637,x,x
x,x,468,469,418,x,x
x,x,262,511,343,x,x
x,x,475,518,520,x,x
x,x,519,535,536,x,x
x,x,561,563,638,x,x
x,x,117,458,459,x,x
x,x,478,498,454,x,x
x,x,428,481,426,x,x
x,x,455,426,481,x,x
x,x,457,456,295,x,x
x,x,458,456,431,x,x
x,x,285,457,295,x,x
x,x,460,457,283,x,x
x,x,459,458,431,x,x
x,x,117,346,458,x,x
x,x,503,500,247,x,x
x,x,499,454,498,x,x
x,x,345,460,283,x,x
x,x,431,460,247,x,x
x,x,434,461,110,x,x
x,x,429,461,435,x,x
x,x,382,380,462,x,x
x,x,463,462,380,x,x
x,x,380,381,463,x,x
x,x,445,463,381,x,x
x,x,465,382,231,x,x
x,x,466,464,443,x,x
x,x,354,466,443,x,x
x,x,382,465,464,x,x
x,x,115,466,364,x,x
x,x,506,470,451,x,x
x,x,508,512,473,x,x
x,x,447,468,415,x,x
x,x,469,468,450,x,x
x,x,450,451,469,x,x
x,x,470,469,451,x,x
x,x,506,451,342,x,x
x,x,608,603,606,x,x
x,x,419,472,278,x,x
x,x,451,448,471,x,x
x,x,509,472,343,x,x
x,x,510,507,508,x,x
x,x,508,507,513,x,x
x,x,515,272,278,x,x
x,x,560,559,474,x,x
x,x,475,517,518,x,x
x,x,515,453,474,x,x
x,x,543,545,499,x,x
x,x,483,486,482,x,x
x,x,425,477,424,x,x
x,x,478,477,297,x,x
x,x,432,478,297,x,x
x,x,498,478,117,x,x
x,x,479,351,480,x,x
x,x,430,455,479,x,x
x,x,239,480,351,x,x
x,x,347,437,480,x,x
x,x,486,428,548,x,x
x,x,495,483,497,x,x
x,x,492,485,497,x,x
x,x,616,485,492,x,x
x,x,476,546,548,x,x
x,x,483,482,497,x,x
x,x,476,537,499,x,x
x,x,482,486,488,x,x
x,x,490,492,482,x,x
x,x,496,351,455,x,x
x,x,428,486,483,x,x
x,x,484,550,488,x,x
x,x,499,498,542,x,x
x,x,489,491,494,x,x
x,x,484,488,486,x,x
x,x,491,490,488,x,x
x,x,490,491,489,x,x
x,x,663,615,489,x,x
x,x,491,488,487,x,x
x,x,490,489,492,x,x
x,x,487,739,740,x,x
x,x,741,491,740,x,x
x,x,615,492,489,x,x
x,x,496,485,540,x,x
x,x,547,484,546,x,x
x,x,554,544,552,x,x
x,x,702,379,367,x,x
x,x,701,703,673,x,x
x,x,483,495,481,x,x
x,x,495,485,496,x,x
x,x,485,616,540,x,x
x,x,350,351,496,x,x
x,x,492,497,482,x,x
x,x,495,497,485,x,x
x,x,117,459,498,x,x
x,x,459,542,498,x,x
x,x,500,459,431,x,x
x,x,503,502,500,x,x
x,x,247,504,503,x,x
x,x,500,502,542,x,x
x,x,621,501,684,x,x
x,x,476,545,546,x,x
x,x,621,557,620,x,x
x,x,542,543,499,x,x
x,x,247,836,504,x,x
x,x,502,503,501,x,x
x,x,334,683,684,x,x
x,x,501,503,504,x,x
x,x,837,644,656,x,x
x,x,757,758,760,x,x
x,x,608,611,467,x,x
x,x,658,470,506,x,x
x,x,470,513,507,x,x
x,x,418,507,416,x,x
x,x,526,523,512,x,x
x,x,510,508,473,x,x
x,x,512,420,514,x,x
x,x,600,523,526,x,x
x,x,511,510,473,x,x
x,x,507,510,416,x,x
x,x,511,473,509,x,x
x,x,416,511,262,x,x
x,x,525,526,527,x,x
x,x,514,452,509,x,x
x,x,511,509,343,x,x
x,x,514,473,512,x,x
x,x,517,515,278,x,x
x,x,452,514,420,x,x
x,x,453,515,475,x,x
x,x,519,532,535,x,x
x,x,640,565,567,x,x
x,x,518,517,452,x,x
x,x,515,517,475,x,x
x,x,452,420,518,x,x
x,x,518,420,520,x,x
x,x,522,521,529,x,x
x,x,520,522,529,x,x
x,x,522,520,420,x,x
x,x,475,520,519,x,x
x,x,522,420,523,x,x
x,x,529,530,532,x,x
x,x,523,420,512,x,x
x,x,601,279,614,x,x
x,x,607,513,609,x,x
x,x,521,522,523,x,x
x,x,563,689,638,x,x
x,x,519,520,529,x,x
x,x,525,606,603,x,x
x,x,601,614,521,x,x
x,x,527,512,508,x,x
x,x,603,528,602,x,x
x,x,512,527,526,x,x
x,x,508,513,527,x,x
x,x,600,603,602,x,x
x,x,521,523,600,x,x
x,x,530,700,570,x,x
x,x,614,529,521,x,x
x,x,661,529,614,x,x
x,x,571,569,573,x,x
x,x,536,535,534,x,x
x,x,661,660,533,x,x
x,x,531,534,535,x,x
x,x,662,700,661,x,x
x,x,531,530,570,x,x
x,x,566,569,571,x,x
x,x,453,562,560,x,x
x,x,531,535,532,x,x
x,x,536,534,453,x,x
x,x,453,475,536,x,x
x,x,475,519,536,x,x
x,x,499,537,454,x,x
x,x,428,537,476,x,x
x,x,665,667,666,x,x
x,x,712,673,708,x,x
x,x,539,616,617,x,x
x,x,681,728,617,x,x
x,x,539,350,540,x,x
x,x,350,496,540,x,x
x,x,501,620,502,x,x
x,x,488,550,487,x,x
x,x,500,542,459,x,x
x,x,543,542,502,x,x
x,x,544,543,502,x,x
x,x,543,554,545,x,x
x,x,552,556,549,x,x
x,x,551,547,541,x,x
x,x,546,545,541,x,x
x,x,476,499,545,x,x
x,x,547,546,541,x,x
x,x,548,546,484,x,x
x,x,552,551,541,x,x
x,x,484,547,550,x,x
x,x,486,548,484,x,x
x,x,476,548,428,x,x
x,x,556,557,555,x,x
x,x,724,553,682,x,x
x,x,553,547,551,x,x
x,x,547,553,550,x,x
x,x,541,554,552,x,x
x,x,551,549,553,x,x
x,x,556,552,544,x,x
x,x,549,551,552,x,x
x,x,682,553,549,x,x
x,x,724,739,553,x,x
x,x,545,554,541,x,x
x,x,544,554,543,x,x
x,x,592,598,599,x,x
x,x,675,493,729,x,x
x,x,557,556,544,x,x
x,x,556,555,737,x,x
x,x,620,557,544,x,x
x,x,596,598,592,x,x
x,x,560,474,453,x,x
x,x,635,558,636,x,x
x,x,561,559,516,x,x
x,x,562,453,534,x,x
x,x,516,559,560,x,x
x,x,561,516,563,x,x
x,x,276,561,156,x,x
x,x,516,640,567,x,x
x,x,560,562,640,x,x
x,x,565,562,534,x,x
x,x,583,567,564,x,x
x,x,565,534,566,x,x
x,x,571,575,564,x,x
x,x,566,534,531,x,x
x,x,565,564,567,x,x
x,x,569,566,531,x,x
x,x,564,565,566,x,x
x,x,564,575,583,x,x
x,x,563,516,567,x,x
x,x,568,573,642,x,x
x,x,571,564,566,x,x
x,x,570,569,531,x,x
x,x,568,642,574,x,x
x,x,531,532,530,x,x
x,x,575,571,578,x,x
x,x,642,569,570,x,x
x,x,837,699,282,x,x
x,x,568,641,573,x,x
x,x,650,584,582,x,x
x,x,641,576,573,x,x
x,x,573,576,578,x,x
x,x,570,524,574,x,x
x,x,572,577,583,x,x
x,x,575,579,572,x,x
x,x,578,579,575,x,x
x,x,650,595,651,x,x
x,x,644,689,643,x,x
x,x,573,578,571,x,x
x,x,578,576,579,x,x
x,x,595,650,593,x,x
x,x,624,628,722,x,x
x,x,584,589,588,x,x
x,x,12,586,585,x,x
x,x,579,584,650,x,x
x,x,582,584,588,x,x
x,x,581,645,646,x,x
x,x,572,583,575,x,x
x,x,583,577,643,x,x
x,x,582,588,590,x,x
x,x,585,576,641,x,x
x,x,587,645,591,x,x
x,x,589,587,588,x,x
x,x,576,585,584,x,x
x,x,587,591,590,x,x
x,x,589,584,585,x,x
x,x,590,588,587,x,x
x,x,585,586,589,x,x
x,x,589,586,646,x,x
x,x,691,591,690,x,x
x,x,655,656,644,x,x
x,x,648,649,594,x,x
x,x,596,592,593,x,x
x,x,582,590,593,x,x
x,x,648,590,591,x,x
x,x,590,648,596,x,x
x,x,593,592,595,x,x
x,x,629,785,631,x,x
x,x,622,557,621,x,x
x,x,652,653,654,x,x
x,x,650,651,572,x,x
x,x,590,596,593,x,x
x,x,725,598,596,x,x
x,x,629,686,634,x,x
x,x,622,626,557,x,x
x,x,725,596,594,x,x
x,x,599,598,597,x,x
x,x,632,633,597,x,x
x,x,627,599,633,x,x
x,x,521,600,601,x,x
x,x,602,279,601,x,x
x,x,602,601,600,x,x
x,x,603,600,525,x,x
x,x,279,602,528,x,x
x,x,607,527,513,x,x
x,x,605,528,603,x,x
x,x,609,604,607,x,x
x,x,611,613,610,x,x
x,x,607,525,527,x,x
x,x,608,605,603,x,x
x,x,608,606,604,x,x
x,x,604,606,607,x,x
x,x,607,606,525,x,x
x,x,612,604,609,x,x
x,x,608,467,605,x,x
x,x,658,513,470,x,x
x,x,506,635,636,x,x
x,x,609,658,659,x,x
x,x,608,613,611,x,x
x,x,613,608,604,x,x
x,x,612,636,637,x,x
x,x,604,612,613,x,x
x,x,610,613,612,x,x
x,x,614,660,661,x,x
x,x,663,489,494,x,x
x,x,617,615,681,x,x
x,x,617,616,492,x,x
x,x,540,616,539,x,x
x,x,492,615,617,x,x
x,x,681,615,538,x,x
x,x,671,673,712,x,x
x,x,708,709,618,x,x
x,x,557,626,760,x,x
x,x,746,721,785,x,x
x,x,502,620,544,x,x
x,x,621,620,501,x,x
x,x,684,501,504,x,x
x,x,621,505,622,x,x
x,x,627,623,625,x,x
x,x,505,625,622,x,x
x,x,598,725,597,x,x
x,x,622,628,626,x,x
x,x,623,631,628,x,x
x,x,721,722,631,x,x
x,x,625,505,627,x,x
x,x,628,625,623,x,x
x,x,628,622,625,x,x
x,x,626,624,760,x,x
x,x,505,683,627,x,x
x,x,656,657,699,x,x
x,x,686,631,632,x,x
x,x,626,628,624,x,x
x,x,788,797,791,x,x
x,x,765,731,732,x,x
x,x,634,687,726,x,x
x,x,768,781,784,x,x
x,x,632,631,623,x,x
x,x,726,742,634,x,x
x,x,633,632,623,x,x
x,x,632,597,634,x,x
x,x,627,633,623,x,x
x,x,597,633,599,x,x
x,x,634,597,687,x,x
x,x,726,687,697,x,x
x,x,637,636,558,x,x
x,x,506,342,635,x,x
x,x,659,636,612,x,x
x,x,558,0,637,x,x
x,x,610,637,688,x,x
x,x,639,638,344,x,x
x,x,561,638,156,x,x
x,x,281,639,344,x,x
x,x,268,639,273,x,x
x,x,560,640,516,x,x
x,x,565,640,562,x,x
x,x,568,12,641,x,x
x,x,641,12,585,x,x
x,x,569,642,573,x,x
x,x,570,574,642,x,x
x,x,583,643,567,x,x
x,x,643,577,644,x,x
x,x,572,651,577,x,x
x,x,655,651,653,x,x
x,x,587,589,646,x,x
x,x,581,591,645,x,x
x,x,649,648,591,x,x
x,x,587,646,645,x,x
x,x,690,647,691,x,x
x,x,596,648,594,x,x
x,x,692,649,691,x,x
x,x,694,697,695,x,x
x,x,579,650,572,x,x
x,x,593,650,582,x,x
x,x,653,651,595,x,x
x,x,577,651,655,x,x
x,x,595,654,653,x,x
x,x,698,627,657,x,x
x,x,654,595,592,x,x
x,x,655,653,652,x,x
x,x,592,599,654,x,x
x,x,698,654,599,x,x
x,x,656,655,652,x,x
x,x,655,644,577,x,x
x,x,656,652,657,x,x
x,x,837,282,281,x,x
x,x,698,657,652,x,x
x,x,657,627,683,x,x
x,x,506,636,659,x,x
x,x,513,658,609,x,x
x,x,609,659,612,x,x
x,x,506,659,658,x,x
x,x,524,570,700,x,x
x,x,614,279,660,x,x
x,x,529,661,530,x,x
x,x,665,663,494,x,x
x,x,661,533,662,x,x
x,x,615,663,666,x,x
x,x,701,702,367,x,x
x,x,665,666,663,x,x
x,x,719,720,236,x,x
x,x,676,669,677,x,x
x,x,672,671,667,x,x
x,x,704,672,680,x,x
x,x,665,678,667,x,x
x,x,666,667,538,x,x
x,x,494,675,674,x,x
x,x,615,666,538,x,x
x,x,665,674,676,x,x
x,x,665,494,674,x,x
x,x,702,704,705,x,x
x,x,667,678,672,x,x
x,x,671,664,673,x,x
x,x,672,670,680,x,x
x,x,664,671,672,x,x
x,x,701,673,664,x,x
x,x,673,703,708,x,x
x,x,494,741,675,x,x
x,x,676,674,669,x,x
x,x,493,739,724,x,x
x,x,674,675,734,x,x
x,x,717,716,677,x,x
x,x,676,670,678,x,x
x,x,714,733,668,x,x
x,x,677,733,714,x,x
x,x,676,678,665,x,x
x,x,672,678,670,x,x
x,x,670,714,715,x,x
x,x,680,670,715,x,x
x,x,352,706,679,x,x
x,x,712,681,538,x,x
x,x,681,618,728,x,x
x,x,737,723,736,x,x
x,x,765,766,731,x,x
x,x,684,683,505,x,x
x,x,683,334,699,x,x
x,x,621,684,505,x,x
x,x,334,684,504,x,x
x,x,773,236,720,x,x
x,x,730,731,766,x,x
x,x,631,686,629,x,x
x,x,632,634,686,x,x
x,x,695,697,649,x,x
x,x,649,692,695,x,x
x,x,638,689,344,x,x
x,x,637,0,688,x,x
x,x,643,689,563,x,x
x,x,692,691,647,x,x
x,x,591,581,690,x,x
x,x,591,691,649,x,x
x,x,693,580,692,x,x
x,x,696,692,580,x,x
x,x,695,696,694,x,x
x,x,692,647,693,x,x
x,x,787,735,746,x,x
x,x,696,695,692,x,x
x,x,694,726,697,x,x
x,x,780,798,799,x,x
x,x,732,747,749,x,x
x,x,687,594,697,x,x
x,x,649,697,594,x,x
x,x,654,698,652,x,x
x,x,627,698,599,x,x
x,x,683,699,657,x,x
x,x,334,282,699,x,x
x,x,661,700,530,x,x
x,x,524,700,662,x,x
x,x,701,664,702,x,x
x,x,703,701,367,x,x
x,x,664,704,702,x,x
x,x,705,379,702,x,x
x,x,377,703,367,x,x
x,x,703,366,708,x,x
x,x,672,704,664,x,x
x,x,679,706,680,x,x
x,x,704,680,706,x,x
x,x,707,352,394,x,x
x,x,352,705,706,x,x
x,x,706,705,704,x,x
x,x,395,707,394,x,x
x,x,379,705,707,x,x
x,x,709,708,366,x,x
x,x,712,708,618,x,x
x,x,710,709,366,x,x
x,x,350,711,235,x,x
x,x,365,710,366,x,x
x,x,355,710,243,x,x
x,x,350,539,711,x,x
x,x,728,711,539,x,x
x,x,681,712,618,x,x
x,x,671,712,538,x,x
x,x,549,736,682,x,x
x,x,717,677,669,x,x
x,x,714,668,715,x,x
x,x,676,714,670,x,x
x,x,668,679,715,x,x
x,x,679,680,715,x,x
x,x,718,717,669,x,x
x,x,669,734,718,x,x
x,x,719,716,717,x,x
x,x,718,734,729,x,x
x,x,718,769,773,x,x
x,x,717,718,720,x,x
x,x,720,719,717,x,x
x,x,713,767,769,x,x
x,x,757,722,721,x,x
x,x,631,722,628,x,x
x,x,757,721,753,x,x
x,x,732,723,747,x,x
x,x,724,731,730,x,x
x,x,493,730,729,x,x
x,x,594,687,725,x,x
x,x,597,725,687,x,x
x,x,762,694,696,x,x
x,x,778,748,779,x,x
x,x,617,728,539,x,x
x,x,803,818,743,x,x
x,x,709,728,618,x,x
x,x,730,493,724,x,x
x,x,718,729,713,x,x
x,x,731,724,682,x,x
x,x,713,729,730,x,x
x,x,732,682,736,x,x
x,x,731,682,732,x,x
x,x,758,757,738,x,x
x,x,767,713,766,x,x
x,x,674,734,669,x,x
x,x,677,716,733,x,x
x,x,729,734,675,x,x
x,x,634,742,629,x,x
x,x,764,761,726,x,x
x,x,737,736,549,x,x
x,x,732,736,723,x,x
x,x,556,737,549,x,x
x,x,737,555,759,x,x
x,x,746,804,753,x,x
x,x,748,750,754,x,x
x,x,740,739,493,x,x
x,x,739,487,550,x,x
x,x,741,740,493,x,x
x,x,487,740,491,x,x
x,x,675,741,493,x,x
x,x,491,741,494,x,x
x,x,761,742,726,x,x
x,x,787,746,786,x,x
x,x,762,696,763,x,x
x,x,797,795,802,x,x
x,x,750,749,747,x,x
x,x,807,763,696,x,x
x,x,774,767,776,x,x
x,x,742,786,629,x,x
x,x,746,735,804,x,x
x,x,758,747,723,x,x
x,x,747,738,750,x,x
x,x,750,738,752,x,x
x,x,770,774,776,x,x
x,x,771,772,768,x,x
x,x,765,749,745,x,x
x,x,752,738,753,x,x
x,x,749,750,748,x,x
x,x,805,751,806,x,x
x,x,752,754,750,x,x
x,x,738,757,753,x,x
x,x,752,751,754,x,x
x,x,746,753,721,x,x
x,x,751,752,753,x,x
x,x,792,806,804,x,x
x,x,754,805,756,x,x
x,x,789,735,787,x,x
x,x,754,756,748,x,x
x,x,755,796,798,x,x
x,x,619,784,781,x,x
x,x,738,747,758,x,x
x,x,757,624,722,x,x
x,x,723,759,758,x,x
x,x,759,760,758,x,x
x,x,737,759,723,x,x
x,x,760,759,555,x,x
x,x,760,555,557,x,x
x,x,760,624,757,x,x
x,x,764,726,694,x,x
x,x,787,790,789,x,x
x,x,580,807,696,x,x
x,x,761,762,743,x,x
x,x,812,803,811,x,x
x,x,762,763,811,x,x
x,x,694,762,764,x,x
x,x,761,764,762,x,x
x,x,749,765,732,x,x
x,x,766,765,745,x,x
x,x,767,766,745,x,x
x,x,766,713,730,x,x
x,x,767,745,771,x,x
x,x,776,771,768,x,x
x,x,745,772,771,x,x
x,x,779,780,782,x,x
x,x,767,774,769,x,x
x,x,713,769,718,x,x
x,x,772,778,685,x,x
x,x,773,777,236,x,x
x,x,772,745,749,x,x
x,x,776,768,784,x,x
x,x,748,778,749,x,x
x,x,783,782,775,x,x
x,x,774,773,769,x,x
x,x,718,773,720,x,x
x,x,685,781,768,x,x
x,x,777,773,774,x,x
x,x,685,768,772,x,x
x,x,776,767,771,x,x
x,x,749,778,772,x,x
x,x,774,770,777,x,x
x,x,779,748,756,x,x
x,x,779,756,780,x,x
x,x,685,778,779,x,x
x,x,780,756,798,x,x
x,x,780,799,794,x,x
x,x,782,781,685,x,x
x,x,783,619,781,x,x
x,x,779,782,685,x,x
x,x,775,782,780,x,x
x,x,619,770,784,x,x
x,x,782,783,781,x,x
x,x,770,776,784,x,x
x,x,631,785,721,x,x
x,x,786,785,629,x,x
x,x,786,742,787,x,x
x,x,785,786,746,x,x
x,x,742,761,787,x,x
x,x,790,743,788,x,x
x,x,820,801,818,x,x
x,x,789,791,735,x,x
x,x,790,787,761,x,x
x,x,791,789,788,x,x
x,x,743,790,761,x,x
x,x,788,789,790,x,x
x,x,798,808,799,x,x
x,x,792,791,809,x,x
x,x,755,805,806,x,x
x,x,735,791,792,x,x
x,x,797,801,820,x,x
x,x,799,630,794,x,x
x,x,809,755,792,x,x
x,x,801,788,743,x,x
x,x,795,822,829,x,x
x,x,814,630,808,x,x
x,x,808,630,799,x,x
x,x,797,802,809,x,x
x,x,743,818,801,x,x
x,x,788,801,797,x,x
x,x,817,808,815,x,x
x,x,798,756,805,x,x
x,x,808,798,796,x,x
x,x,780,794,775,x,x
x,x,809,802,815,x,x
x,x,803,743,811,x,x
x,x,817,810,816,x,x
x,x,810,802,795,x,x
x,x,812,763,744,x,x
x,x,819,813,818,x,x
x,x,792,804,735,x,x
x,x,753,804,751,x,x
x,x,751,805,754,x,x
x,x,798,805,755,x,x
x,x,804,806,751,x,x
x,x,755,806,792,x,x
x,x,580,744,807,x,x
x,x,744,763,807,x,x
x,x,815,808,796,x,x
x,x,809,796,755,x,x
x,x,797,809,791,x,x
x,x,795,820,822,x,x
x,x,817,816,800,x,x
x,x,762,811,743,x,x
x,x,812,811,763,x,x
x,x,744,727,812,x,x
x,x,795,829,810,x,x
x,x,828,823,832,x,x
x,x,824,822,813,x,x
x,x,809,815,796,x,x
x,x,808,800,814,x,x
x,x,802,810,817,x,x
x,x,808,817,800,x,x
x,x,810,793,816,x,x
x,x,802,817,815,x,x
x,x,819,818,803,x,x
x,x,820,818,813,x,x
x,x,832,803,812,x,x
x,x,793,810,826,x,x
x,x,822,820,813,x,x
x,x,820,795,797,x,x
x,x,813,819,823,x,x
x,x,832,823,819,x,x
x,x,810,829,826,x,x
x,x,827,830,825,x,x
x,x,813,823,824,x,x
x,x,825,826,827,x,x
x,x,822,824,826,x,x
x,x,827,826,824,x,x
x,x,827,824,823,x,x
x,x,825,793,826,x,x
x,x,823,821,827,x,x
x,x,830,831,3,x,x
x,x,727,832,812,x,x
x,x,821,823,828,x,x
x,x,822,826,829,x,x
x,x,828,832,727,x,x
x,x,831,830,827,x,x
x,x,827,821,831,x,x
x,x,803,832,819,x,x
x,x,835,833,98,x,x
x,x,201,833,199,x,x
x,x,98,833,834,x,x
x,x,182,834,833,x,x
x,x,160,835,98,x,x
x,x,91,222,838,x,x
x,x,282,836,345,x,x
x,x,504,836,334,x,x
x,x,837,344,689,x,x
x,x,699,837,656,x,x
x,x,833,838,199,x,x
x,x,838,835,91,x,x
