0.0,0.02040816326530612,192,191,268,0,1
0.0,0.04081632653061224,0,195,194,1,2
0.0,0.061224489795918366,0,194,196,2,3
0.0,0.08163265306122448,192,215,193,3,4
0.0,0.1020408163265306,6,216,7,4,5
0.0,0.12244897959183673,1,214,2,5,6
0.0,0.14285714285714285,267,2,214,6,7
0.0,0.16326530612244897,363,177,297,7,8
0.0,0.18367346938775508,1,0,196,8,9
0.0,0.2040816326530612,336,185,184,9,10
0.0,0.22448979591836732,241,170,204,10,11
0.0,0.24489795918367346,5,4,217,11,12
0.0,0.26530612244897955,197,6,5,12,13
0.0,0.2857142857142857,255,209,73,13,14
0.0,0.3061224489795918,852,455,393,14,15
0.0,0.32653061224489793,216,269,7,15,16
0.0,0.3469387755102041,272,425,220,16,17
0.0,0.36734693877551017,231,37,36,17,18
0.0,0.3877551020408163,216,6,197,18,19
0.0,0.4081632653061224,29,28,282,19,20
0.0,0.42857142857142855,327,3,267,20,21
0.0,0.44897959183673464,13,219,14,21,22
0.0,0.4693877551020408,233,42,41,22,23
0.0,0.4897959183673469,10,272,11,23,24
0.0,0.5102040816326531,12,11,220,24,25
0.0,0.5306122448979591,233,202,42,25,26
0.0,0.5510204081632653,286,350,203,26,27
0.0,0.5714285714285714,198,219,13,27,28
0.0,0.5918367346938775,219,271,14,28,29
0.0,0.6122448979591836,294,124,358,29,30
0.0,0.6326530612244897,13,12,198,30,31
0.0,0.6530612244897959,286,44,232,31,32
0.0,0.673469387755102,129,128,292,32,33
0.0,0.6938775510204082,276,395,223,33,34
0.0,0.7142857142857142,334,16,15,34,35
0.0,0.7346938775510203,291,405,237,35,36
0.0,0.7551020408163265,243,205,160,36,37
0.0,0.7755102040816326,19,276,20,37,38
0.0,0.7959183673469387,21,20,223,38,39
0.0,0.8163265306122448,140,370,141,39,40
0.0,0.836734693877551,199,21,223,40,41
0.0,0.8571428571428571,307,136,371,41,42
0.0,0.8775510204081632,271,334,15,42,43
0.0,0.8979591836734693,335,490,508,43,44
0.0,0.9183673469387754,198,12,220,44,45
0.0,0.9387755102040816,201,231,349,45,46
0.0,0.9591836734693877,1,196,214,46,47
0.0,0.9795918367346939,406,293,238,47,48
0.0,1.0,244,132,304,48,49
0.02040816326530612,1.0,215,192,268,49,50
0.04081632653061224,1.0,190,189,218,50,51
0.061224489795918366,1.0,166,404,354,51,52
0.08163265306122448,1.0,366,164,163,52,53
0.1020408163265306,1.0,385,217,327,53,54
0.12244897959183673,1.0,238,408,570,54,55
0.14285714285714285,1.0,327,267,385,55,56
0.16326530612244897,1.0,185,336,273,56,57
0.18367346938775508,1.0,402,203,350,57,58
0.2040816326530612,1.0,56,352,57,58,59
0.22448979591836732,1.0,270,218,189,59,60
0.24489795918367346,1.0,425,272,386,60,61
0.26530612244897955,1.0,402,235,203,61,62
0.2857142857142857,1.0,51,290,52,62,63
0.3061224489795918,1.0,218,270,389,63,64
0.32653061224489793,1.0,289,234,403,64,65
0.3469387755102041,1.0,221,184,183,65,66
0.36734693877551017,1.0,52,353,53,66,67
0.3877551020408163,1.0,186,185,273,67,68
0.4081632653061224,1.0,179,178,296,68,69
0.42857142857142855,1.0,40,229,287,69,70
0.44897959183673464,1.0,203,45,286,70,71
0.4693877551020408,1.0,177,176,297,71,72
0.4897959183673469,1.0,239,176,175,72,73
0.5102040816326531,1.0,239,297,176,73,74
0.5306122448979591,1.0,349,285,280,74,75
0.5510204081632653,1.0,175,174,298,75,76
0.5714285714285714,1.0,350,286,232,76,77
0.5918367346938775,1.0,183,274,221,77,78
0.6122448979591836,1.0,364,174,173,78,79
0.6326530612244897,1.0,352,403,284,79,80
0.6530612244897959,1.0,55,289,56,80,81
0.673469387755102,1.0,240,299,172,81,82
0.6938775510204082,1.0,240,172,171,82,83
0.7142857142857142,1.0,396,431,342,83,84
0.7346938775510203,1.0,171,170,241,84,85
0.7551020408163265,1.0,338,26,25,85,86
0.7755102040816326,1.0,282,28,346,86,87
0.7959183673469387,1.0,21,199,22,87,88
0.8163265306122448,1.0,60,348,61,88,89
0.836734693877551,1.0,337,274,182,89,90
0.8571428571428571,1.0,35,280,285,90,91
0.8775510204081632,1.0,222,22,199,91,92
0.8979591836734693,1.0,351,287,229,92,93
0.9183673469387754,1.0,196,194,193,93,94
0.9387755102040816,1.0,127,357,128,94,95
0.9591836734693877,1.0,206,154,245,95,96
0.9795918367346939,1.0,248,207,150,96,97
1.0,1.0,222,275,23,97,98
1.0,0.9795918367346939,24,275,339,98,99
1.0,0.9591836734693877,73,72,255,99,100
1.0,0.9387755102040816,81,80,319,100,101
1.0,0.9183673469387754,339,25,24,101,102
1.0,0.8979591836734693,227,200,30,102,103
1.0,0.8775510204081632,441,361,409,103,104
1.0,0.8571428571428571,400,227,282,104,105
1.0,0.836734693877551,359,360,477,105,106
1.0,0.8163265306122448,88,262,211,106,107
1.0,0.7959183673469387,30,200,31,107,108
1.0,0.7755102040816326,200,226,31,108,109
1.0,0.7551020408163265,265,92,91,109,110
1.0,0.7346938775510203,325,94,264,110,111
1.0,0.7142857142857142,32,226,281,111,112
1.0,0.6938775510204082,225,34,33,112,113
1.0,0.673469387755102,383,424,213,113,114
1.0,0.6530612244897959,32,31,226,114,115
1.0,0.6326530612244897,265,381,212,115,116
1.0,0.6122448979591836,30,29,227,116,117
1.0,0.5918367346938775,262,88,87,117,118
1.0,0.5714285714285714,217,197,5,118,119
1.0,0.5510204081632653,35,285,36,119,120
1.0,0.5306122448979591,37,201,38,120,121
1.0,0.5102040816326531,191,328,268,121,122
1.0,0.4897959183673469,216,387,269,122,123
1.0,0.4693877551020408,230,39,38,123,124
1.0,0.44897959183673464,40,39,229,124,125
1.0,0.42857142857142855,7,269,8,125,126
1.0,0.4081632653061224,230,38,201,126,127
1.0,0.3877551020408163,215,384,196,127,128
1.0,0.36734693877551017,196,329,214,128,129
1.0,0.3469387755102041,42,202,43,129,130
1.0,0.32653061224489793,202,232,43,130,131
1.0,0.3061224489795918,188,270,189,131,132
1.0,0.2857142857142857,276,19,340,132,133
1.0,0.26530612244897955,45,203,46,133,134
1.0,0.24489795918367346,203,236,46,134,135
1.0,0.22448979591836732,14,271,15,135,136
1.0,0.2040816326530612,44,43,232,136,137
1.0,0.18367346938775508,188,187,332,137,138
1.0,0.16326530612244897,233,41,287,138,139
1.0,0.14285714285714285,2,267,3,139,140
1.0,0.12244897959183673,225,280,34,140,141
1.0,0.1020408163265306,193,215,196,141,142
1.0,0.08163265306122448,330,8,269,142,143
1.0,0.061224489795918366,49,48,47,143,144
1.0,0.04081632653061224,46,236,47,144,145
1.0,0.02040816326530612,182,274,183,145,146
1.0,0.0,400,282,346,146,147
0.9795918367346939,0.0,49,236,50,147,148
0.9591836734693877,0.0,51,50,235,148,149
0.9387755102040816,0.0,23,275,24,149,150
0.9183673469387754,0.0,236,49,47,150,151
0.8979591836734693,0.0,182,181,337,151,152
0.8775510204081632,0.0,394,340,18,152,153
0.8571428571428571,0.0,52,290,353,153,154
0.836734693877551,0.0,54,53,288,154,155
0.8163265306122448,0.0,417,255,315,155,156
0.7959183673469387,0.0,281,345,225,156,157
0.7755102040816326,0.0,289,55,234,157,158
0.7551020408163265,0.0,56,289,352,158,159
0.7346938775510203,0.0,201,37,231,159,160
0.7142857142857142,0.0,234,55,54,160,161
0.6938775510204082,0.0,255,72,315,161,162
0.673469387755102,0.0,288,234,54,162,163
0.6530612244897959,0.0,340,19,18,163,164
0.6326530612244897,0.0,32,281,33,164,165
0.6122448979591836,0.0,58,228,59,165,166
0.5918367346938775,0.0,228,283,59,166,167
0.5714285714285714,0.0,346,28,27,167,168
0.5510204081632653,0.0,819,805,345,168,169
0.5306122448979591,0.0,348,60,283,169,170
0.5102040816326531,0.0,65,277,224,170,171
0.4897959183673469,0.0,277,342,431,171,172
0.4693877551020408,0.0,59,283,60,172,173
0.44897959183673464,0.0,399,346,27,173,174
0.42857142857142855,0.0,403,517,228,174,175
0.4081632653061224,0.0,64,277,65,175,176
0.3877551020408163,0.0,66,65,224,176,177
0.36734693877551017,0.0,561,230,201,177,178
0.3469387755102041,0.0,34,280,35,178,179
0.32653061224489793,0.0,67,66,279,179,180
0.3061224489795918,0.0,350,232,202,180,181
0.2857142857142857,0.0,68,278,69,181,182
0.26530612244897955,0.0,344,67,279,182,183
0.24489795918367346,0.0,285,349,231,183,184
0.22448979591836732,0.0,66,224,279,184,185
0.2040816326530612,0.0,229,39,230,185,186
0.18367346938775508,0.0,64,63,342,186,187
0.16326530612244897,0.0,562,462,1063,187,188
0.14285714285714285,0.0,284,58,57,188,189
0.12244897959183673,0.0,345,226,200,189,190
0.1020408163265306,0.0,222,23,22,190,191
0.08163265306122448,0.0,386,9,330,191,192
0.061224489795918366,0.0,169,204,170,192,193
0.04081632653061224,0.0,251,144,143,193,194
0.02040816326530612,0.0,169,168,237,194,195
0.0,0.0,345,281,226,195,196
0.030612244897959183,0.030612244897959183,36,285,231,196,197
0.036178043542759525,0.13265306122448978,167,291,168,197,198
0.03617804354275958,0.2755102040816326,291,237,168,198,199
0.03617804354275958,0.4591836734693877,67,344,68,199,0
0.03617804354275958,0.6428571428571428,398,279,224,x,x
0.03617804354275938,0.7857142857142856,366,163,300,x,x
0.03617804354275938,0.8877551020408163,225,805,280,x,x
0.03617804354275958,0.9489795918367346,237,204,169,x,x
0.5204081632653061,0.03617804354275938,161,242,162,x,x
0.7040816326530612,0.03617804354275938,449,278,466,x,x
0.8265306122448979,0.03617804354275958,342,277,64,x,x
0.9081632653061223,0.03617804354275958,242,161,205,x,x
0.9693877551020408,0.030612244897959197,160,159,243,x,x
0.5204081632653061,0.9638219564572407,427,219,390,x,x
0.7040816326530612,0.9638219564572407,333,17,16,x,x
0.8265306122448979,0.9638219564572404,158,301,159,x,x
0.9081632653061223,0.9638219564572404,396,63,62,x,x
0.9693877551020408,0.9693877551020408,205,161,160,x,x
0.02040816326530612,0.05102040816326531,200,347,567,x,x
0.05102040816326531,0.02040816326530612,162,242,300,x,x
0.02240614087607025,0.15306122448979592,308,156,155,x,x
0.022406140876070235,0.11224489795918366,199,393,222,x,x
0.11224489795918366,0.03617804354275955,362,179,296,x,x
0.022406140876070273,0.29591836734693877,308,247,156,x,x
0.022406140876070273,0.2551020408163265,154,153,245,x,x
0.2346938775510204,0.03617804354275958,426,270,332,x,x
0.02240614087607028,0.47959183673469385,220,335,198,x,x
0.022406140876070273,0.43877551020408156,151,250,152,x,x
0.3571428571428571,0.9638219564572406,362,180,179,x,x
0.03617804354275938,0.7040816326530612,206,155,154,x,x
0.02240614087607028,0.6632653061224489,207,151,150,x,x
0.02240614087607028,0.6224489795918366,8,330,9,x,x
0.21428571428571425,0.9638219564572404,223,20,276,x,x
0.03617804354275958,0.8265306122448979,150,149,248,x,x
0.022406140876070197,0.8061224489795917,208,148,147,x,x
0.022406140876070138,0.7653061224489796,188,332,270,x,x
0.02240614087607014,0.9081632653061223,187,388,332,x,x
0.0224061408760702,0.8673469387755102,145,208,147,x,x
0.13265306122448978,0.9638219564572404,198,390,219,x,x
0.05102040816326531,0.9733513053638578,309,248,149,x,x
0.02240614087607028,0.9693877551020408,387,330,269,x,x
0.5408163265306122,0.022406140876070138,151,207,250,x,x
0.9638219564572404,0.4183673469387755,227,29,282,x,x
0.3979591836734694,0.036178043542759476,247,157,156,x,x
0.47959183673469385,0.03617804354275958,146,145,147,x,x
0.5,0.022406140876070197,216,197,331,x,x
0.6836734693877551,0.022406140876070197,196,384,329,x,x
0.7244897959183673,0.022406140876070138,144,208,145,x,x
0.9638219564572404,0.2755102040816326,251,208,144,x,x
0.846938775510204,0.02240614087607028,3,327,4,x,x
0.9638219564572404,0.173469387755102,268,384,215,x,x
0.7857142857142856,0.03617804354275938,249,142,141,x,x
0.9285714285714285,0.02240614087607028,328,191,190,x,x
0.9638219564572404,0.09183673469387754,311,251,143,x,x
0.8877551020408163,0.022406140876070263,138,246,306,x,x
0.9795918367346939,0.05102040816326531,213,325,383,x,x
0.6020408163265305,0.9638219564572407,265,322,381,x,x
0.5612244897959183,0.9638219564572404,248,372,207,x,x
0.5408163265306122,0.9775938591239299,246,137,307,x,x
0.5,0.9775938591239298,94,325,95,x,x
0.9638219564572404,0.6836734693877551,381,555,212,x,x
0.7448979591836734,0.9638219564572404,133,303,134,x,x
0.7244897959183673,0.9775938591239299,90,322,91,x,x
0.6836734693877551,0.9775938591239298,246,138,137,x,x
0.9638219564572404,0.8265306122448979,100,326,101,x,x
0.846938775510204,0.9775938591239297,138,306,139,x,x
0.8061224489795917,0.9775938591239297,373,206,245,x,x
0.9638219564572404,0.9081632653061223,555,383,212,x,x
0.9285714285714285,0.9775938591239297,323,382,262,x,x
0.8877551020408163,0.9775938591239297,244,133,132,x,x
0.9795918367346939,0.9489795918367346,292,356,129,x,x
0.017857142857142853,0.07142857142857142,265,212,92,x,x
0.07142857142857142,0.017857142857142856,381,261,211,x,x
0.018173700668945452,0.173469387755102,357,127,293,x,x
0.13265306122448978,0.02240614087607026,85,318,86,x,x
0.018173700668945438,0.31632653061224486,369,131,130,x,x
0.01817370066894544,0.2346938775510204,126,238,293,x,x
0.19387755102040816,0.036178043542759525,559,556,558,x,x
0.2551020408163265,0.022406140876070273,81,319,259,x,x
0.018173700668945494,0.5,368,205,243,x,x
0.01817370066894544,0.4183673469387755,125,124,294,x,x
0.336734693877551,0.9775938591239298,257,84,258,x,x
0.4183673469387755,0.9638219564572404,295,360,120,x,x
0.37755102040816324,0.9775938591239298,421,256,317,x,x
0.02240614087607014,0.7244897959183673,210,257,258,x,x
0.018173700668945494,0.6836734693877551,204,237,355,x,x
0.018173700668945473,0.6020408163265305,312,80,79,x,x
0.2346938775510204,0.9775938591239297,238,126,125,x,x
0.19387755102040816,0.9775938591239297,439,317,377,x,x
0.01817370066894547,0.7448979591836734,126,293,127,x,x
0.018173700668945466,0.9285714285714285,260,105,321,x,x
0.01817370066894548,0.846938775510204,133,244,303,x,x
0.11224489795918366,0.9775938591239297,272,220,11,x,x
0.15306122448979592,0.9775938591239297,295,120,119,x,x
0.07142857142857142,0.9808147681214917,287,41,40,x,x
0.5612244897959183,0.01817370066894547,73,209,74,x,x
0.9638219564572406,0.3571428571428571,209,254,74,x,x
0.9775938591239297,0.3979591836734694,233,287,351,x,x
0.9775938591239297,0.43877551020408156,228,58,284,x,x
0.9638219564572404,0.5408163265306122,76,75,253,x,x
0.336734693877551,0.03617804354275958,77,76,314,x,x
0.37755102040816324,0.022406140876070235,402,432,290,x,x
0.4183673469387755,0.022406140876070207,75,74,254,x,x
0.4591836734693877,0.02240614087607028,351,202,233,x,x
0.6632653061224489,0.018173700668945476,203,235,236,x,x
0.7448979591836734,0.01817370066894547,78,252,313,x,x
0.9638219564572404,0.2346938775510204,78,313,79,x,x
0.9775938591239297,0.2551020408163265,236,235,50,x,x
0.9775938591239297,0.29591836734693877,165,404,166,x,x
0.9638219564572404,0.13265306122448978,82,210,83,x,x
0.9775938591239297,0.15306122448979592,210,258,83,x,x
0.9775938591239297,0.19387755102040816,358,124,123,x,x
0.8061224489795917,0.0224061408760702,82,81,259,x,x
0.9489795918367346,0.018173700668945494,354,167,166,x,x
0.8673469387755102,0.018173700668945494,82,259,210,x,x
0.9821428571428571,0.07142857142857142,51,235,290,x,x
0.6428571428571428,0.9638219564572404,239,175,298,x,x
0.6224489795918366,0.9775938591239298,85,84,257,x,x
0.5816326530612245,0.9775938591239299,85,257,318,x,x
0.47959183673469385,0.9818262993310545,428,274,337,x,x
0.9775938591239297,0.6632653061224489,898,615,575,x,x
0.9775938591239297,0.7040816326530612,88,211,89,x,x
0.7653061224489796,0.9775938591239297,211,261,89,x,x
0.6632653061224489,0.9818262993310545,898,241,204,x,x
0.9775938591239297,0.8061224489795917,323,87,86,x,x
0.9775938591239297,0.846938775510204,502,239,503,x,x
0.8673469387755102,0.9818262993310545,291,354,405,x,x
0.7857142857142856,0.9818262993310545,90,261,322,x,x
0.9775938591239297,0.8877551020408163,92,212,93,x,x
0.9489795918367346,0.9818262993310545,162,300,163,x,x
0.9821428571428571,0.9285714285714285,159,301,243,x,x
0.017674927113702624,0.09183673469387754,264,94,93,x,x
0.09183673469387754,0.01767492711370262,95,213,96,x,x
0.05531069660398401,0.06574674523876331,304,132,131,x,x
0.01768085800488927,0.19387755102040816,264,93,212,x,x
0.05646796431526733,0.17076825502161783,158,367,301,x,x
0.1530612244897959,0.018173700668945483,90,89,261,x,x
0.036178043542759476,0.3571428571428571,240,171,241,x,x
0.01768085800488928,0.336734693877551,84,83,258,x,x
0.056467964315267336,0.2373950102845045,125,294,238,x,x
0.21428571428571425,0.022406140876070228,117,409,118,x,x
0.2755102040816326,0.018173700668945487,113,316,114,x,x
0.03617804354275958,0.5408163265306122,319,378,259,x,x
0.017680858004889253,0.5204081632653061,295,119,361,x,x
0.017680858004889267,0.3979591836734694,641,546,603,x,x
0.056467964315267336,0.4210684796722596,343,70,69,x,x
0.31632653061224486,0.9818262993310545,253,75,254,x,x
0.43877551020408156,0.9775938591239297,316,376,114,x,x
0.3979591836734694,0.9818262993310546,69,278,343,x,x
0.04459515209639539,0.6785100392317378,358,407,433,x,x
0.01768085800488916,0.5816326530612245,112,256,113,x,x
0.05646796431526746,0.6047419490600147,209,641,603,x,x
0.2551020408163265,0.9818262993310545,672,671,533,x,x
0.05646796431526738,0.7475990919171578,111,317,112,x,x
0.04459515209639539,0.9234079984154111,112,317,256,x,x
0.04459515209639536,0.8521022056662213,77,314,252,x,x
0.17346938775510204,0.9818262993310546,372,248,309,x,x
0.09183673469387754,0.9822664909019964,379,107,320,x,x
0.5816326530612245,0.01768085800488928,77,252,78,x,x
0.558523357062434,0.056467964315267384,377,111,110,x,x
0.9775938591239298,0.336734693877551,209,253,254,x,x
0.9818262993310545,0.37755102040816324,113,256,316,x,x
0.9818262993310545,0.4591836734693877,260,320,106,x,x
0.9638219564572404,0.5,152,310,153,x,x
0.9775938591239297,0.5204081632653061,373,250,207,x,x
0.9775938591239297,0.5612244897959183,105,260,106,x,x
0.31632653061224486,0.02240614087607028,103,102,324,x,x
0.3571428571428571,0.01817370066894547,370,140,305,x,x
0.4387755102040816,0.01817370066894547,251,416,208,x,x
0.6224489795918366,0.03617804354275958,324,102,263,x,x
0.6428571428571428,0.01768085800488928,549,373,207,x,x
0.7653061224489796,0.01768085800488928,321,105,104,x,x
0.742196826450189,0.056467964315267384,326,100,266,x,x
0.9818262993310546,0.31632653061224486,413,243,301,x,x
0.9775938591239297,0.11224489795918366,373,553,206,x,x
0.9818262993310546,0.21428571428571425,99,266,100,x,x
0.9445916432566097,0.0483344027025601,213,99,98,x,x
0.8700480715089944,0.05646796431526746,307,137,136,x,x
0.4591836734693877,0.9823191419951107,98,97,96,x,x
0.4822929694681783,0.9435320356847325,310,152,250,x,x
0.9818262993310545,0.6428571428571428,310,373,245,x,x
0.9818262993310546,0.7244897959183673,98,96,213,x,x
0.6684287362784663,0.9554048479036045,307,415,246,x,x
0.9818262993310545,0.7857142857142856,99,213,266,x,x
0.9818262993310545,0.8673469387755102,309,149,148,x,x
0.8700480715089944,0.9435320356847325,101,263,102,x,x
0.7830131529808014,0.9435320356847328,311,143,142,x,x
0.9445916432566097,0.9516655972974398,107,106,320,x,x
0.06408838949408534,0.0420438506465603,255,375,209,x,x
0.048100160807077866,0.09553576779203438,304,414,244,x,x
0.017673989167091692,0.21428571428571425,498,378,959,x,x
0.03817033574133451,0.18416232483825773,72,71,315,x,x
0.173469387755102,0.017680858004889274,225,33,281,x,x
0.15036009175631165,0.05646796431526739,44,286,45,x,x
0.056467964315267336,0.31362539787876076,407,123,122,x,x
0.29591836734693877,0.017680858004889263,121,120,360,x,x
0.2728090713481484,0.05646796431526746,441,409,436,x,x
0.056467964315267474,0.4972988672665158,361,119,118,x,x
0.017673989167091737,0.37755102040816324,199,223,341,x,x
0.03817033574133447,0.4076744098556198,392,428,454,x,x
0.29591836734693877,0.9823191419951107,410,297,239,x,x
0.3190276633457293,0.9435320356847325,177,363,178,x,x
0.3927957535174521,0.9554048479036048,172,299,173,x,x
0.017673989167091737,0.5612244897959183,364,411,298,x,x
0.038170335741334584,0.5913478792433747,299,240,411,x,x
0.25240090808284227,0.9435320356847327,174,364,298,x,x
0.07290226351362887,0.9451512216662783,242,205,412,x,x
0.17617052048858609,0.9435320356847327,354,291,167,x,x
0.6020408163265305,0.01767398916709171,367,158,157,x,x
0.571917426879074,0.03817033574133462,367,413,301,x,x
0.9554048479036046,0.3827144505641805,406,842,809,x,x
0.9823191419951107,0.47959183673469385,134,302,135,x,x
0.9435320356847325,0.45648254073590344,565,303,244,x,x
0.9818262993310545,0.5816326530612245,302,134,303,x,x
0.3623062872988744,0.04459515209639524,129,356,130,x,x
0.4414766429375658,0.05646796431526735,369,414,304,x,x
0.6659664388559333,0.05646796431526742,500,465,482,x,x
0.7555908962668291,0.03817033574133462,139,305,140,x,x
0.9435320356847327,0.3136253978787608,246,305,306,x,x
0.9554048479036049,0.20912228412969708,305,139,306,x,x
0.9610151482061462,0.063706014637497,371,136,135,x,x
0.4688988996515381,0.9618296642586653,307,371,415,x,x
0.9823191419951107,0.6224489795918366,155,206,308,x,x
0.9435320356847325,0.6455582755906271,472,308,206,x,x
0.9823191419951107,0.7448979591836734,148,208,309,x,x
0.9435320356847328,0.7217886631848832,372,309,208,x,x
0.9435320356847325,0.7884154184477699,373,310,250,x,x
0.9435320356847325,0.8646458060420259,245,153,310,x,x
0.9610151482061462,0.936293985362503,142,249,311,x,x
0.03817082309693184,0.22399403117255184,416,372,208,x,x
0.1637541615729516,0.03817033574133458,564,563,252,x,x
0.03817033574133447,0.3270194676954005,210,259,378,x,x
0.2862031411647884,0.038170335741334604,563,313,252,x,x
0.03817033574133462,0.5106929370831558,312,79,313,x,x
0.2755102040816326,0.9823260108329083,76,253,314,x,x
0.30563359352908914,0.9618296642586653,253,252,314,x,x
0.09665786047211926,0.9564196038520966,374,71,70,x,x
0.9618296642586653,0.4698766105525435,417,315,374,x,x
0.9435320356847325,0.5789315203277402,316,437,376,x,x
0.6525723690392932,0.03817033574133463,114,376,115,x,x
0.9823260108329083,0.6020408163265305,420,110,109,x,x
0.9618296642586653,0.632164205773987,377,317,111,x,x
0.9823260108329083,0.7653061224489796,382,318,257,x,x
0.9618296642586656,0.7351827330015229,87,323,262,x,x
0.26580188719479503,0.9618291769030681,80,312,319,x,x
0.961829176903068,0.592332499439693,378,319,312,x,x
0.961829176903068,0.775014439335817,439,377,420,x,x
0.09139729991029472,0.06563366069624577,107,379,108,x,x
0.07106314083931747,0.38193479700336747,380,104,103,x,x
0.07106314083931789,0.5656082663911225,380,423,321,x,x
0.597657039731326,0.07106314083931807,381,322,261,x,x
0.7724647037129567,0.06457327161333827,265,91,322,x,x
0.9293579227291439,0.08107007614822395,86,318,323,x,x
0.4430953264131691,0.9491853857704579,382,323,318,x,x
0.9293579227291439,0.918929923851776,423,324,263,x,x
0.06679982686379704,0.20407782771601793,104,380,321,x,x
0.18062796901907907,0.06457327161333795,383,325,264,x,x
0.06457327161333745,0.3438932751415279,213,95,325,x,x
0.31200671440315736,0.050814614229542185,266,213,424,x,x
0.06457327161333795,0.5275667445292832,263,101,326,x,x
0.9354267283866617,0.48675041799867097,267,214,329,x,x
0.6356985615931657,0.06457327161333834,217,4,327,x,x
0.28571428571428575,0.9331891047007069,190,218,328,x,x
0.9332001731362026,0.6122487028962269,443,384,328,x,x
0.9331891047007068,0.7551020408163265,443,847,329,x,x
0.08571797861204211,0.7062170474105208,267,329,385,x,x
0.0857179786120422,0.8243951974874387,331,387,216,x,x
0.6407217280996833,0.9142820213879576,9,386,10,x,x
0.9142820213879579,0.35500744238539755,197,217,385,x,x
0.9142820213879581,0.23682929230847918,474,273,336,x,x
0.4152270880270388,0.9303097797603959,388,187,186,x,x
0.33987495278928764,0.06969022023960417,388,426,332,x,x
0.10475579504024854,0.9086732927229104,508,577,335,x,x
0.0924992035007604,0.6483805945522986,395,276,340,x,x
0.3626663088380131,0.9075007964992403,271,219,427,x,x
0.9075007964992401,0.4128438952436197,333,16,334,x,x
0.8061224489795916,0.062989584939184,426,452,389,x,x
0.12069606919208621,0.2390519610850284,221,274,392,x,x
0.21428571428571425,0.06298958493918441,184,221,336,x,x
0.15112555653020024,0.11417721446070841,474,336,221,x,x
0.11417721446070847,0.4980643320404045,391,181,180,x,x
0.9370104150608156,0.5204081632653061,428,337,391,x,x
0.6652009740820453,0.11417721446070891,547,199,341,x,x
0.879305141693889,0.7900938929995402,429,222,393,x,x
0.2507224335310719,0.8793051416938888,275,222,429,x,x
0.6992014741855913,0.9047759573648755,338,25,339,x,x
0.9047759573648784,0.17834954622257373,394,18,17,x,x
0.45602112994899185,0.9000911749530013,395,341,223,x,x
0.3929144965693484,0.09452713794442594,453,333,427,x,x
0.2990809108673347,0.0999088250469985,411,575,504,x,x
0.07037953628688899,0.8985006719659544,396,62,430,x,x
0.3157833196213468,0.8951609667494491,348,440,430,x,x
0.8951410727681957,0.45974331037792876,255,417,375,x,x
0.11417721446070765,0.31439086265265,71,374,315,x,x
0.08881568971625492,0.2291656599831217,398,344,279,x,x
0.19960498372899474,0.10943542031311604,278,68,344,x,x
0.11987087580937783,0.16935927092080957,347,200,227,x,x
0.8793039308079134,0.577274569527216,397,224,277,x,x
0.7429622912240772,0.11417721446070905,399,27,26,x,x
0.9111818803205407,0.7801970007882836,400,347,227,x,x
0.8793051416938893,0.7201101886331124,339,275,429,x,x
0.2606193257423286,0.9111818803205407,278,344,398,x,x
0.6920442750721335,0.9350921730461167,401,283,228,x,x
0.7300951914833278,0.928072456824813,63,396,342,x,x
0.9350921730461184,0.1855067453360307,345,200,567,x,x
0.9280724568248145,0.14745582892483722,1063,462,561,x,x
0.3858307565311046,0.06452207766526578,486,576,506,x,x
0.41551472583610444,0.07335285431819359,432,353,290,x,x
0.45842793638812307,0.11093372631688939,561,229,230,x,x
0.4248588147366458,0.10597444797543909,350,486,402,x,x
0.09876837642870513,0.8657365069671233,403,352,289,x,x
0.8936051575532074,0.5055843654112837,284,57,352,x,x
0.0922181282510647,0.2745393276717218,290,235,402,x,x
0.08837089281277236,0.17912984040808086,288,53,353,x,x
0.1140059937465245,0.20427994422752704,365,165,164,x,x
0.9111843102837448,0.5871608706291229,237,405,355,x,x
0.7914417184228734,0.10943542031311763,300,435,366,x,x
0.9166300303479383,0.8265306122448979,292,357,406,x,x
0.9111818803205409,0.7300070808443693,356,292,809,x,x
0.8859158205213293,0.7551020408163264,131,369,304,x,x
0.8793174210153601,0.6472190313281946,406,357,293,x,x
0.2142857142857142,0.9166300303479383,292,128,357,x,x
0.2833986870010964,0.8866347532558656,359,122,121,x,x
0.4328519431612794,0.16796287924133177,294,358,433,x,x
0.08372901819794176,0.13179825599881118,408,433,456,x,x
0.17884315511016352,0.19721642554767813,407,358,123,x,x
0.906207781196149,0.546863176617115,477,360,295,x,x
0.9166300303479389,0.6836734693877552,359,121,360,x,x
0.8205795802632294,0.7608790570110828,436,116,418,x,x
0.9111905187928324,0.6373327302262877,418,115,376,x,x
0.8859323146933313,0.6122455233104254,274,428,392,x,x
0.28005393957187885,0.8250439643530904,181,391,337,x,x
0.394123864200936,0.1414471356731525,410,363,297,x,x
0.43759735268463,0.13584142555239656,296,178,363,x,x
0.14805974223234625,0.2157576502220933,173,299,364,x,x
0.8519573525407015,0.7433971196406941,411,364,299,x,x
0.8206264861547604,0.618005895655204,435,242,412,x,x
0.3092142042455987,0.8543466022696456,205,368,548,x,x
0.4921671240834913,0.16031445438270037,300,242,435,x,x
0.1963199251180018,0.2610575368078182,365,164,366,x,x
0.824675081271335,0.683655405908588,157,247,367,x,x
0.8519949991767816,0.6005643438959878,413,368,243,x,x
0.15727286775291896,0.25429936627126937,472,247,308,x,x
0.846808229874143,0.7096482119631383,566,465,1064,x,x
0.8053916829348582,0.5536773997064632,130,356,369,x,x
0.8066541738442298,0.7214201065266441,414,369,356,x,x
0.8593855904527122,0.6765187489208999,574,370,305,x,x
0.8432489809090667,0.5626532817522251,249,141,370,x,x
0.835847733464294,0.6500167969372845,135,302,371,x,x
0.7884267742480928,0.6529412401382314,415,371,302,x,x
0.5408163265306118,0.8914658693717216,416,251,311,x,x
0.08212324224638252,0.45918367346938765,448,372,416,x,x
0.7040816326530612,0.0821232422463816,372,448,549,x,x
0.9002948507804507,0.06734220155703279,415,500,246,x,x
0.8962030112893016,0.11363340033333402,70,343,374,x,x
0.8756147727951488,0.08848708925521853,449,417,343,x,x
0.8428286938312984,0.13633163678440532,224,397,569,x,x
0.8399687440698019,0.07819088443290287,429,455,338,x,x
0.8510185932901757,0.10678805797176857,316,256,419,x,x
0.9002948507804507,0.9326577984429673,409,361,118,x,x
0.8658944383518054,0.8844757214858119,420,109,438,x,x
0.900738859099417,0.8959693732335442,438,379,442,x,x
0.875650381940217,0.9134637792411309,312,313,563,x,x
0.833096259167549,0.9210911439469067,421,460,514,x,x
0.8939831981995642,0.8578855890149147,422,320,260,x,x
0.06011434234411682,0.8061224489795916,110,420,377,x,x
0.1022758544240612,0.7741202433199511,103,324,380,x,x
0.6224489795918365,0.9398856576558832,423,380,324,x,x
0.5816326530612246,0.9257537112573047,211,262,382,x,x
0.9398856576558832,0.2551020408163265,423,260,321,x,x
0.897724145575938,0.2871042464759673,499,210,498,x,x
0.06547842840903112,0.633996583054389,560,423,557,x,x
0.09641491088976711,0.6084531733713753,212,383,264,x,x
0.3482822973401035,0.9345215715909693,266,424,326,x,x
0.9345215715909692,0.4272279067415292,268,328,384,x,x
0.10562531300419763,0.5401376273587916,443,328,218,x,x
0.623127678763657,0.10562531300419895,329,384,443,x,x
0.10562531300419656,0.35646415797103653,331,520,509,x,x
0.9353207053661361,0.11439085897300573,330,387,425,x,x
0.47609963786725473,0.07556304725582795,272,10,386,x,x
0.06919638202236528,0.8687945355926482,387,451,425,x,x
0.0643702226979242,0.28496069676516045,335,220,425,x,x
0.08542632986295362,0.30618701919143704,186,273,388,x,x
0.16197932467432613,0.8788077687878647,426,389,270,x,x
0.9356929458709016,0.5503004458372553,221,392,474,x,x
0.7559465996553787,0.8616581688646787,849,847,848,x,x
0.34657956532141865,0.7880021783822407,335,451,490,x,x
0.5544990158508742,0.1270200017453436,271,427,334,x,x
0.18144555811835653,0.23081673179603818,180,362,391,x,x
0.2424913464819088,0.2195689849497047,454,428,362,x,x
0.21355467581810358,0.2338018950535741,410,296,363,x,x
0.21414901977351997,0.198478480474458,335,425,451,x,x
0.25325403438242666,0.2779821744332636,453,573,444,x,x
0.19801325888195967,0.15540472853109366,400,445,347,x,x
0.2657078294006821,0.1587806061538802,17,333,394,x,x
0.24552685267417,0.18590067036801547,395,394,333,x,x
0.23197740390807928,0.15474934432975945,394,395,340,x,x
0.3036937333744756,0.20811594274355924,444,395,333,x,x
0.25404068261047075,0.11327165129336299,430,62,61,x,x
0.27147736444923626,0.2052113427188844,401,440,283,x,x
0.2839487139942756,0.24700159440430097,431,397,277,x,x
0.16815554024671325,0.3076032063915781,449,483,375,x,x
0.8180408832370543,0.584649975750876,397,458,487,x,x
0.7715026855503921,0.6050355825406077,417,449,375,x,x
0.8366663424332149,0.5060939569551021,26,338,399,x,x
0.8698717034191249,0.5353935324604351,400,399,338,x,x
0.8563422274114773,0.6293462427256683,399,400,346,x,x
0.5408163265306121,0.930521992317608,445,400,338,x,x
0.10424783412746198,0.4165997841044703,403,228,284,x,x
0.8440051968057551,0.8332218047243708,431,458,397,x,x
0.10447477740497081,0.5747611634292189,486,350,202,x,x
0.16642802318703528,0.5594889776173151,288,353,432,x,x
0.14405845392648398,0.6020404988447957,432,468,899,x,x
0.13329762668813058,0.558388058851798,462,351,229,x,x
0.13587225968577243,0.5243798958491293,165,365,404,x,x
0.17167497212613167,0.4727627836948563,405,404,365,x,x
0.14649426668628673,0.4935222303587096,404,405,354,x,x
0.12483110094188157,0.45662777172299646,446,405,365,x,x
0.18718098533236166,0.5172227176302971,238,294,408,x,x
0.5208506175310714,0.08129207931208077,435,457,365,x,x
0.12804379532880944,0.8835399865451881,122,359,407,x,x
0.13837480127843188,0.8335805647722603,433,408,294,x,x
0.1497842312252627,0.9153995056223734,580,295,434,x,x
0.7336547614510344,0.8912195949800572,355,405,446,x,x
0.6923964270549832,0.8369216023553269,115,418,116,x,x
0.7764368072042253,0.9002952213954416,437,418,376,x,x
0.7206830170290233,0.8582521053084946,411,239,298,x,x
0.7443528194088077,0.7974425331278174,296,467,454,x,x
0.7410936423020179,0.8311853741827179,446,627,355,x,x
0.7928076954897535,0.8191515469176868,341,395,444,x,x
0.31854060330827805,0.8159049069969099,447,846,853,x,x
0.5674233083735537,0.09236641866130009,414,356,809,x,x
0.5901390971231344,0.12057532205808433,367,247,413,x,x
0.6320943989182366,0.16928239984068333,447,413,247,x,x
0.6182666138936245,0.13877010961076783,406,238,570,x,x
0.578599252513972,0.17513629137460884,302,465,415,x,x
0.25367775910111456,0.24770599005124486,303,565,302,x,x
0.2268820655014918,0.2624720331665912,413,447,368,x,x
0.2166876518689155,0.309980908733418,311,249,416,x,x
0.3627547568339494,0.2625612409475159,448,416,249,x,x
0.1451391271386816,0.34259002832018143,374,343,417,x,x
0.17313667932856622,0.27882340238682546,449,343,278,x,x
0.1382244838240724,0.28760184754405876,419,437,316,x,x
0.8296776236883405,0.5355700582044018,116,436,117,x,x
0.792628641024947,0.5112192703975442,256,421,523,x,x
0.5057673596781738,0.910993930844665,312,463,378,x,x
0.10105185423669817,0.38644298686710477,438,109,108,x,x
0.13476441431204061,0.37624778040500156,442,320,422,x,x
0.1996176801286865,0.37781040816949785,439,421,317,x,x
0.16741141819276736,0.3678831047072017,422,495,460,x,x
0.19356970613725372,0.34022571079158925,260,423,513,x,x
0.16887201197273946,0.42035022904536995,439,460,421,x,x
0.8644315256601625,0.8547993672427511,450,263,424,x,x
0.8250586733439326,0.8716145089755931,560,648,650,x,x
0.8759955015628108,0.8233953274478844,450,424,383,x,x
0.11023236344867737,0.8393871246853379,263,326,424,x,x
0.1139196442579416,0.8058191993193156,330,425,386,x,x
0.16429125365084768,0.7693284940746029,451,387,331,x,x
0.14826435688411443,0.8002167630124306,388,273,426,x,x
0.21103418505854774,0.813183895228544,452,426,273,x,x
0.18147797234262328,0.7978481581897611,453,427,390,x,x
0.22344210985570584,0.7531210151299593,333,334,427,x,x
0.1790162282773236,0.8387419932872211,391,362,428,x,x
0.182228237523583,0.9058842408153668,454,362,296,x,x
0.20013992023007696,0.8713794129458114,455,429,393,x,x
0.7597228297660354,0.9249559677823324,338,339,429,x,x
0.8018853797825198,0.9185430182556771,61,348,430,x,x
0.7713827986478603,0.7560543549397962,348,283,440,x,x
0.37535777576286633,0.8449601912984938,440,396,430,x,x
0.3255460484276747,0.2436677252877068,431,440,458,x,x
0.4935419214056603,0.8478347374123877,506,576,462,x,x
0.24029797597067917,0.3519853471173452,234,288,432,x,x
0.790276835521467,0.8682037395582896,407,359,433,x,x
0.8139841812625473,0.8422779881047695,456,433,359,x,x
0.2886247652638388,0.7578037120791443,459,434,441,x,x
0.34510327356247983,0.8695060536826505,434,295,361,x,x
0.35168496899737944,0.821171803474195,457,435,412,x,x
0.40000841621765254,0.7967562337912089,365,366,435,x,x
0.36414631967651173,0.19544984074239202,418,437,441,x,x
0.3139611027817143,0.3125690004928082,409,117,436,x,x
0.5100191771650469,0.8774081178388085,437,459,441,x,x
0.5468339588760514,0.8375192397135558,434,361,441,x,x
0.3128075056199845,0.7821045232142653,108,379,438,x,x
0.3389799162055812,0.7318762497884187,379,320,442,x,x
0.33619306798619164,0.2126316307676801,442,420,438,x,x
0.32623410919884444,0.1650996579859161,439,442,460,x,x
0.3655412467780012,0.22904889193412842,440,401,458,x,x
0.40996891865982055,0.2103759124120152,396,440,431,x,x
0.39997386085638265,0.24878392047284173,418,441,436,x,x
0.2901320133736909,0.2838238307869424,459,437,419,x,x
0.3305337802515017,0.2799309285432709,442,422,460,x,x
0.3743986958581711,0.322730876723389,420,442,439,x,x
0.345769813367761,0.30819395075032346,389,848,218,x,x
0.33685619981432585,0.36120752192157124,845,848,389,x,x
0.4730581925708484,0.24729839662726205,333,453,444,x,x
0.272153263317329,0.3229772745053556,457,572,446,x,x
0.3932810295253511,0.2878653185808988,445,338,455,x,x
0.4363065293900575,0.23773437556991536,1005,449,466,x,x
0.3007103361787792,0.3485142379964973,446,365,457,x,x
0.24292242288007085,0.32287237207858677,464,809,842,x,x
0.4456468790422207,0.3387712662425514,501,305,246,x,x
0.4654024021879488,0.20132248435164002,809,810,414,x,x
0.44308509117314826,0.28708121413683474,574,249,370,x,x
0.2962815772479977,0.4189375247554096,246,500,501,x,x
0.4122848976701644,0.32070323298489084,398,466,278,x,x
0.30842746345833366,0.38435045104909815,569,398,224,x,x
0.36366786062278034,0.42317529351121774,450,555,557,x,x
0.26473554045196657,0.38843339214302075,423,263,450,x,x
0.33057235404898305,0.4115531984958358,389,452,845,x,x
0.32651733901917757,0.4760334492204561,485,392,454,x,x
0.31945146173964956,0.4432214617515499,273,474,452,x,x
0.26481779832206015,0.4721533066644443,492,509,520,x,x
0.39623946998403403,0.37585961959994424,508,490,473,x,x
0.27094119765981145,0.3578562125064788,454,467,971,x,x
0.23204380064352487,0.3839360103960536,410,467,296,x,x
0.2423186364377229,0.4303154152403672,502,410,239,x,x
0.20972221233286079,0.4132089469779351,393,199,547,x,x
0.208809987812098,0.4545567171269496,573,453,578,x,x
0.39461327818174846,0.34547448357401045,359,477,456,x,x
0.42237638855212845,0.3592247051527226,209,603,253,x,x
0.3681283252972485,0.3621280245810003,205,548,412,x,x
0.47026993856825056,0.39025014579002154,548,853,854,x,x
0.42996197347869075,0.39999397169265277,468,506,616,x,x
0.3560510454533483,0.39193217710496764,805,349,280,x,x
0.26768165270360955,0.41695048251708094,460,515,514,x,x
0.2800831126924948,0.44526955364350207,599,1018,598,x,x
0.29580106947919166,0.4719705336261059,422,513,495,x,x
0.3039567757223197,0.5284534637308297,378,498,210,x,x
0.2804920071413852,0.5030113220696911,347,445,568,x,x
0.24712249289880384,0.5573289544529098,517,497,401,x,x
0.2334382637634201,0.5075022534917575,349,805,806,x,x
0.27146744251054405,0.5348761037313629,402,468,432,x,x
0.299097678046771,0.5892594088000276,1006,1007,912,x,x
0.396603042252194,0.41097871151099097,421,514,523,x,x
0.43275542124267485,0.46462252405797577,408,456,488,x,x
0.39317634782292266,0.4522921382808386,883,457,412,x,x
0.4222443981952718,0.43270219633450274,816,976,465,x,x
0.4570098668842019,0.4236405812479691,447,247,472,x,x
0.5228319334937833,0.4304518126065109,470,569,487,x,x
0.49088146015845724,0.4177635813524058,819,461,805,x,x
0.5293494305829094,0.36746832181813543,528,505,529,x,x
0.487446918736504,0.4729838235945248,390,578,453,x,x
0.5172083791471683,0.39804093137984764,468,486,506,x,x
0.5774757076620699,0.4042773614863506,618,403,899,x,x
0.3911075120891284,0.5286201098059389,570,488,471,x,x
0.3578568873540463,0.45857554967104097,398,470,1006,x,x
0.3816967938752651,0.4901730132736873,458,401,497,x,x
0.4192191283841276,0.5013639313545977,567,568,469,x,x
0.347550558950136,0.5189062888423269,456,477,507,x,x
0.4562284564079707,0.49413470323953984,601,895,507,x,x
0.45015649139595537,0.5613973068453351,549,551,373,x,x
0.4255959835458969,0.5360659650387883,858,846,512,x,x
0.39606049284509426,0.5892749254362392,520,197,385,x,x
0.40276994355636225,0.5581974075273116,467,410,502,x,x
0.35668859759996174,0.5645117439966857,886,845,491,x,x
0.504954056037481,0.5324386537185934,890,392,485,x,x
0.48670728195303326,0.5055066187898786,491,452,474,x,x
0.5379987115158121,0.4904032857579767,331,509,451,x,x
0.47149890304481706,0.535457697169554,505,503,411,x,x
0.4918353831571609,0.5739397901957725,852,571,455,x,x
0.571964785802045,0.5764450099728675,459,511,434,x,x
0.451884645691354,0.6311757050493909,511,522,580,x,x
0.5322533853302004,0.5638920797008016,843,1025,968,x,x
0.46246922435261284,0.5960029648483693,883,572,457,x,x
0.5107705077660055,0.6297173188137973,257,210,499,x,x
0.4280309278202698,0.6048183889229235,994,999,541,x,x
0.48108829691605054,0.6207850123234347,808,653,562,x,x
0.4823190263814876,0.6704786831660152,518,458,497,x,x
0.3932335363616247,0.6602831083321997,532,891,598,x,x
0.39848837219038336,0.624931947860525,649,605,648,x,x
0.3390768822003367,0.6341667591805833,1064,465,565,x,x
0.3656286072247686,0.609258194403508,501,482,975,x,x
0.3695949311870593,0.6400920903180898,533,487,518,x,x
0.3516031925314037,0.6850888327989622,543,493,537,x,x
0.33210239156728966,0.6001262548168831,411,504,505,x,x
0.5421838902753358,0.527699462142719,505,484,503,x,x
0.5187535994386491,0.5959044787031404,484,505,970,x,x
0.5589120630373017,0.6232345594599665,884,521,885,x,x
0.6062071328636307,0.5016322065599302,576,202,351,x,x
0.5705193536314286,0.5056368995364007,402,486,468,x,x
0.5744174748165073,0.4549859514824864,487,458,518,x,x
0.5925120681481657,0.540606762402766,908,533,518,x,x
0.5638073539732719,0.5479587271723023,507,488,456,x,x
0.6684507362446476,0.5453970562136012,597,636,489,x,x
0.6311569576480494,0.5322925909972639,530,473,510,x,x
0.6730344486932087,0.47273324225428615,573,642,444,x,x
0.6306470865264768,0.5933627279939374,451,509,510,x,x
0.6604951133797893,0.5084187271029287,638,900,538,x,x
0.6051272736698226,0.5716488379921282,392,890,889,x,x
0.5951611978096489,0.6092150835807145,591,587,592,x,x
0.6413460046355821,0.5629148557155123,845,886,475,x,x
0.6805067628927183,0.5937790036134188,490,510,473,x,x
0.6364874252310336,0.47993698345839897,419,256,523,x,x
0.7265246655346023,0.511574696989544,539,542,851,x,x
0.6018892936549813,0.680484537553226,512,447,472,x,x
0.6051592733764349,0.4681907944169344,863,864,862,x,x
0.6028189303081505,0.43125232607873676,422,260,513,x,x
0.6379664897209096,0.37283830137475976,515,495,479,x,x
0.612154820148171,0.39708859785276207,650,648,605,x,x
0.5835713448630779,0.3464415060145155,525,459,419,x,x
0.6593315328237657,0.4214408830689262,401,228,517,x,x
0.6075332576023904,0.3663075379708686,497,480,518,x,x
0.6307692955205352,0.31389666099261015,959,378,463,x,x
0.6939810345929229,0.5001393612381955,498,481,499,x,x
0.729402774650639,0.4513585787082661,499,481,619,x,x
0.6309944901825942,0.6417845957167027,257,499,661,x,x
0.5884744075023459,0.6457986462766313,465,500,415,x,x
0.5413960598609976,0.683943428989066,500,482,501,x,x
0.5575148223619504,0.6557127549291499,550,549,448,x,x
0.06033778947702404,0.7193059989922729,249,574,448,x,x
0.08561827018524594,0.7371749668250785,503,239,411,x,x
0.1377829374467991,0.7218638570935111,502,484,969,x,x
0.11639845519307737,0.7455249045868503,240,575,411,x,x
0.9396622105229759,0.3419184908036456,484,502,503,x,x
0.9143817298147542,0.32404952297084,529,504,918,x,x
0.859452024729274,0.33935172714361417,584,530,521,x,x
0.8825867959706121,0.31615710686882464,529,505,504,x,x
0.8299017472192467,0.2867428497014948,970,505,528,x,x
0.8638077285450344,0.2879027689887194,652,651,462,x,x
0.8489109547956263,0.22721685797565447,618,659,403,x,x
0.8799627858314922,0.2533904907711058,295,580,477,x,x
0.847801057013542,0.25966064426954644,537,532,598,x,x
0.7908421229561962,0.24147120853847587,489,573,578,x,x
0.07631710185708997,0.6757990408144832,577,390,198,x,x
0.11540113656804737,0.6803815768421192,520,331,197,x,x
0.1340947178180894,0.642807734934623,509,492,510,x,x
0.21134564914869736,0.6400870723498345,510,490,451,x,x
0.1638226092673742,0.6810349288839805,884,475,886,x,x
0.17233649961893463,0.6305530222398137,459,525,526,x,x
0.20236052062506757,0.5922790891857433,511,493,522,x,x
0.18609456344265127,0.6588322485095733,553,373,551,x,x
0.231950132462537,0.6942228694602931,816,566,814,x,x
0.19702658859809008,0.6920704445362311,558,555,381,x,x
0.21274016421834316,0.7215115072200968,479,495,513,x,x
0.24921153623303652,0.726779911752618,515,460,495,x,x
0.18992831258525905,0.7468512725120234,523,514,851,x,x
0.2913145928744212,0.6836028817413027,1004,531,515,x,x
0.26333613644432513,0.6984367671102162,514,515,496,x,x
0.25317100839144746,0.6551570400540195,515,531,496,x,x
0.2931238540630747,0.7208176377733742,511,526,493,x,x
0.3210531343254671,0.7008084481806295,616,579,618,x,x
0.3217810220384504,0.665247137069559,497,517,909,x,x
0.2895366521556226,0.6461902977530981,579,616,617,x,x
0.2618866501867988,0.612278442752121,480,908,518,x,x
0.26831971660829185,0.5810917627680501,919,575,615,x,x
0.23601859543988873,0.5906856476635851,526,537,493,x,x
0.9236828981429102,0.385425448981435,847,520,385,x,x
0.8845988634319526,0.38084291295379935,520,847,849,x,x
0.8571802859517481,0.4246609156769185,586,535,584,x,x
0.17362183629855224,0.09398169850694912,538,473,530,x,x
0.7654585709924304,0.0939816985069502,601,493,543,x,x
0.0818101501405574,0.09804920155953446,507,477,522,x,x
0.11982889455646668,0.09166803490915687,851,514,496,x,x
0.11839205759299477,0.12667776533240058,525,523,516,x,x
0.34905721320861777,0.1191331484571887,581,619,622,x,x
0.886723292793025,0.6903734486123982,531,539,496,x,x
0.0854363431266599,0.4891055773674853,523,525,419,x,x
0.7340035365511589,0.08543634312666007,525,516,526,x,x
0.7040816326530612,0.12173085668890367,526,511,459,x,x
0.7369124858130338,0.1868787173537221,544,532,602,x,x
0.6767429310776747,0.15860911387905577,606,608,568,x,x
0.7296845943139704,0.1496747867102395,709,703,667,x,x
0.7704172601855441,0.1446786297225575,595,585,591,x,x
0.7064784439315188,0.17348729676431235,971,969,850,x,x
0.6979561704103058,0.23413416758522645,919,504,575,x,x
0.6746541671811402,0.19993748010229284,528,529,519,x,x
0.806855620146704,0.14252334787229284,885,510,492,x,x
0.8322873634717525,0.18268321883099004,584,538,530,x,x
0.7908367103059748,0.18079994509997394,1004,515,479,x,x
0.6367808915595018,0.2507822172234238,516,542,544,x,x
0.810226625336914,0.2111338472330329,676,546,641,x,x
0.7626421236146255,0.17290616481212007,993,881,921,x,x
0.7671405748988451,0.2111376910580536,533,527,626,x,x
0.6644946467888644,0.23189775614311597,487,533,671,x,x
0.6779865960587912,0.2814755611572799,1002,1017,1043,x,x
0.6294979234236595,0.2103163578794056,600,895,601,x,x
0.7430916671154323,0.2543552036965554,585,586,587,x,x
0.5700591793367027,0.24190234662642357,633,586,632,x,x
0.6071076514335902,0.18830045850295732,539,531,541,x,x
0.5970320089834632,0.22094088873100237,536,539,541,x,x
0.6022095027222786,0.2554380018778666,602,526,516,x,x
0.5648002685540285,0.20730046748163583,598,543,537,x,x
0.6232971538176779,0.281341424435469,637,538,535,x,x
0.566411428713759,0.2955166694736104,900,508,473,x,x
0.5208400667573692,0.231682260944127,541,531,524,x,x
0.5341192841054039,0.17509570960690024,542,539,536,x,x
0.5987613161744366,0.30410806656467565,544,545,532,x,x
0.6741597287549637,0.08543634312666,631,993,628,x,x
0.15902173146846182,0.16282810137705456,622,624,581,x,x
0.14295052063384628,0.1870995860643087,563,564,961,x,x
0.1773086938677808,0.13167560455947003,544,542,536,x,x
0.28349722591669657,0.12996989960523106,516,523,851,x,x
0.2258686705707999,0.1248929989343493,639,543,540,x,x
0.2271878171190334,0.09261079900209049,522,601,507,x,x
0.2708439085464766,0.08732111468098658,545,544,536,x,x
0.7926343297043533,0.6245125009434687,532,537,602,x,x
0.7636572200094339,0.634749520938037,625,910,911,x,x
0.7437930974709913,0.6877549671154005,1008,1045,912,x,x
0.724865743623686,0.6086145834147515,487,671,470,x,x
0.8649195031460434,0.4816769877709178,541,524,663,x,x
0.820376176354558,0.4586898991979317,604,341,444,x,x
0.1630320514860872,0.5315934988579858,852,547,613,x,x
0.5009714853465969,0.058927855616584604,853,548,368,x,x
0.12405794146370937,0.9335395193285455,883,548,854,x,x
0.11920832392511356,0.2670282615939953,372,549,207,x,x
0.1542048061572393,0.44741584029448317,448,574,550,x,x
0.13645460237539997,0.4202897944520659,512,472,553,x,x
0.22989830950829418,0.846832748071356,549,550,551,x,x
0.24614583603918827,0.815611903431176,550,975,554,x,x
0.23056035359470645,0.7859045864725897,472,206,553,x,x
0.27159198455265476,0.7897989860731058,974,975,482,x,x
0.25565130881233916,0.7607815560989138,566,816,465,x,x
0.2609987197272792,0.8498017760403955,551,554,553,x,x
0.22329470759628275,0.8889773624236729,553,554,512,x,x
0.7935037139332644,0.7837291616517036,550,554,551,x,x
0.8288629623545345,0.7981609281213145,512,554,552,x,x
0.41008574399378706,0.880724592754053,558,557,555,x,x
0.294514338659329,0.1758922938892598,383,555,450,x,x
0.36218847286855244,0.15904121820040568,381,559,558,x,x
0.3953516374050051,0.17745048566557559,621,662,661,x,x
0.4362709562454768,0.19718706728099264,560,557,556,x,x
0.46336238906895677,0.1707527443572492,423,450,557,x,x
0.4685874921415833,0.1402086974135541,559,381,211,x,x
0.49795156860157697,0.11361785220715274,556,557,558,x,x
0.5284466226892542,0.11094650751298027,382,662,211,x,x
0.5263744323918024,0.14345516505338884,619,621,661,x,x
0.20527460716592213,0.48840208638425125,560,556,648,x,x
0.2159289365447397,0.5391033979212343,423,560,513,x,x
0.5022620885518623,0.3100568769480674,1063,201,349,x,x
0.4622973158588122,0.45443812138701484,462,229,561,x,x
0.32166487666999977,0.5050098659380596,461,819,820,x,x
0.3523512529223154,0.48995526945479245,654,656,658,x,x
0.3306444760743612,0.546012017305138,252,253,564,x,x
0.42536162663378735,0.5761105539352563,463,312,563,x,x
0.4367522559870568,0.6743284837623242,603,564,253,x,x
0.5486430934835653,0.5951544479082141,963,965,677,x,x
0.5415410907766991,0.4576129051237377,1064,244,414,x,x
0.7597532917431723,0.5442490688157987,465,302,565,x,x
0.6553779976907351,0.6173974756669581,896,1026,1000,x,x
0.6924846802760132,0.6316999073392577,814,566,812,x,x
0.5150872362616844,0.6630406668036649,568,567,347,x,x
0.5064554931862987,0.7009127351926653,567,469,819,x,x
0.5540076751611356,0.7543680678765972,455,571,445,x,x
0.4627767025247294,0.7107652321366934,606,568,445,x,x
0.5377701700809785,0.7209343127143705,487,569,397,x,x
0.5729863123814715,0.7057130914140072,398,569,470,x,x
0.49389295034713765,0.7629036592403824,488,570,408,x,x
0.6321610693029399,0.7443358269200182,570,471,842,x,x
0.5077184274368096,0.7334370404846935,609,571,610,x,x
0.608020496520267,0.7166792863620571,445,571,606,x,x
0.6549690024902145,0.6901097813667906,631,628,630,x,x
0.5936302168637593,0.7536041987973479,919,918,504,x,x
0.628242865825509,0.8127721112915047,637,597,638,x,x
0.574668159245281,0.7980355491942497,341,604,547,x,x
0.6198695943375822,0.7779624065877413,305,501,574,x,x
0.6782456720865199,0.780240797387431,550,574,501,x,x
0.6486537215450342,0.7894504757982973,898,240,241,x,x
0.6718810114462523,0.8119365983413603,615,204,355,x,x
0.7077077805017847,0.8026438492752976,202,576,486,x,x
0.6507860306943577,0.8501730800500567,462,576,351,x,x
0.7198022245218905,0.7561642843822531,335,577,198,x,x
0.6807659301280349,0.8723564268335456,578,508,489,x,x
0.5972124850912135,0.8569697996642031,390,577,578,x,x
0.668536538746257,0.9007622393424863,508,578,577,x,x
0.6420518589369898,0.8816463797724297,506,462,651,x,x
0.606620547413783,0.8965472326962514,660,659,579,x,x
0.6224969405125292,0.8417297760471292,511,580,434,x,x
0.5946730282228936,0.8241621217074595,477,580,522,x,x
0.5737413613850467,0.8937096773348615,959,960,957,x,x
0.5659839477796079,0.8628867291974998,650,911,479,x,x
0.17193353824231697,0.5895389207755402,608,821,568,x,x
0.8854794356657693,0.43211878420869243,908,904,527,x,x
0.8368209915826071,0.38143391651604985,627,446,628,x,x
0.3621734965066647,0.09112316386544599,583,627,628,x,x
0.3774774365186721,0.11840061436048249,587,586,584,x,x
0.3287590521878563,0.0973287050937542,535,538,584,x,x
0.3169572286025052,0.1286654308102617,680,681,674,x,x
0.6498116764843241,0.1418899131251942,588,632,596,x,x
0.8676852726546376,0.16635900045823368,587,584,521,x,x
0.8740953108903815,0.1357509966836946,586,585,632,x,x
0.8765150331397348,0.20240774972087566,521,589,587,x,x
0.7307288676523038,0.22146615765453248,590,591,592,x,x
0.7787076166855671,0.29142648005131244,682,683,684,x,x
0.7102404737984359,0.26719842518984893,476,612,610,x,x
0.739456274270885,0.2934923958318196,589,521,884,x,x
0.7627442442403063,0.3620412399160825,594,590,592,x,x
0.7607674210526826,0.3244826111651791,915,914,528,x,x
0.8079272427294998,0.32868084037217116,585,587,591,x,x
0.6985511063493459,0.3465885796988609,592,587,589,x,x
0.7329433134627057,0.34477841477121796,590,913,595,x,x
0.7221479620755538,0.3977686881087935,491,888,589,x,x
0.5392319310804561,0.2667362093845034,890,887,594,x,x
0.5335519404964041,0.2993242665247402,635,665,682,x,x
0.5535487884941003,0.32820450492254466,596,632,595,x,x
0.4908134329456449,0.22071647239784886,592,888,594,x,x
0.5348483281080927,0.20511819368535333,491,889,888,x,x
0.505004438027867,0.19082280701788093,590,595,591,x,x
0.556376550848126,0.15617333714346907,595,593,596,x,x
0.7682577402318053,0.7175945729428835,593,680,665,x,x
0.732292115828948,0.7221330290736908,683,916,693,x,x
0.6860342429930878,0.7244634179128528,634,535,633,x,x
0.7077276052774955,0.6948022898537976,637,634,597,x,x
0.7193741954495614,0.6585967342110223,891,532,545,x,x
0.7775558511215779,0.6850225819599984,540,543,598,x,x
0.850703616044506,0.45457332935915984,999,1042,545,x,x
0.8122417826957465,0.4879862883830713,897,607,609,x,x
0.76977814957488,0.4720338866516149,699,701,704,x,x
0.20192155433682624,0.775037155901422,1066,781,788,x,x
0.8510688787260794,0.775273902431635,493,601,522,x,x
0.42732449647272985,0.9039962955937579,601,543,639,x,x
0.3939131630508061,0.9074606197216435,526,602,537,x,x
0.37825405324304473,0.8797290507063851,516,544,602,x,x
0.41930529150713625,0.8370292369251562,641,209,375,x,x
0.19661353384225472,0.5624937587969127,603,546,964,x,x
0.46754538115230654,0.3117774563680383,636,573,489,x,x
0.4834040807051547,0.28065814250886917,613,612,476,x,x
0.4868308918199053,0.34980205844990375,649,556,559,x,x
0.5080836152436164,0.260727060690051,581,624,625,x,x
0.4965212159074757,0.37738401716812864,609,606,571,x,x
0.42316583683731773,0.6453345049043685,609,608,606,x,x
0.3996678556736327,0.7231533036720805,902,642,643,x,x
0.7595755751770321,0.5111964728739395,712,713,647,x,x
0.7777516138496232,0.5722989564314622,678,582,626,x,x
0.7413036693651186,0.575886633836077,653,656,654,x,x
0.6308462536524254,0.671967703823731,610,571,476,x,x
0.6609686843501489,0.6570237242862889,608,609,607,x,x
0.6898678846664079,0.6690811680250861,901,612,613,x,x
0.528073384371055,0.7947411247195322,609,610,897,x,x
0.7456194499882123,0.7687492301263251,665,686,685,x,x
0.8608999603273786,0.3965010357168892,614,897,612,x,x
0.81639206848092,0.41746361210299726,852,613,476,x,x
0.7886394628362614,0.440951279183577,612,611,614,x,x
0.7783303595347268,0.40063040407467254,547,604,613,x,x
0.8004307288046296,0.36926190413178617,643,647,902,x,x
0.7558081361481165,0.42786714471389214,647,645,644,x,x
0.7507418168469677,0.3893311937241609,1046,1047,679,x,x
0.7710699312427347,0.26311981298190495,627,615,355,x,x
0.8006836221317032,0.27031319832255557,919,920,921,x,x
0.8053590256529464,0.30060910318628936,616,506,651,x,x
0.8371576524981856,0.3172708234357308,579,659,618,x,x
0.8302222158821216,0.3507588425076101,617,652,654,x,x
0.5219914452475816,0.3358441258262137,658,617,654,x,x
0.6905185606815492,0.7535220683991445,899,403,234,x,x
0.6602581549568269,0.7558004158585067,468,616,618,x,x
0.6544504665829073,0.7218013083156258,481,957,622,x,x
0.735255850236138,0.6350489004605896,619,581,621,x,x
0.7497184955008026,0.6597507219134703,962,948,955,x,x
0.7391916799937907,0.4820032930613036,677,546,676,x,x
0.4528518262895831,0.7961957937050397,669,668,625,x,x
0.44376143153577413,0.8650097078579734,211,662,559,x,x
0.36744749812209326,0.7144602297034632,481,622,619,x,x
0.3735440111301959,0.7559218185785777,620,954,624,x,x
0.4074781981058543,0.6905896192486571,931,785,773,x,x
0.7042364539910992,0.5621728741212606,910,663,524,x,x
0.6967704481816952,0.531542686264577,620,624,622,x,x
0.5168024598694212,0.8251868832139109,625,624,623,x,x
0.48330405252629777,0.8140510813158823,1024,910,623,x,x
0.453545117209066,0.8317802472668369,669,625,911,x,x
0.5247222182149566,0.7640722630277164,906,670,678,x,x
0.42656075338554433,0.8087932042673603,626,582,672,x,x
0.4261948861788001,0.7742959023880265,628,446,572,x,x
0.4588801903820306,0.7616843626882726,627,583,920,x,x
0.43140648135217574,0.7391417928060796,572,973,630,x,x
0.4039640300550505,0.7533758513203654,572,630,628,x,x
0.43225466494095793,0.7085513245228459,883,854,478,x,x
0.7286004195000164,0.5426970591810582,639,640,600,x,x
0.49982511518645945,0.7908015825462419,973,572,478,x,x
0.0705500532774602,0.776096962873568,629,874,630,x,x
0.9294499467225394,0.2851275269223504,464,843,811,x,x
0.5628762391460511,0.37349948962119417,596,593,665,x,x
0.6343844181687326,0.4454070778340442,632,588,633,x,x
0.692845287115215,0.43996414592186145,595,632,585,x,x
0.17230835530511912,0.7167178535926886,633,588,634,x,x
0.6787428530537198,0.38391074296367833,586,633,535,x,x
0.694400878448706,0.4097720639122221,596,685,588,x,x
0.6598294588614303,0.3402584425534067,643,636,645,x,x
0.6619534044753971,0.30871882468725903,682,684,635,x,x
0.6972981764610493,0.31118035726343857,740,750,744,x,x
0.7248190889033166,0.3176901364557506,667,646,634,x,x
x,x,643,642,573,x,x
x,x,634,637,535,x,x
x,x,638,597,489,x,x
x,x,900,489,508,x,x
x,x,538,637,638,x,x
x,x,640,639,540,x,x
x,x,601,639,600,x,x
x,x,1061,1017,933,x,x
x,x,738,739,734,x,x
x,x,375,483,641,x,x
x,x,676,483,666,x,x
x,x,643,573,636,x,x
x,x,604,444,642,x,x
x,x,646,597,634,x,x
x,x,613,902,901,x,x
x,x,588,691,695,x,x
x,x,667,644,646,x,x
x,x,646,636,597,x,x
x,x,710,644,667,x,x
x,x,644,645,646,x,x
x,x,646,645,636,x,x
x,x,901,611,612,x,x
x,x,643,645,647,x,x
x,x,649,648,556,x,x
x,x,605,911,650,x,x
x,x,662,649,559,x,x
x,x,668,621,581,x,x
x,x,479,513,650,x,x
x,x,560,650,513,x,x
x,x,652,462,562,x,x
x,x,616,651,617,x,x
x,x,654,562,653,x,x
x,x,617,651,652,x,x
x,x,562,806,808,x,x
x,x,626,906,678,x,x
x,x,562,654,652,x,x
x,x,655,1003,905,x,x
x,x,903,904,908,x,x
x,x,660,909,659,x,x
x,x,653,831,1003,x,x
x,x,656,655,658,x,x
x,x,1068,829,831,x,x
x,x,726,923,614,x,x
x,x,658,903,660,x,x
x,x,579,617,658,x,x
x,x,660,579,658,x,x
x,x,403,659,517,x,x
x,x,903,658,655,x,x
x,x,660,903,909,x,x
x,x,257,661,382,x,x
x,x,619,661,499,x,x
x,x,661,662,382,x,x
x,x,662,621,668,x,x
x,x,760,773,804,x,x
x,x,541,663,994,x,x
x,x,673,664,672,x,x
x,x,912,1045,1005,x,x
x,x,681,593,913,x,x
x,x,665,635,686,x,x
x,x,912,664,1008,x,x
x,x,677,949,963,x,x
x,x,588,685,691,x,x
x,x,701,703,709,x,x
x,x,625,668,581,x,x
x,x,662,668,649,x,x
x,x,605,649,669,x,x
x,x,668,669,649,x,x
x,x,825,822,824,x,x
x,x,722,705,926,x,x
x,x,672,533,626,x,x
x,x,671,664,1007,x,x
x,x,673,672,582,x,x
x,x,671,672,664,x,x
x,x,679,582,678,x,x
x,x,747,749,740,x,x
x,x,519,916,915,x,x
x,x,680,682,665,x,x
x,x,635,684,692,x,x
x,x,688,689,675,x,x
x,x,483,676,641,x,x
x,x,676,666,1051,x,x
x,x,763,757,762,x,x
x,x,757,759,762,x,x
x,x,906,626,527,x,x
x,x,679,678,670,x,x
x,x,821,608,824,x,x
x,x,675,694,691,x,x
x,x,681,680,593,x,x
x,x,680,674,682,x,x
x,x,594,887,590,x,x
x,x,454,971,485,x,x
x,x,683,674,915,x,x
x,x,682,674,683,x,x
x,x,690,693,697,x,x
x,x,992,991,880,x,x
x,x,692,700,687,x,x
x,x,688,675,686,x,x
x,x,665,685,596,x,x
x,x,691,685,675,x,x
x,x,635,692,688,x,x
x,x,685,686,675,x,x
x,x,684,683,693,x,x
x,x,733,732,718,x,x
x,x,635,688,686,x,x
x,x,689,688,687,x,x
x,x,687,700,714,x,x
x,x,720,710,703,x,x
x,x,810,812,566,x,x
x,x,692,687,688,x,x
x,x,694,675,689,x,x
x,x,691,667,695,x,x
x,x,698,684,693,x,x
x,x,684,698,692,x,x
x,x,683,915,916,x,x
x,x,693,690,698,x,x
x,x,694,689,701,x,x
x,x,691,694,709,x,x
x,x,667,634,695,x,x
x,x,588,695,634,x,x
x,x,735,738,734,x,x
x,x,696,717,715,x,x
x,x,917,697,916,x,x
x,x,631,874,877,x,x
x,x,1013,880,987,x,x
x,x,700,698,696,x,x
x,x,687,714,716,x,x
x,x,704,706,699,x,x
x,x,698,700,692,x,x
x,x,719,702,704,x,x
x,x,716,719,689,x,x
x,x,701,699,703,x,x
x,x,718,708,715,x,x
x,x,706,705,722,x,x
x,x,720,721,711,x,x
x,x,667,703,710,x,x
x,x,719,701,689,x,x
x,x,702,741,706,x,x
x,x,729,732,731,x,x
x,x,722,926,724,x,x
x,x,702,706,704,x,x
x,x,706,722,721,x,x
x,x,707,722,724,x,x
x,x,922,611,713,x,x
x,x,714,700,715,x,x
x,x,715,708,714,x,x
x,x,691,709,667,x,x
x,x,701,709,694,x,x
x,x,703,699,720,x,x
x,x,710,711,712,x,x
x,x,611,901,713,x,x
x,x,710,712,644,x,x
x,x,712,711,713,x,x
x,x,647,644,712,x,x
x,x,711,707,713,x,x
x,x,707,726,922,x,x
x,x,715,700,696,x,x
x,x,716,714,708,x,x
x,x,696,698,1010,x,x
x,x,715,717,718,x,x
x,x,708,729,719,x,x
x,x,687,716,689,x,x
x,x,925,735,737,x,x
x,x,732,925,730,x,x
x,x,744,926,927,x,x
x,x,719,729,702,x,x
x,x,719,704,701,x,x
x,x,708,719,716,x,x
x,x,721,720,699,x,x
x,x,710,720,711,x,x
x,x,706,721,699,x,x
x,x,711,721,707,x,x
x,x,729,731,702,x,x
x,x,707,721,722,x,x
x,x,836,679,835,x,x
x,x,726,725,923,x,x
x,x,727,724,723,x,x
x,x,922,726,614,x,x
x,x,727,728,840,x,x
x,x,839,728,838,x,x
x,x,707,724,726,x,x
x,x,726,724,727,x,x
x,x,728,727,723,x,x
x,x,726,727,725,x,x
x,x,742,927,741,x,x
x,x,826,828,823,x,x
x,x,708,718,729,x,x
x,x,729,718,732,x,x
x,x,925,732,733,x,x
x,x,723,926,928,x,x
x,x,742,731,743,x,x
x,x,706,741,705,x,x
x,x,733,718,717,x,x
x,x,731,732,730,x,x
x,x,1010,1012,696,x,x
x,x,746,754,755,x,x
x,x,753,751,752,x,x
x,x,733,717,735,x,x
x,x,1014,738,735,x,x
x,x,735,734,737,x,x
x,x,877,874,875,x,x
x,x,798,793,797,x,x
x,x,932,739,776,x,x
x,x,740,743,747,x,x
x,x,1014,735,717,x,x
x,x,738,736,1065,x,x
x,x,793,794,797,x,x
x,x,778,777,756,x,x
x,x,743,740,742,x,x
x,x,745,754,747,x,x
x,x,702,731,741,x,x
x,x,742,741,731,x,x
x,x,743,731,730,x,x
x,x,742,740,744,x,x
x,x,745,730,925,x,x
x,x,743,730,745,x,x
x,x,749,750,740,x,x
x,x,744,928,926,x,x
x,x,754,745,752,x,x
x,x,761,765,748,x,x
x,x,745,737,752,x,x
x,x,929,759,761,x,x
x,x,745,747,743,x,x
x,x,929,749,747,x,x
x,x,746,755,759,x,x
x,x,748,765,767,x,x
x,x,929,747,746,x,x
x,x,749,748,750,x,x
x,x,764,768,765,x,x
x,x,928,728,723,x,x
x,x,734,932,737,x,x
x,x,948,952,953,x,x
x,x,753,752,737,x,x
x,x,754,752,751,x,x
x,x,775,777,778,x,x
x,x,751,758,755,x,x
x,x,755,754,751,x,x
x,x,754,746,747,x,x
x,x,771,758,751,x,x
x,x,930,763,939,x,x
x,x,776,775,753,x,x
x,x,663,910,1024,x,x
x,x,758,772,755,x,x
x,x,1015,764,765,x,x
x,x,771,751,753,x,x
x,x,931,773,772,x,x
x,x,755,772,762,x,x
x,x,761,759,757,x,x
x,x,760,772,773,x,x
x,x,937,763,936,x,x
x,x,757,763,930,x,x
x,x,748,749,929,x,x
x,x,755,762,759,x,x
x,x,763,762,760,x,x
x,x,804,773,802,x,x
x,x,769,1048,1046,x,x
x,x,767,770,750,x,x
x,x,765,761,1015,x,x
x,x,1015,761,757,x,x
x,x,768,767,765,x,x
x,x,769,768,764,x,x
x,x,835,670,830,x,x
x,x,770,767,766,x,x
x,x,750,748,767,x,x
x,x,930,1048,764,x,x
x,x,766,767,768,x,x
x,x,833,835,830,x,x
x,x,766,768,769,x,x
x,x,838,770,766,x,x
x,x,770,728,928,x,x
x,x,775,771,753,x,x
x,x,758,771,778,x,x
x,x,931,758,756,x,x
x,x,762,772,760,x,x
x,x,784,756,777,x,x
x,x,763,760,936,x,x
x,x,783,781,799,x,x
x,x,1018,1019,933,x,x
x,x,753,932,776,x,x
x,x,775,774,777,x,x
x,x,1066,791,792,x,x
x,x,775,776,791,x,x
x,x,774,780,777,x,x
x,x,784,780,786,x,x
x,x,758,778,756,x,x
x,x,775,778,771,x,x
x,x,780,783,779,x,x
x,x,756,784,785,x,x
x,x,788,783,780,x,x
x,x,780,779,786,x,x
x,x,781,783,788,x,x
x,x,739,794,792,x,x
x,x,787,782,786,x,x
x,x,945,946,1040,x,x
x,x,788,780,774,x,x
x,x,796,1067,781,x,x
x,x,780,784,777,x,x
x,x,784,782,785,x,x
x,x,801,1020,802,x,x
x,x,801,785,782,x,x
x,x,787,786,779,x,x
x,x,784,786,782,x,x
x,x,1061,1019,1049,x,x
x,x,892,599,891,x,x
x,x,774,791,788,x,x
x,x,776,792,791,x,x
x,x,640,540,933,x,x
x,x,799,1050,783,x,x
x,x,938,941,947,x,x
x,x,773,785,802,x,x
x,x,775,791,774,x,x
x,x,792,776,739,x,x
x,x,1065,797,739,x,x
x,x,1066,788,791,x,x
x,x,864,858,862,x,x
x,x,796,1066,794,x,x
x,x,797,1065,795,x,x
x,x,794,793,796,x,x
x,x,873,987,880,x,x
x,x,869,871,861,x,x
x,x,870,1072,878,x,x
x,x,799,800,1043,x,x
x,x,739,797,794,x,x
x,x,798,797,795,x,x
x,x,876,879,873,x,x
x,x,858,867,857,x,x
x,x,800,799,781,x,x
x,x,1061,1050,789,x,x
x,x,981,985,982,x,x
x,x,1025,471,967,x,x
x,x,782,934,801,x,x
x,x,935,1021,934,x,x
x,x,801,802,785,x,x
x,x,804,790,941,x,x
x,x,942,1054,1062,x,x
x,x,944,939,937,x,x
x,x,790,804,802,x,x
x,x,804,803,936,x,x
x,x,345,805,225,x,x
x,x,806,805,461,x,x
x,x,461,807,808,x,x
x,x,1063,806,562,x,x
x,x,820,807,461,x,x
x,x,823,807,820,x,x
x,x,461,808,806,x,x
x,x,653,808,807,x,x
x,x,406,809,292,x,x
x,x,810,809,464,x,x
x,x,812,464,811,x,x
x,x,1064,810,566,x,x
x,x,464,842,843,x,x
x,x,980,1073,979,x,x
x,x,464,812,810,x,x
x,x,1035,814,812,x,x
x,x,983,981,982,x,x
x,x,860,861,859,x,x
x,x,1035,812,811,x,x
x,x,814,813,817,x,x
x,x,817,818,815,x,x
x,x,863,974,976,x,x
x,x,817,816,814,x,x
x,x,976,816,815,x,x
x,x,817,813,1033,x,x
x,x,816,817,815,x,x
x,x,1071,1072,1073,x,x
x,x,494,857,854,x,x
x,x,567,819,345,x,x
x,x,820,819,469,x,x
x,x,821,469,568,x,x
x,x,821,820,469,x,x
x,x,824,608,966,x,x
x,x,820,821,823,x,x
x,x,838,837,832,x,x
x,x,1068,823,828,x,x
x,x,824,823,821,x,x
x,x,828,826,822,x,x
x,x,966,608,607,x,x
x,x,826,824,822,x,x
x,x,1009,614,923,x,x
x,x,840,841,725,x,x
x,x,822,827,828,x,x
x,x,823,824,826,x,x
x,x,832,833,834,x,x
x,x,657,829,830,x,x
x,x,827,829,828,x,x
x,x,831,653,1068,x,x
x,x,830,829,827,x,x
x,x,831,829,657,x,x
x,x,827,833,830,x,x
x,x,907,830,670,x,x
x,x,657,905,1003,x,x
x,x,1068,653,807,x,x
x,x,834,833,827,x,x
x,x,836,837,769,x,x
x,x,834,827,822,x,x
x,x,833,832,835,x,x
x,x,825,841,822,x,x
x,x,838,766,837,x,x
x,x,836,835,832,x,x
x,x,679,670,835,x,x
x,x,837,836,832,x,x
x,x,836,769,1046,x,x
x,x,838,832,834,x,x
x,x,769,837,766,x,x
x,x,839,838,834,x,x
x,x,838,728,770,x,x
x,x,839,834,822,x,x
x,x,840,839,841,x,x
x,x,727,840,725,x,x
x,x,728,839,840,x,x
x,x,822,841,839,x,x
x,x,825,1009,841,x,x
x,x,570,842,406,x,x
x,x,843,842,471,x,x
x,x,488,967,471,x,x
x,x,488,507,895,x,x
x,x,1001,600,640,x,x
x,x,844,1000,1026,x,x
x,x,845,475,848,x,x
x,x,452,491,845,x,x
x,x,846,494,853,x,x
x,x,447,512,846,x,x
x,x,329,847,385,x,x
x,x,848,847,443,x,x
x,x,848,443,218,x,x
x,x,848,475,849,x,x
x,x,884,849,475,x,x
x,x,492,520,849,x,x
x,x,850,970,914,x,x
x,x,887,485,972,x,x
x,x,539,851,496,x,x
x,x,516,851,542,x,x
x,x,852,476,571,x,x
x,x,393,547,852,x,x
x,x,853,368,447,x,x
x,x,854,853,494,x,x
x,x,857,494,858,x,x
x,x,478,854,856,x,x
x,x,861,860,869,x,x
x,x,629,630,973,x,x
x,x,859,854,857,x,x
x,x,854,859,856,x,x
x,x,494,846,858,x,x
x,x,857,855,859,x,x
x,x,552,862,512,x,x
x,x,512,862,858,x,x
x,x,859,855,977,x,x
x,x,861,856,859,x,x
x,x,977,868,872,x,x
x,x,868,1032,872,x,x
x,x,870,865,869,x,x
x,x,629,856,861,x,x
x,x,552,863,862,x,x
x,x,864,868,867,x,x
x,x,974,863,552,x,x
x,x,866,815,818,x,x
x,x,866,864,863,x,x
x,x,857,867,855,x,x
x,x,878,882,876,x,x
x,x,871,629,861,x,x
x,x,815,866,863,x,x
x,x,868,866,818,x,x
x,x,858,864,867,x,x
x,x,864,866,868,x,x
x,x,818,1032,868,x,x
x,x,855,867,868,x,x
x,x,870,869,860,x,x
x,x,869,865,871,x,x
x,x,860,977,872,x,x
x,x,872,980,979,x,x
x,x,865,876,875,x,x
x,x,630,874,631,x,x
x,x,1032,1033,978,x,x
x,x,870,860,979,x,x
x,x,875,876,873,x,x
x,x,991,992,881,x,x
x,x,629,871,874,x,x
x,x,875,874,871,x,x
x,x,865,875,871,x,x
x,x,875,873,877,x,x
x,x,865,878,876,x,x
x,x,798,882,878,x,x
x,x,873,880,991,x,x
x,x,881,877,991,x,x
x,x,870,878,865,x,x
x,x,795,989,882,x,x
x,x,988,879,989,x,x
x,x,696,1012,717,x,x
x,x,987,873,879,x,x
x,x,697,990,690,x,x
x,x,921,920,583,x,x
x,x,631,877,881,x,x
x,x,795,882,798,x,x
x,x,876,882,879,x,x
x,x,883,478,572,x,x
x,x,412,548,883,x,x
x,x,885,521,530,x,x
x,x,884,492,849,x,x
x,x,510,885,530,x,x
x,x,492,884,885,x,x
x,x,491,589,886,x,x
x,x,884,886,589,x,x
x,x,485,971,972,x,x
x,x,887,972,913,x,x
x,x,589,888,592,x,x
x,x,889,491,474,x,x
x,x,392,889,474,x,x
x,x,594,888,889,x,x
x,x,887,890,485,x,x
x,x,889,890,594,x,x
x,x,892,891,545,x,x
x,x,598,891,599,x,x
x,x,541,999,536,x,x
x,x,789,1017,1061,x,x
x,x,956,1024,954,x,x
x,x,787,935,934,x,x
x,x,892,1041,599,x,x
x,x,998,893,997,x,x
x,x,896,895,600,x,x
x,x,1000,967,488,x,x
x,x,896,1001,1002,x,x
x,x,968,811,843,x,x
x,x,612,897,610,x,x
x,x,1009,897,614,x,x
x,x,240,898,575,x,x
x,x,204,615,898,x,x
x,x,432,899,234,x,x
x,x,468,618,899,x,x
x,x,538,900,473,x,x
x,x,489,900,638,x,x
x,x,902,613,604,x,x
x,x,713,901,647,x,x
x,x,902,604,642,x,x
x,x,647,901,902,x,x
x,x,903,655,904,x,x
x,x,909,903,480,x,x
x,x,655,905,904,x,x
x,x,907,905,657,x,x
x,x,1003,655,656,x,x
x,x,905,907,906,x,x
x,x,527,904,906,x,x
x,x,905,906,904,x,x
x,x,830,907,657,x,x
x,x,670,906,907,x,x
x,x,908,527,533,x,x
x,x,480,903,908,x,x
x,x,497,909,480,x,x
x,x,659,909,517,x,x
x,x,911,910,524,x,x
x,x,623,910,625,x,x
x,x,524,531,1004,x,x
x,x,911,605,669,x,x
x,x,912,1005,1006,x,x
x,x,664,673,1008,x,x
x,x,595,913,593,x,x
x,x,887,913,590,x,x
x,x,674,681,914,x,x
x,x,850,914,681,x,x
x,x,914,915,674,x,x
x,x,519,915,528,x,x
x,x,917,916,519,x,x
x,x,693,916,697,x,x
x,x,529,917,519,x,x
x,x,992,917,534,x,x
x,x,534,917,918,x,x
x,x,529,918,917,x,x
x,x,920,919,615,x,x
x,x,534,918,919,x,x
x,x,627,920,615,x,x
x,x,993,921,583,x,x
x,x,881,534,921,x,x
x,x,919,921,534,x,x
x,x,611,922,614,x,x
x,x,707,922,713,x,x
x,x,1009,725,841,x,x
x,x,1009,825,966,x,x
x,x,1010,698,1011,x,x
x,x,988,989,1037,x,x
x,x,735,925,733,x,x
x,x,745,925,737,x,x
x,x,724,926,723,x,x
x,x,927,926,705,x,x
x,x,741,927,705,x,x
x,x,742,744,927,x,x
x,x,744,750,928,x,x
x,x,928,750,770,x,x
x,x,759,929,746,x,x
x,x,748,929,761,x,x
x,x,939,763,937,x,x
x,x,1060,1058,1016,x,x
x,x,758,931,772,x,x
x,x,785,931,756,x,x
x,x,737,932,753,x,x
x,x,739,932,734,x,x
x,x,540,1018,933,x,x
x,x,599,1019,1018,x,x
x,x,782,787,934,x,x
x,x,935,787,894,x,x
x,x,894,599,1041,x,x
x,x,996,997,995,x,x
x,x,804,936,760,x,x
x,x,937,936,803,x,x
x,x,937,803,940,x,x
x,x,1057,1044,1056,x,x
x,x,941,940,803,x,x
x,x,947,941,945,x,x
x,x,940,944,937,x,x
x,x,679,836,1046,x,x
x,x,803,804,941,x,x
x,x,944,940,1054,x,x
x,x,945,941,790,x,x
x,x,938,940,941,x,x
x,x,938,949,1023,x,x
x,x,1053,1045,1008,x,x
x,x,790,1020,945,x,x
x,x,950,947,943,x,x
x,x,1054,940,938,x,x
x,x,939,944,942,x,x
x,x,790,802,1020,x,x
x,x,945,943,947,x,x
x,x,1021,946,1020,x,x
x,x,998,997,1022,x,x
x,x,952,948,950,x,x
x,x,938,947,949,x,x
x,x,948,953,955,x,x
x,x,949,677,1023,x,x
x,x,950,949,947,x,x
x,x,948,962,963,x,x
x,x,952,950,1039,x,x
x,x,950,948,963,x,x
x,x,995,997,893,x,x
x,x,953,954,620,x,x
x,x,1039,950,943,x,x
x,x,953,952,951,x,x
x,x,954,953,951,x,x
x,x,953,620,955,x,x
x,x,956,954,951,x,x
x,x,954,623,624,x,x
x,x,957,955,620,x,x
x,x,463,961,960,x,x
x,x,996,1038,1039,x,x
x,x,663,995,994,x,x
x,x,622,957,620,x,x
x,x,959,957,481,x,x
x,x,955,957,960,x,x
x,x,961,564,964,x,x
x,x,498,959,481,x,x
x,x,959,463,960,x,x
x,x,463,563,961,x,x
x,x,962,960,958,x,x
x,x,564,603,964,x,x
x,x,958,960,961,x,x
x,x,960,962,955,x,x
x,x,963,962,958,x,x
x,x,963,958,965,x,x
x,x,963,949,950,x,x
x,x,965,546,677,x,x
x,x,958,961,964,x,x
x,x,958,964,965,x,x
x,x,546,965,964,x,x
x,x,1009,966,607,x,x
x,x,824,966,825,x,x
x,x,1000,488,895,x,x
x,x,967,844,1025,x,x
x,x,1026,896,1027,x,x
x,x,796,793,1069,x,x
x,x,502,969,467,x,x
x,x,970,969,484,x,x
x,x,914,970,528,x,x
x,x,969,970,850,x,x
x,x,969,971,467,x,x
x,x,971,850,972,x,x
x,x,850,681,972,x,x
x,x,913,972,681,x,x
x,x,478,856,973,x,x
x,x,629,973,856,x,x
x,x,975,974,552,x,x
x,x,976,974,482,x,x
x,x,554,975,552,x,x
x,x,975,550,501,x,x
x,x,465,976,482,x,x
x,x,863,976,815,x,x
x,x,859,977,860,x,x
x,x,868,977,855,x,x
x,x,1034,982,978,x,x
x,x,982,980,978,x,x
x,x,860,872,979,x,x
x,x,872,1032,980,x,x
x,x,1029,968,1026,x,x
x,x,984,1071,1073,x,x
x,x,968,1025,1026,x,x
x,x,1069,986,1070,x,x
x,x,1034,983,982,x,x
x,x,981,1031,985,x,x
x,x,1035,983,1034,x,x
x,x,968,1036,811,x,x
x,x,1071,793,798,x,x
x,x,985,1074,982,x,x
x,x,1029,1028,981,x,x
x,x,984,1073,1074,x,x
x,x,800,1067,1070,x,x
x,x,984,985,986,x,x
x,x,879,988,987,x,x
x,x,1013,988,924,x,x
x,x,882,989,879,x,x
x,x,1013,924,1011,x,x
x,x,1065,989,795,x,x
x,x,1037,989,736,x,x
x,x,917,992,697,x,x
x,x,1013,990,880,x,x
x,x,873,991,877,x,x
x,x,992,880,990,x,x
x,x,697,992,990,x,x
x,x,534,881,992,x,x
x,x,628,993,583,x,x
x,x,631,881,993,x,x
x,x,663,1024,995,x,x
x,x,999,994,893,x,x
x,x,995,956,996,x,x
x,x,893,994,995,x,x
x,x,1038,996,956,x,x
x,x,1040,996,1039,x,x
x,x,996,946,997,x,x
x,x,946,1021,1022,x,x
x,x,1041,935,894,x,x
x,x,998,1041,1042,x,x
x,x,999,893,1042,x,x
x,x,536,999,545,x,x
x,x,967,1000,844,x,x
x,x,895,896,1000,x,x
x,x,1002,1001,640,x,x
x,x,896,600,1001,x,x
x,x,1017,640,933,x,x
x,x,985,1031,986,x,x
x,x,653,1003,656,x,x
x,x,657,1003,831,x,x
x,x,479,911,1004,x,x
x,x,524,1004,911,x,x
x,x,449,1005,483,x,x
x,x,1006,1005,466,x,x
x,x,398,1006,466,x,x
x,x,1007,1006,470,x,x
x,x,671,1007,470,x,x
x,x,664,912,1007,x,x
x,x,1055,1008,673,x,x
x,x,1045,483,1005,x,x
x,x,1009,607,897,x,x
x,x,1009,923,725,x,x
x,x,1011,698,690,x,x
x,x,1012,1010,924,x,x
x,x,990,1013,690,x,x
x,x,924,1010,1011,x,x
x,x,1037,1012,924,x,x
x,x,1014,736,738,x,x
x,x,988,1013,987,x,x
x,x,690,1013,1011,x,x
x,x,717,1012,1014,x,x
x,x,736,1014,1012,x,x
x,x,757,930,1015,x,x
x,x,764,1015,930,x,x
x,x,1062,1057,942,x,x
x,x,1047,582,679,x,x
x,x,1043,1017,789,x,x
x,x,1002,640,1017,x,x
x,x,598,1018,540,x,x
x,x,1019,599,894,x,x
x,x,787,1049,894,x,x
x,x,779,1049,787,x,x
x,x,1021,1020,801,x,x
x,x,945,1020,946,x,x
x,x,934,1021,801,x,x
x,x,935,998,1022,x,x
x,x,946,1022,997,x,x
x,x,935,1022,1021,x,x
x,x,1051,1023,677,x,x
x,x,1023,1062,1054,x,x
x,x,954,1024,623,x,x
x,x,995,1024,956,x,x
x,x,1025,843,471,x,x
x,x,1026,1025,844,x,x
x,x,1027,896,1002,x,x
x,x,1026,1028,1029,x,x
x,x,800,1030,1002,x,x
x,x,986,1031,1030,x,x
x,x,1026,1027,1028,x,x
x,x,1028,1027,1030,x,x
x,x,981,983,1029,x,x
x,x,1036,1029,983,x,x
x,x,1002,1030,1027,x,x
x,x,986,1030,800,x,x
x,x,981,1028,1031,x,x
x,x,1030,1031,1028,x,x
x,x,1033,1032,818,x,x
x,x,980,1032,978,x,x
x,x,817,1033,818,x,x
x,x,1034,1033,813,x,x
x,x,1033,1034,978,x,x
x,x,1035,1034,813,x,x
x,x,814,1035,813,x,x
x,x,1036,1035,811,x,x
x,x,1029,1036,968,x,x
x,x,1035,1036,983,x,x
x,x,1012,1037,736,x,x
x,x,988,1037,924,x,x
x,x,956,951,1038,x,x
x,x,1039,1038,951,x,x
x,x,952,1039,951,x,x
x,x,1039,943,1040,x,x
x,x,945,1040,943,x,x
x,x,946,996,1040,x,x
x,x,1042,1041,892,x,x
x,x,935,1041,998,x,x
x,x,1042,892,545,x,x
x,x,998,1042,893,x,x
x,x,799,1043,789,x,x
x,x,800,1002,1043,x,x
x,x,1055,1056,1044,x,x
x,x,1051,1052,1062,x,x
x,x,1053,1044,1052,x,x
x,x,666,483,1045,x,x
x,x,1048,769,764,x,x
x,x,1046,1016,1047,x,x
x,x,1059,1047,1016,x,x
x,x,673,582,1047,x,x
x,x,1060,930,939,x,x
x,x,1046,1048,1016,x,x
x,x,1049,779,1050,x,x
x,x,894,1049,1019,x,x
x,x,783,1050,779,x,x
x,x,789,1050,799,x,x
x,x,676,1051,677,x,x
x,x,1052,1051,666,x,x
x,x,1053,666,1045,x,x
x,x,1044,1057,1062,x,x
x,x,1053,1008,1055,x,x
x,x,666,1053,1052,x,x
x,x,944,1054,942,x,x
x,x,938,1023,1054,x,x
x,x,1056,1055,673,x,x
x,x,1053,1055,1044,x,x
x,x,1059,673,1047,x,x
x,x,1056,1058,1057,x,x
x,x,1056,1059,1058,x,x
x,x,939,942,1057,x,x
x,x,1060,1016,1048,x,x
x,x,939,1057,1058,x,x
x,x,1058,1059,1016,x,x
x,x,673,1059,1056,x,x
x,x,930,1060,1048,x,x
x,x,939,1058,1060,x,x
x,x,1019,1061,933,x,x
x,x,1050,1061,1049,x,x
x,x,1051,1062,1023,x,x
x,x,1044,1062,1052,x,x
x,x,201,1063,561,x,x
x,x,806,1063,349,x,x
x,x,244,1064,565,x,x
x,x,810,1064,414,x,x
x,x,738,1065,739,x,x
x,x,989,1065,736,x,x
x,x,794,1066,792,x,x
x,x,781,1066,796,x,x
x,x,796,1069,1070,x,x
x,x,800,781,1067,x,x
x,x,823,1068,807,x,x
x,x,829,1068,828,x,x
x,x,1071,1069,793,x,x
x,x,986,1069,984,x,x
x,x,800,1070,986,x,x
x,x,796,1070,1067,x,x
x,x,1072,1071,798,x,x
x,x,1069,1071,984,x,x
x,x,878,1072,798,x,x
x,x,1072,870,1073,x,x
x,x,979,1073,870,x,x
x,x,1074,1073,980,x,x
x,x,982,1074,980,x,x
x,x,984,1074,985,x,x
